"DatasetWebUrl","DatasetId","DatasetIsRefreshable","DatasetCreatedDate","DatasetIsOnPremGatewayRequired","DatasetName","DatasetTargetStorageMode","DatasetIsEffectiveIdentityRolesRequired","DatasetDescription","DatasetQueryScaleOutSettings","DatasetAddRowsAPIEnabled","DatasetConfiguredBy","DatasetIsEffectiveIdentityRequired","createReportEmbedURL","qnaEmbedURL","upstreamDatasets","users","WorkspaceId","WorkspaceName"
"https://app.powerbigov.us/groups/8c51e69e-fdf2-46f5-8ab7-d02ef0bc912d/datasets/5bfcab80-6adf-40c8-a113-d8ae5431ba47","5bfcab80-6adf-40c8-a113-d8ae5431ba47","True","2020-12-14T21:52:20.717Z","False","New AGG data","Abf","False",,"@{autoSyncReadOnlyReplicas=True; maxReadOnlyReplicas=0}","False","aakelly@nd.gov","False","https://app.powerbigov.us/reportEmbed?config=eyJjbHVzdGVyVXJsIjoiaHR0cHM6Ly9XQUJJLVVTLUdPVi1JT1dBLXJlZGlyZWN0LmFuYWx5c2lzLnVzZ292Y2xvdWRhcGkubmV0IiwiZW1iZWRGZWF0dXJlcyI6eyJ1c2FnZU1ldHJpY3NWTmV4dCI6dHJ1ZX19","https://app.powerbigov.us/qnaEmbed?config=eyJjbHVzdGVyVXJsIjoiaHR0cHM6Ly9XQUJJLVVTLUdPVi1JT1dBLXJlZGlyZWN0LmFuYWx5c2lzLnVzZ292Y2xvdWRhcGkubmV0IiwiZW1iZWRGZWF0dXJlcyI6eyJ1c2FnZU1ldHJpY3NWTmV4dCI6dHJ1ZX19","System.Object[]","System.Object[]","8c51e69e-fdf2-46f5-8ab7-d02ef0bc912d","DOH-Data Stage Test"
"https://app.powerbigov.us/groups/8c51e69e-fdf2-46f5-8ab7-d02ef0bc912d/datasets/808013ef-6cb3-48c4-b28a-1496eba15957","808013ef-6cb3-48c4-b28a-1496eba15957","True","2022-11-25T14:35:09.52Z","True","MCH FAD Dash","Abf","False",,"@{autoSyncReadOnlyReplicas=True; maxReadOnlyReplicas=0}","False","codycooper@nd.gov","False","https://app.powerbigov.us/reportEmbed?config=eyJjbHVzdGVyVXJsIjoiaHR0cHM6Ly9XQUJJLVVTLUdPVi1JT1dBLXJlZGlyZWN0LmFuYWx5c2lzLnVzZ292Y2xvdWRhcGkubmV0IiwiZW1iZWRGZWF0dXJlcyI6eyJ1c2FnZU1ldHJpY3NWTmV4dCI6dHJ1ZX19","https://app.powerbigov.us/qnaEmbed?config=eyJjbHVzdGVyVXJsIjoiaHR0cHM6Ly9XQUJJLVVTLUdPVi1JT1dBLXJlZGlyZWN0LmFuYWx5c2lzLnVzZ292Y2xvdWRhcGkubmV0IiwiZW1iZWRGZWF0dXJlcyI6eyJ1c2FnZU1ldHJpY3NWTmV4dCI6dHJ1ZX19","System.Object[]","System.Object[]","8c51e69e-fdf2-46f5-8ab7-d02ef0bc912d","DOH-Data Stage Test"
"https://app.powerbigov.us/groups/8c51e69e-fdf2-46f5-8ab7-d02ef0bc912d/datasets/a353a8b8-9463-435c-bc10-2b1434748f71","a353a8b8-9463-435c-bc10-2b1434748f71","True","2025-03-04T23:08:11.113Z","False","ReportCardView","Abf","False",,"@{autoSyncReadOnlyReplicas=True; maxReadOnlyReplicas=0}","False","bschram@nd.gov","False","https://app.powerbigov.us/reportEmbed?config=eyJjbHVzdGVyVXJsIjoiaHR0cHM6Ly9XQUJJLVVTLUdPVi1JT1dBLXJlZGlyZWN0LmFuYWx5c2lzLnVzZ292Y2xvdWRhcGkubmV0IiwiZW1iZWRGZWF0dXJlcyI6eyJ1c2FnZU1ldHJpY3NWTmV4dCI6dHJ1ZX19","https://app.powerbigov.us/qnaEmbed?config=eyJjbHVzdGVyVXJsIjoiaHR0cHM6Ly9XQUJJLVVTLUdPVi1JT1dBLXJlZGlyZWN0LmFuYWx5c2lzLnVzZ292Y2xvdWRhcGkubmV0IiwiZW1iZWRGZWF0dXJlcyI6eyJ1c2FnZU1ldHJpY3NWTmV4dCI6dHJ1ZX19","System.Object[]","System.Object[]","8c51e69e-fdf2-46f5-8ab7-d02ef0bc912d","DOH-Data Stage Test"
"https://app.powerbigov.us/groups/e22d3b5d-fc1f-4e7f-ab97-ee365c2a45a6/datasets/9876882d-ae36-49c4-99a1-4e3e9dfe9071","9876882d-ae36-49c4-99a1-4e3e9dfe9071","True","2025-11-19T17:53:57.113Z","True","Hospital Discharge Views","Abf","False","Inpatient and Outpatient data from 2018-2024. Contains six tables IPPAT, IPCODES, IPCHG, OPPAT, OPCODES, OPCHG. These tables are person details, codes, and charges. ","@{autoSyncReadOnlyReplicas=True; maxReadOnlyReplicas=0}","False","zrohrbach@nd.gov","False","https://app.powerbigov.us/reportEmbed?config=eyJjbHVzdGVyVXJsIjoiaHR0cHM6Ly9XQUJJLVVTLUdPVi1JT1dBLXJlZGlyZWN0LmFuYWx5c2lzLnVzZ292Y2xvdWRhcGkubmV0IiwiZW1iZWRGZWF0dXJlcyI6eyJ1c2FnZU1ldHJpY3NWTmV4dCI6dHJ1ZX19","https://app.powerbigov.us/qnaEmbed?config=eyJjbHVzdGVyVXJsIjoiaHR0cHM6Ly9XQUJJLVVTLUdPVi1JT1dBLXJlZGlyZWN0LmFuYWx5c2lzLnVzZ292Y2xvdWRhcGkubmV0IiwiZW1iZWRGZWF0dXJlcyI6eyJ1c2FnZU1ldHJpY3NWTmV4dCI6dHJ1ZX19","System.Object[]","System.Object[]","e22d3b5d-fc1f-4e7f-ab97-ee365c2a45a6","DOH-Data Stage Prod"
"https://app.powerbigov.us/groups/df79e3d9-7c63-4c16-a103-30110fba7302/datasets/fcd03b96-d7ba-41a1-aef0-afda59eca6d1","fcd03b96-d7ba-41a1-aef0-afda59eca6d1","False","2021-02-22T16:06:57.677Z","False","Report Usage Metrics Model","Abf","False",,"@{autoSyncReadOnlyReplicas=True; maxReadOnlyReplicas=0}","False","mbenz@nd.gov","False","https://app.powerbigov.us/reportEmbed?config=eyJjbHVzdGVyVXJsIjoiaHR0cHM6Ly9XQUJJLVVTLUdPVi1JT1dBLXJlZGlyZWN0LmFuYWx5c2lzLnVzZ292Y2xvdWRhcGkubmV0IiwiZW1iZWRGZWF0dXJlcyI6eyJ1c2FnZU1ldHJpY3NWTmV4dCI6dHJ1ZX19","https://app.powerbigov.us/qnaEmbed?config=eyJjbHVzdGVyVXJsIjoiaHR0cHM6Ly9XQUJJLVVTLUdPVi1JT1dBLXJlZGlyZWN0LmFuYWx5c2lzLnVzZ292Y2xvdWRhcGkubmV0IiwiZW1iZWRGZWF0dXJlcyI6eyJ1c2FnZU1ldHJpY3NWTmV4dCI6dHJ1ZX19","System.Object[]","System.Object[]","df79e3d9-7c63-4c16-a103-30110fba7302","DOH-PBIDashBoards"
"https://app.powerbigov.us/groups/df79e3d9-7c63-4c16-a103-30110fba7302/datasets/76a52d1f-2b89-4d29-bae7-b3ef544ca294","76a52d1f-2b89-4d29-bae7-b3ef544ca294","True","2021-02-22T16:08:03.787Z","False","Usage Metrics Report","PremiumFiles","False",,"@{autoSyncReadOnlyReplicas=True; maxReadOnlyReplicas=0}","False","bschram@nd.gov","False","https://app.powerbigov.us/reportEmbed?config=eyJjbHVzdGVyVXJsIjoiaHR0cHM6Ly9XQUJJLVVTLUdPVi1JT1dBLXJlZGlyZWN0LmFuYWx5c2lzLnVzZ292Y2xvdWRhcGkubmV0IiwiZW1iZWRGZWF0dXJlcyI6eyJ1c2FnZU1ldHJpY3NWTmV4dCI6dHJ1ZX19","https://app.powerbigov.us/qnaEmbed?config=eyJjbHVzdGVyVXJsIjoiaHR0cHM6Ly9XQUJJLVVTLUdPVi1JT1dBLXJlZGlyZWN0LmFuYWx5c2lzLnVzZ292Y2xvdWRhcGkubmV0IiwiZW1iZWRGZWF0dXJlcyI6eyJ1c2FnZU1ldHJpY3NWTmV4dCI6dHJ1ZX19","System.Object[]","System.Object[]","df79e3d9-7c63-4c16-a103-30110fba7302","DOH-PBIDashBoards"
"https://app.powerbigov.us/groups/df79e3d9-7c63-4c16-a103-30110fba7302/datasets/297a02d6-d9d3-4d0f-8b6d-183ef4de27dd","297a02d6-d9d3-4d0f-8b6d-183ef4de27dd","True","2022-08-04T14:09:58.773Z","True","Tobacco Dashboard","Abf","False",,"@{autoSyncReadOnlyReplicas=True; maxReadOnlyReplicas=0}","False","tkmiller@ND.GOV","False","https://app.powerbigov.us/reportEmbed?config=eyJjbHVzdGVyVXJsIjoiaHR0cHM6Ly9XQUJJLVVTLUdPVi1JT1dBLXJlZGlyZWN0LmFuYWx5c2lzLnVzZ292Y2xvdWRhcGkubmV0IiwiZW1iZWRGZWF0dXJlcyI6eyJ1c2FnZU1ldHJpY3NWTmV4dCI6dHJ1ZX19","https://app.powerbigov.us/qnaEmbed?config=eyJjbHVzdGVyVXJsIjoiaHR0cHM6Ly9XQUJJLVVTLUdPVi1JT1dBLXJlZGlyZWN0LmFuYWx5c2lzLnVzZ292Y2xvdWRhcGkubmV0IiwiZW1iZWRGZWF0dXJlcyI6eyJ1c2FnZU1ldHJpY3NWTmV4dCI6dHJ1ZX19","System.Object[]","System.Object[]","df79e3d9-7c63-4c16-a103-30110fba7302","DOH-PBIDashBoards"
"https://app.powerbigov.us/groups/df79e3d9-7c63-4c16-a103-30110fba7302/datasets/39bd95cd-e5c7-443f-80a7-2433cb89bc42","39bd95cd-e5c7-443f-80a7-2433cb89bc42","True","2022-11-09T21:59:33.247Z","False","DC_Public_Data_Report","Abf","False",,"@{autoSyncReadOnlyReplicas=True; maxReadOnlyReplicas=0}","False","jwoolston@nd.gov","False","https://app.powerbigov.us/reportEmbed?config=eyJjbHVzdGVyVXJsIjoiaHR0cHM6Ly9XQUJJLVVTLUdPVi1JT1dBLXJlZGlyZWN0LmFuYWx5c2lzLnVzZ292Y2xvdWRhcGkubmV0IiwiZW1iZWRGZWF0dXJlcyI6eyJ1c2FnZU1ldHJpY3NWTmV4dCI6dHJ1ZX19","https://app.powerbigov.us/qnaEmbed?config=eyJjbHVzdGVyVXJsIjoiaHR0cHM6Ly9XQUJJLVVTLUdPVi1JT1dBLXJlZGlyZWN0LmFuYWx5c2lzLnVzZ292Y2xvdWRhcGkubmV0IiwiZW1iZWRGZWF0dXJlcyI6eyJ1c2FnZU1ldHJpY3NWTmV4dCI6dHJ1ZX19","System.Object[]","System.Object[]","df79e3d9-7c63-4c16-a103-30110fba7302","DOH-PBIDashBoards"
"https://app.powerbigov.us/groups/df79e3d9-7c63-4c16-a103-30110fba7302/datasets/ea3f0a93-1fbf-490d-9469-4c22aef84088","ea3f0a93-1fbf-490d-9469-4c22aef84088","True","2022-12-12T15:37:00.157Z","True","NBS Internal","Abf","True",,"@{autoSyncReadOnlyReplicas=True; maxReadOnlyReplicas=0}","False","tkmiller@ND.GOV","True","https://app.powerbigov.us/reportEmbed?config=eyJjbHVzdGVyVXJsIjoiaHR0cHM6Ly9XQUJJLVVTLUdPVi1JT1dBLXJlZGlyZWN0LmFuYWx5c2lzLnVzZ292Y2xvdWRhcGkubmV0IiwiZW1iZWRGZWF0dXJlcyI6eyJ1c2FnZU1ldHJpY3NWTmV4dCI6dHJ1ZX19","https://app.powerbigov.us/qnaEmbed?config=eyJjbHVzdGVyVXJsIjoiaHR0cHM6Ly9XQUJJLVVTLUdPVi1JT1dBLXJlZGlyZWN0LmFuYWx5c2lzLnVzZ292Y2xvdWRhcGkubmV0IiwiZW1iZWRGZWF0dXJlcyI6eyJ1c2FnZU1ldHJpY3NWTmV4dCI6dHJ1ZX19","System.Object[]","System.Object[]","df79e3d9-7c63-4c16-a103-30110fba7302","DOH-PBIDashBoards"
"https://app.powerbigov.us/groups/df79e3d9-7c63-4c16-a103-30110fba7302/datasets/790f285b-b855-4197-be1f-54fafc524a48","790f285b-b855-4197-be1f-54fafc524a48","True","2024-01-30T22:20:02.227Z","True","Men's Health","Abf","False",,"@{autoSyncReadOnlyReplicas=True; maxReadOnlyReplicas=0}","False","tkmiller@ND.GOV","False","https://app.powerbigov.us/reportEmbed?config=eyJjbHVzdGVyVXJsIjoiaHR0cHM6Ly9XQUJJLVVTLUdPVi1JT1dBLXJlZGlyZWN0LmFuYWx5c2lzLnVzZ292Y2xvdWRhcGkubmV0IiwiZW1iZWRGZWF0dXJlcyI6eyJ1c2FnZU1ldHJpY3NWTmV4dCI6dHJ1ZX19","https://app.powerbigov.us/qnaEmbed?config=eyJjbHVzdGVyVXJsIjoiaHR0cHM6Ly9XQUJJLVVTLUdPVi1JT1dBLXJlZGlyZWN0LmFuYWx5c2lzLnVzZ292Y2xvdWRhcGkubmV0IiwiZW1iZWRGZWF0dXJlcyI6eyJ1c2FnZU1ldHJpY3NWTmV4dCI6dHJ1ZX19","System.Object[]","System.Object[]","df79e3d9-7c63-4c16-a103-30110fba7302","DOH-PBIDashBoards"
"https://app.powerbigov.us/groups/df79e3d9-7c63-4c16-a103-30110fba7302/datasets/24f4e445-b372-46d5-96dc-0f8f841891fb","24f4e445-b372-46d5-96dc-0f8f841891fb","True","2024-02-22T19:54:48.787Z","True","FoodLodging_Safety_Inspections_Internal","Abf","True",,"@{autoSyncReadOnlyReplicas=True; maxReadOnlyReplicas=0}","False","mbenz@nd.gov","True","https://app.powerbigov.us/reportEmbed?config=eyJjbHVzdGVyVXJsIjoiaHR0cHM6Ly9XQUJJLVVTLUdPVi1JT1dBLXJlZGlyZWN0LmFuYWx5c2lzLnVzZ292Y2xvdWRhcGkubmV0IiwiZW1iZWRGZWF0dXJlcyI6eyJ1c2FnZU1ldHJpY3NWTmV4dCI6dHJ1ZX19","https://app.powerbigov.us/qnaEmbed?config=eyJjbHVzdGVyVXJsIjoiaHR0cHM6Ly9XQUJJLVVTLUdPVi1JT1dBLXJlZGlyZWN0LmFuYWx5c2lzLnVzZ292Y2xvdWRhcGkubmV0IiwiZW1iZWRGZWF0dXJlcyI6eyJ1c2FnZU1ldHJpY3NWTmV4dCI6dHJ1ZX19","System.Object[]","System.Object[]","df79e3d9-7c63-4c16-a103-30110fba7302","DOH-PBIDashBoards"
"https://app.powerbigov.us/groups/df79e3d9-7c63-4c16-a103-30110fba7302/datasets/5997e996-0a09-495e-aec0-9a246ce3e6f0","5997e996-0a09-495e-aec0-9a246ce3e6f0","True","2024-02-22T20:01:08.713Z","True","FoodLodging_Safety_Retail","Abf","True",,"@{autoSyncReadOnlyReplicas=True; maxReadOnlyReplicas=0}","False","mbenz@nd.gov","True","https://app.powerbigov.us/reportEmbed?config=eyJjbHVzdGVyVXJsIjoiaHR0cHM6Ly9XQUJJLVVTLUdPVi1JT1dBLXJlZGlyZWN0LmFuYWx5c2lzLnVzZ292Y2xvdWRhcGkubmV0IiwiZW1iZWRGZWF0dXJlcyI6eyJ1c2FnZU1ldHJpY3NWTmV4dCI6dHJ1ZX19","https://app.powerbigov.us/qnaEmbed?config=eyJjbHVzdGVyVXJsIjoiaHR0cHM6Ly9XQUJJLVVTLUdPVi1JT1dBLXJlZGlyZWN0LmFuYWx5c2lzLnVzZ292Y2xvdWRhcGkubmV0IiwiZW1iZWRGZWF0dXJlcyI6eyJ1c2FnZU1ldHJpY3NWTmV4dCI6dHJ1ZX19","System.Object[]","System.Object[]","df79e3d9-7c63-4c16-a103-30110fba7302","DOH-PBIDashBoards"
"https://app.powerbigov.us/groups/df79e3d9-7c63-4c16-a103-30110fba7302/datasets/6fbc9876-2be2-42bc-9387-af65fd6b0632","6fbc9876-2be2-42bc-9387-af65fd6b0632","True","2024-02-22T20:16:03.097Z","True","FoodLodging_Safety_Complaint","Abf","True",,"@{autoSyncReadOnlyReplicas=True; maxReadOnlyReplicas=0}","False","mbenz@nd.gov","True","https://app.powerbigov.us/reportEmbed?config=eyJjbHVzdGVyVXJsIjoiaHR0cHM6Ly9XQUJJLVVTLUdPVi1JT1dBLXJlZGlyZWN0LmFuYWx5c2lzLnVzZ292Y2xvdWRhcGkubmV0IiwiZW1iZWRGZWF0dXJlcyI6eyJ1c2FnZU1ldHJpY3NWTmV4dCI6dHJ1ZX19","https://app.powerbigov.us/qnaEmbed?config=eyJjbHVzdGVyVXJsIjoiaHR0cHM6Ly9XQUJJLVVTLUdPVi1JT1dBLXJlZGlyZWN0LmFuYWx5c2lzLnVzZ292Y2xvdWRhcGkubmV0IiwiZW1iZWRGZWF0dXJlcyI6eyJ1c2FnZU1ldHJpY3NWTmV4dCI6dHJ1ZX19","System.Object[]","System.Object[]","df79e3d9-7c63-4c16-a103-30110fba7302","DOH-PBIDashBoards"
"https://app.powerbigov.us/groups/df79e3d9-7c63-4c16-a103-30110fba7302/datasets/5110cf0e-84d5-40b8-aa9e-451f6cca74fd","5110cf0e-84d5-40b8-aa9e-451f6cca74fd","True","2024-03-25T17:11:36.89Z","True","External - State Health Assessment","Abf","False",,"@{autoSyncReadOnlyReplicas=True; maxReadOnlyReplicas=0}","False","bschram@nd.gov","False","https://app.powerbigov.us/reportEmbed?config=eyJjbHVzdGVyVXJsIjoiaHR0cHM6Ly9XQUJJLVVTLUdPVi1JT1dBLXJlZGlyZWN0LmFuYWx5c2lzLnVzZ292Y2xvdWRhcGkubmV0IiwiZW1iZWRGZWF0dXJlcyI6eyJ1c2FnZU1ldHJpY3NWTmV4dCI6dHJ1ZX19","https://app.powerbigov.us/qnaEmbed?config=eyJjbHVzdGVyVXJsIjoiaHR0cHM6Ly9XQUJJLVVTLUdPVi1JT1dBLXJlZGlyZWN0LmFuYWx5c2lzLnVzZ292Y2xvdWRhcGkubmV0IiwiZW1iZWRGZWF0dXJlcyI6eyJ1c2FnZU1ldHJpY3NWTmV4dCI6dHJ1ZX19","System.Object[]","System.Object[]","df79e3d9-7c63-4c16-a103-30110fba7302","DOH-PBIDashBoards"
"https://app.powerbigov.us/groups/df79e3d9-7c63-4c16-a103-30110fba7302/datasets/ce77b259-c7a9-4aa8-a07d-97b0266bb5a7","ce77b259-c7a9-4aa8-a07d-97b0266bb5a7","True","2024-04-02T14:22:14.337Z","True","SHA Dashboard Final","Abf","False",,"@{autoSyncReadOnlyReplicas=True; maxReadOnlyReplicas=0}","False","bschram@nd.gov","False","https://app.powerbigov.us/reportEmbed?config=eyJjbHVzdGVyVXJsIjoiaHR0cHM6Ly9XQUJJLVVTLUdPVi1JT1dBLXJlZGlyZWN0LmFuYWx5c2lzLnVzZ292Y2xvdWRhcGkubmV0IiwiZW1iZWRGZWF0dXJlcyI6eyJ1c2FnZU1ldHJpY3NWTmV4dCI6dHJ1ZX19","https://app.powerbigov.us/qnaEmbed?config=eyJjbHVzdGVyVXJsIjoiaHR0cHM6Ly9XQUJJLVVTLUdPVi1JT1dBLXJlZGlyZWN0LmFuYWx5c2lzLnVzZ292Y2xvdWRhcGkubmV0IiwiZW1iZWRGZWF0dXJlcyI6eyJ1c2FnZU1ldHJpY3NWTmV4dCI6dHJ1ZX19","System.Object[]","System.Object[]","df79e3d9-7c63-4c16-a103-30110fba7302","DOH-PBIDashBoards"
"https://app.powerbigov.us/groups/df79e3d9-7c63-4c16-a103-30110fba7302/datasets/58e5c584-cb71-477a-992c-bdaa2a58c5f8","58e5c584-cb71-477a-992c-bdaa2a58c5f8","True","2024-05-30T16:32:14.307Z","True","MCH Dashboard","Abf","False",,"@{autoSyncReadOnlyReplicas=True; maxReadOnlyReplicas=0}","False","tkmiller@ND.GOV","False","https://app.powerbigov.us/reportEmbed?config=eyJjbHVzdGVyVXJsIjoiaHR0cHM6Ly9XQUJJLVVTLUdPVi1JT1dBLXJlZGlyZWN0LmFuYWx5c2lzLnVzZ292Y2xvdWRhcGkubmV0IiwiZW1iZWRGZWF0dXJlcyI6eyJ1c2FnZU1ldHJpY3NWTmV4dCI6dHJ1ZX19","https://app.powerbigov.us/qnaEmbed?config=eyJjbHVzdGVyVXJsIjoiaHR0cHM6Ly9XQUJJLVVTLUdPVi1JT1dBLXJlZGlyZWN0LmFuYWx5c2lzLnVzZ292Y2xvdWRhcGkubmV0IiwiZW1iZWRGZWF0dXJlcyI6eyJ1c2FnZU1ldHJpY3NWTmV4dCI6dHJ1ZX19","System.Object[]","System.Object[]","df79e3d9-7c63-4c16-a103-30110fba7302","DOH-PBIDashBoards"
"https://app.powerbigov.us/groups/df79e3d9-7c63-4c16-a103-30110fba7302/datasets/c6b49629-067c-44e7-98c1-111240c9c408","c6b49629-067c-44e7-98c1-111240c9c408","True","2024-10-23T16:49:57.46Z","False","RW Demographics Dashboard","Abf","False",,"@{autoSyncReadOnlyReplicas=True; maxReadOnlyReplicas=0}","False","snasr@nd.gov","False","https://app.powerbigov.us/reportEmbed?config=eyJjbHVzdGVyVXJsIjoiaHR0cHM6Ly9XQUJJLVVTLUdPVi1JT1dBLXJlZGlyZWN0LmFuYWx5c2lzLnVzZ292Y2xvdWRhcGkubmV0IiwiZW1iZWRGZWF0dXJlcyI6eyJ1c2FnZU1ldHJpY3NWTmV4dCI6dHJ1ZX19","https://app.powerbigov.us/qnaEmbed?config=eyJjbHVzdGVyVXJsIjoiaHR0cHM6Ly9XQUJJLVVTLUdPVi1JT1dBLXJlZGlyZWN0LmFuYWx5c2lzLnVzZ292Y2xvdWRhcGkubmV0IiwiZW1iZWRGZWF0dXJlcyI6eyJ1c2FnZU1ldHJpY3NWTmV4dCI6dHJ1ZX19","System.Object[]","System.Object[]","df79e3d9-7c63-4c16-a103-30110fba7302","DOH-PBIDashBoards"
"https://app.powerbigov.us/groups/df79e3d9-7c63-4c16-a103-30110fba7302/datasets/88e638cb-4c31-4908-8978-63c903bb3c6c","88e638cb-4c31-4908-8978-63c903bb3c6c","True","2024-11-01T15:35:12.513Z","True","SDM_ND_Suicide","PremiumFiles","False",,"@{autoSyncReadOnlyReplicas=True; maxReadOnlyReplicas=0}","False","tkmiller@ND.GOV","False","https://app.powerbigov.us/reportEmbed?config=eyJjbHVzdGVyVXJsIjoiaHR0cHM6Ly9XQUJJLVVTLUdPVi1JT1dBLXJlZGlyZWN0LmFuYWx5c2lzLnVzZ292Y2xvdWRhcGkubmV0IiwiZW1iZWRGZWF0dXJlcyI6eyJ1c2FnZU1ldHJpY3NWTmV4dCI6dHJ1ZX19","https://app.powerbigov.us/qnaEmbed?config=eyJjbHVzdGVyVXJsIjoiaHR0cHM6Ly9XQUJJLVVTLUdPVi1JT1dBLXJlZGlyZWN0LmFuYWx5c2lzLnVzZ292Y2xvdWRhcGkubmV0IiwiZW1iZWRGZWF0dXJlcyI6eyJ1c2FnZU1ldHJpY3NWTmV4dCI6dHJ1ZX19","System.Object[]","System.Object[]","df79e3d9-7c63-4c16-a103-30110fba7302","DOH-PBIDashBoards"
"https://app.powerbigov.us/groups/df79e3d9-7c63-4c16-a103-30110fba7302/datasets/236eadf7-870b-4527-b2da-638cac05910e","236eadf7-870b-4527-b2da-638cac05910e","True","2024-11-27T16:02:28.287Z","False","Autism_Data_Report","PremiumFiles","False",,"@{autoSyncReadOnlyReplicas=True; maxReadOnlyReplicas=0}","False","bschram@nd.gov","False","https://app.powerbigov.us/reportEmbed?config=eyJjbHVzdGVyVXJsIjoiaHR0cHM6Ly9XQUJJLVVTLUdPVi1JT1dBLXJlZGlyZWN0LmFuYWx5c2lzLnVzZ292Y2xvdWRhcGkubmV0IiwiZW1iZWRGZWF0dXJlcyI6eyJ1c2FnZU1ldHJpY3NWTmV4dCI6dHJ1ZX19","https://app.powerbigov.us/qnaEmbed?config=eyJjbHVzdGVyVXJsIjoiaHR0cHM6Ly9XQUJJLVVTLUdPVi1JT1dBLXJlZGlyZWN0LmFuYWx5c2lzLnVzZ292Y2xvdWRhcGkubmV0IiwiZW1iZWRGZWF0dXJlcyI6eyJ1c2FnZU1ldHJpY3NWTmV4dCI6dHJ1ZX19","System.Object[]","System.Object[]","df79e3d9-7c63-4c16-a103-30110fba7302","DOH-PBIDashBoards"
"https://app.powerbigov.us/groups/df79e3d9-7c63-4c16-a103-30110fba7302/datasets/239d1eeb-cfeb-422a-8b2c-622d4e9d9c0f","239d1eeb-cfeb-422a-8b2c-622d4e9d9c0f","True","2024-12-24T15:56:57.037Z","True","A2A Clinic Dashboard","Abf","False",,"@{autoSyncReadOnlyReplicas=True; maxReadOnlyReplicas=0}","False","zrohrbach@nd.gov","False","https://app.powerbigov.us/reportEmbed?config=eyJjbHVzdGVyVXJsIjoiaHR0cHM6Ly9XQUJJLVVTLUdPVi1JT1dBLXJlZGlyZWN0LmFuYWx5c2lzLnVzZ292Y2xvdWRhcGkubmV0IiwiZW1iZWRGZWF0dXJlcyI6eyJ1c2FnZU1ldHJpY3NWTmV4dCI6dHJ1ZX19","https://app.powerbigov.us/qnaEmbed?config=eyJjbHVzdGVyVXJsIjoiaHR0cHM6Ly9XQUJJLVVTLUdPVi1JT1dBLXJlZGlyZWN0LmFuYWx5c2lzLnVzZ292Y2xvdWRhcGkubmV0IiwiZW1iZWRGZWF0dXJlcyI6eyJ1c2FnZU1ldHJpY3NWTmV4dCI6dHJ1ZX19","System.Object[]","System.Object[]","df79e3d9-7c63-4c16-a103-30110fba7302","DOH-PBIDashBoards"
"https://app.powerbigov.us/groups/df79e3d9-7c63-4c16-a103-30110fba7302/datasets/6ef29f6e-97c4-4ac2-91e2-b5834761413e","6ef29f6e-97c4-4ac2-91e2-b5834761413e","True","2025-01-22T20:48:41.433Z","True","Lead_Dashboard","Abf","False",,"@{autoSyncReadOnlyReplicas=True; maxReadOnlyReplicas=0}","False","tkmiller@ND.GOV","False","https://app.powerbigov.us/reportEmbed?config=eyJjbHVzdGVyVXJsIjoiaHR0cHM6Ly9XQUJJLVVTLUdPVi1JT1dBLXJlZGlyZWN0LmFuYWx5c2lzLnVzZ292Y2xvdWRhcGkubmV0IiwiZW1iZWRGZWF0dXJlcyI6eyJ1c2FnZU1ldHJpY3NWTmV4dCI6dHJ1ZX19","https://app.powerbigov.us/qnaEmbed?config=eyJjbHVzdGVyVXJsIjoiaHR0cHM6Ly9XQUJJLVVTLUdPVi1JT1dBLXJlZGlyZWN0LmFuYWx5c2lzLnVzZ292Y2xvdWRhcGkubmV0IiwiZW1iZWRGZWF0dXJlcyI6eyJ1c2FnZU1ldHJpY3NWTmV4dCI6dHJ1ZX19","System.Object[]","System.Object[]","df79e3d9-7c63-4c16-a103-30110fba7302","DOH-PBIDashBoards"
"https://app.powerbigov.us/groups/df79e3d9-7c63-4c16-a103-30110fba7302/datasets/02bf1a58-0ad7-46a2-83fc-2b34f24e644a","02bf1a58-0ad7-46a2-83fc-2b34f24e644a","True","2025-01-22T22:23:04.03Z","True","SDM_Childhood_Lead","Abf","False",,"@{autoSyncReadOnlyReplicas=True; maxReadOnlyReplicas=0}","False","tkmiller@ND.GOV","False","https://app.powerbigov.us/reportEmbed?config=eyJjbHVzdGVyVXJsIjoiaHR0cHM6Ly9XQUJJLVVTLUdPVi1JT1dBLXJlZGlyZWN0LmFuYWx5c2lzLnVzZ292Y2xvdWRhcGkubmV0IiwiZW1iZWRGZWF0dXJlcyI6eyJ1c2FnZU1ldHJpY3NWTmV4dCI6dHJ1ZX19","https://app.powerbigov.us/qnaEmbed?config=eyJjbHVzdGVyVXJsIjoiaHR0cHM6Ly9XQUJJLVVTLUdPVi1JT1dBLXJlZGlyZWN0LmFuYWx5c2lzLnVzZ292Y2xvdWRhcGkubmV0IiwiZW1iZWRGZWF0dXJlcyI6eyJ1c2FnZU1ldHJpY3NWTmV4dCI6dHJ1ZX19","System.Object[]","System.Object[]","df79e3d9-7c63-4c16-a103-30110fba7302","DOH-PBIDashBoards"
"https://app.powerbigov.us/groups/df79e3d9-7c63-4c16-a103-30110fba7302/datasets/d40be21c-7783-4a3c-8242-69f41bf12151","d40be21c-7783-4a3c-8242-69f41bf12151","True","2025-01-24T20:47:39.733Z","True","Community Health Dashboard","Abf","False",,"@{autoSyncReadOnlyReplicas=True; maxReadOnlyReplicas=0}","False","tkmiller@ND.GOV","False","https://app.powerbigov.us/reportEmbed?config=eyJjbHVzdGVyVXJsIjoiaHR0cHM6Ly9XQUJJLVVTLUdPVi1JT1dBLXJlZGlyZWN0LmFuYWx5c2lzLnVzZ292Y2xvdWRhcGkubmV0IiwiZW1iZWRGZWF0dXJlcyI6eyJ1c2FnZU1ldHJpY3NWTmV4dCI6dHJ1ZX19","https://app.powerbigov.us/qnaEmbed?config=eyJjbHVzdGVyVXJsIjoiaHR0cHM6Ly9XQUJJLVVTLUdPVi1JT1dBLXJlZGlyZWN0LmFuYWx5c2lzLnVzZ292Y2xvdWRhcGkubmV0IiwiZW1iZWRGZWF0dXJlcyI6eyJ1c2FnZU1ldHJpY3NWTmV4dCI6dHJ1ZX19","System.Object[]","System.Object[]","df79e3d9-7c63-4c16-a103-30110fba7302","DOH-PBIDashBoards"
"https://app.powerbigov.us/groups/df79e3d9-7c63-4c16-a103-30110fba7302/datasets/74758d84-b8fa-4fde-921d-658893aa5b41","74758d84-b8fa-4fde-921d-658893aa5b41","True","2025-01-28T15:07:26.607Z","True","SDM_Green_Dot_Dashboard","Abf","False",,"@{autoSyncReadOnlyReplicas=True; maxReadOnlyReplicas=0}","False","tkmiller@ND.GOV","False","https://app.powerbigov.us/reportEmbed?config=eyJjbHVzdGVyVXJsIjoiaHR0cHM6Ly9XQUJJLVVTLUdPVi1JT1dBLXJlZGlyZWN0LmFuYWx5c2lzLnVzZ292Y2xvdWRhcGkubmV0IiwiZW1iZWRGZWF0dXJlcyI6eyJ1c2FnZU1ldHJpY3NWTmV4dCI6dHJ1ZX19","https://app.powerbigov.us/qnaEmbed?config=eyJjbHVzdGVyVXJsIjoiaHR0cHM6Ly9XQUJJLVVTLUdPVi1JT1dBLXJlZGlyZWN0LmFuYWx5c2lzLnVzZ292Y2xvdWRhcGkubmV0IiwiZW1iZWRGZWF0dXJlcyI6eyJ1c2FnZU1ldHJpY3NWTmV4dCI6dHJ1ZX19","System.Object[]","System.Object[]","df79e3d9-7c63-4c16-a103-30110fba7302","DOH-PBIDashBoards"
"https://app.powerbigov.us/groups/df79e3d9-7c63-4c16-a103-30110fba7302/datasets/1fd21c83-8d35-4d97-8a27-54452585dce5","1fd21c83-8d35-4d97-8a27-54452585dce5","True","2025-02-05T16:57:06.867Z","True","SDM_ND Sexual Violence Dashboard","Abf","False",,"@{autoSyncReadOnlyReplicas=True; maxReadOnlyReplicas=0}","False","tkmiller@ND.GOV","False","https://app.powerbigov.us/reportEmbed?config=eyJjbHVzdGVyVXJsIjoiaHR0cHM6Ly9XQUJJLVVTLUdPVi1JT1dBLXJlZGlyZWN0LmFuYWx5c2lzLnVzZ292Y2xvdWRhcGkubmV0IiwiZW1iZWRGZWF0dXJlcyI6eyJ1c2FnZU1ldHJpY3NWTmV4dCI6dHJ1ZX19","https://app.powerbigov.us/qnaEmbed?config=eyJjbHVzdGVyVXJsIjoiaHR0cHM6Ly9XQUJJLVVTLUdPVi1JT1dBLXJlZGlyZWN0LmFuYWx5c2lzLnVzZ292Y2xvdWRhcGkubmV0IiwiZW1iZWRGZWF0dXJlcyI6eyJ1c2FnZU1ldHJpY3NWTmV4dCI6dHJ1ZX19","System.Object[]","System.Object[]","df79e3d9-7c63-4c16-a103-30110fba7302","DOH-PBIDashBoards"
"https://app.powerbigov.us/groups/df79e3d9-7c63-4c16-a103-30110fba7302/datasets/81bc4f4c-6073-4324-bc3d-438bf43bf18f","81bc4f4c-6073-4324-bc3d-438bf43bf18f","True","2025-02-05T22:12:23.517Z","False","Poison Control Public Dashboard","Abf","False",,"@{autoSyncReadOnlyReplicas=True; maxReadOnlyReplicas=0}","False","zrohrbach@nd.gov","False","https://app.powerbigov.us/reportEmbed?config=eyJjbHVzdGVyVXJsIjoiaHR0cHM6Ly9XQUJJLVVTLUdPVi1JT1dBLXJlZGlyZWN0LmFuYWx5c2lzLnVzZ292Y2xvdWRhcGkubmV0IiwiZW1iZWRGZWF0dXJlcyI6eyJ1c2FnZU1ldHJpY3NWTmV4dCI6dHJ1ZX19","https://app.powerbigov.us/qnaEmbed?config=eyJjbHVzdGVyVXJsIjoiaHR0cHM6Ly9XQUJJLVVTLUdPVi1JT1dBLXJlZGlyZWN0LmFuYWx5c2lzLnVzZ292Y2xvdWRhcGkubmV0IiwiZW1iZWRGZWF0dXJlcyI6eyJ1c2FnZU1ldHJpY3NWTmV4dCI6dHJ1ZX19","System.Object[]","System.Object[]","df79e3d9-7c63-4c16-a103-30110fba7302","DOH-PBIDashBoards"
"https://app.powerbigov.us/groups/df79e3d9-7c63-4c16-a103-30110fba7302/datasets/462a4a39-e908-4dd3-8339-7e439b120c84","462a4a39-e908-4dd3-8339-7e439b120c84","True","2025-02-24T14:54:03.067Z","True","American Indian Alaskan Native Community Health Dashboard","Abf","True",,"@{autoSyncReadOnlyReplicas=True; maxReadOnlyReplicas=0}","False","codycooper@nd.gov","True","https://app.powerbigov.us/reportEmbed?config=eyJjbHVzdGVyVXJsIjoiaHR0cHM6Ly9XQUJJLVVTLUdPVi1JT1dBLXJlZGlyZWN0LmFuYWx5c2lzLnVzZ292Y2xvdWRhcGkubmV0IiwiZW1iZWRGZWF0dXJlcyI6eyJ1c2FnZU1ldHJpY3NWTmV4dCI6dHJ1ZX19","https://app.powerbigov.us/qnaEmbed?config=eyJjbHVzdGVyVXJsIjoiaHR0cHM6Ly9XQUJJLVVTLUdPVi1JT1dBLXJlZGlyZWN0LmFuYWx5c2lzLnVzZ292Y2xvdWRhcGkubmV0IiwiZW1iZWRGZWF0dXJlcyI6eyJ1c2FnZU1ldHJpY3NWTmV4dCI6dHJ1ZX19","System.Object[]","System.Object[]","df79e3d9-7c63-4c16-a103-30110fba7302","DOH-PBIDashBoards"
"https://app.powerbigov.us/groups/df79e3d9-7c63-4c16-a103-30110fba7302/datasets/8234a90a-2641-4c36-85ad-99ee7980185c","8234a90a-2641-4c36-85ad-99ee7980185c","True","2025-03-24T19:14:47.567Z","True","Skill Progress","Abf","True",,"@{autoSyncReadOnlyReplicas=True; maxReadOnlyReplicas=0}","False","ksriambati@nd.gov","True","https://app.powerbigov.us/reportEmbed?config=eyJjbHVzdGVyVXJsIjoiaHR0cHM6Ly9XQUJJLVVTLUdPVi1JT1dBLXJlZGlyZWN0LmFuYWx5c2lzLnVzZ292Y2xvdWRhcGkubmV0IiwiZW1iZWRGZWF0dXJlcyI6eyJ1c2FnZU1ldHJpY3NWTmV4dCI6dHJ1ZX19","https://app.powerbigov.us/qnaEmbed?config=eyJjbHVzdGVyVXJsIjoiaHR0cHM6Ly9XQUJJLVVTLUdPVi1JT1dBLXJlZGlyZWN0LmFuYWx5c2lzLnVzZ292Y2xvdWRhcGkubmV0IiwiZW1iZWRGZWF0dXJlcyI6eyJ1c2FnZU1ldHJpY3NWTmV4dCI6dHJ1ZX19","System.Object[]","System.Object[]","df79e3d9-7c63-4c16-a103-30110fba7302","DOH-PBIDashBoards"
"https://app.powerbigov.us/groups/df79e3d9-7c63-4c16-a103-30110fba7302/datasets/d0a6c21c-b3dc-4d17-9cbb-a049c75f3e45","d0a6c21c-b3dc-4d17-9cbb-a049c75f3e45","True","2025-05-14T15:45:49.88Z","True","FoodLodging_ND Licensing of Food and Lodging Establishments by City","Abf","False",,"@{autoSyncReadOnlyReplicas=True; maxReadOnlyReplicas=0}","False","bisimon@nd.gov","False","https://app.powerbigov.us/reportEmbed?config=eyJjbHVzdGVyVXJsIjoiaHR0cHM6Ly9XQUJJLVVTLUdPVi1JT1dBLXJlZGlyZWN0LmFuYWx5c2lzLnVzZ292Y2xvdWRhcGkubmV0IiwiZW1iZWRGZWF0dXJlcyI6eyJ1c2FnZU1ldHJpY3NWTmV4dCI6dHJ1ZX19","https://app.powerbigov.us/qnaEmbed?config=eyJjbHVzdGVyVXJsIjoiaHR0cHM6Ly9XQUJJLVVTLUdPVi1JT1dBLXJlZGlyZWN0LmFuYWx5c2lzLnVzZ292Y2xvdWRhcGkubmV0IiwiZW1iZWRGZWF0dXJlcyI6eyJ1c2FnZU1ldHJpY3NWTmV4dCI6dHJ1ZX19","System.Object[]","System.Object[]","df79e3d9-7c63-4c16-a103-30110fba7302","DOH-PBIDashBoards"
"https://app.powerbigov.us/groups/df79e3d9-7c63-4c16-a103-30110fba7302/datasets/5e2c652c-4e32-42c1-a5e7-0937efcc6e03","5e2c652c-4e32-42c1-a5e7-0937efcc6e03","True","2025-08-27T23:15:37.197Z","True","PHIG Work Grant Activities for A1_8.25","Abf","False",,"@{autoSyncReadOnlyReplicas=True; maxReadOnlyReplicas=0}","False","ksriambati@nd.gov","False","https://app.powerbigov.us/reportEmbed?config=eyJjbHVzdGVyVXJsIjoiaHR0cHM6Ly9XQUJJLVVTLUdPVi1JT1dBLXJlZGlyZWN0LmFuYWx5c2lzLnVzZ292Y2xvdWRhcGkubmV0IiwiZW1iZWRGZWF0dXJlcyI6eyJ1c2FnZU1ldHJpY3NWTmV4dCI6dHJ1ZX19","https://app.powerbigov.us/qnaEmbed?config=eyJjbHVzdGVyVXJsIjoiaHR0cHM6Ly9XQUJJLVVTLUdPVi1JT1dBLXJlZGlyZWN0LmFuYWx5c2lzLnVzZ292Y2xvdWRhcGkubmV0IiwiZW1iZWRGZWF0dXJlcyI6eyJ1c2FnZU1ldHJpY3NWTmV4dCI6dHJ1ZX19","System.Object[]","System.Object[]","df79e3d9-7c63-4c16-a103-30110fba7302","DOH-PBIDashBoards"
"https://app.powerbigov.us/groups/df79e3d9-7c63-4c16-a103-30110fba7302/datasets/e658f3bc-ba54-4534-b1c5-cda0d9c012e5","e658f3bc-ba54-4534-b1c5-cda0d9c012e5","True","2025-10-06T17:25:26.943Z","True","PHIG Dashboard LPHU","Abf","False",,"@{autoSyncReadOnlyReplicas=True; maxReadOnlyReplicas=0}","False","ksriambati@nd.gov","False","https://app.powerbigov.us/reportEmbed?config=eyJjbHVzdGVyVXJsIjoiaHR0cHM6Ly9XQUJJLVVTLUdPVi1JT1dBLXJlZGlyZWN0LmFuYWx5c2lzLnVzZ292Y2xvdWRhcGkubmV0IiwiZW1iZWRGZWF0dXJlcyI6eyJ1c2FnZU1ldHJpY3NWTmV4dCI6dHJ1ZX19","https://app.powerbigov.us/qnaEmbed?config=eyJjbHVzdGVyVXJsIjoiaHR0cHM6Ly9XQUJJLVVTLUdPVi1JT1dBLXJlZGlyZWN0LmFuYWx5c2lzLnVzZ292Y2xvdWRhcGkubmV0IiwiZW1iZWRGZWF0dXJlcyI6eyJ1c2FnZU1ldHJpY3NWTmV4dCI6dHJ1ZX19","System.Object[]","System.Object[]","df79e3d9-7c63-4c16-a103-30110fba7302","DOH-PBIDashBoards"
"https://app.powerbigov.us/groups/df79e3d9-7c63-4c16-a103-30110fba7302/datasets/c0412849-fbfb-4b6f-af0f-567d12b8d399","c0412849-fbfb-4b6f-af0f-567d12b8d399","True","2025-12-02T14:58:03.697Z","True","Food_Safety_Complaint","Abf","True",,"@{autoSyncReadOnlyReplicas=True; maxReadOnlyReplicas=0}","False","mbenz@nd.gov","True","https://app.powerbigov.us/reportEmbed?config=eyJjbHVzdGVyVXJsIjoiaHR0cHM6Ly9XQUJJLVVTLUdPVi1JT1dBLXJlZGlyZWN0LmFuYWx5c2lzLnVzZ292Y2xvdWRhcGkubmV0IiwiZW1iZWRGZWF0dXJlcyI6eyJ1c2FnZU1ldHJpY3NWTmV4dCI6dHJ1ZX19","https://app.powerbigov.us/qnaEmbed?config=eyJjbHVzdGVyVXJsIjoiaHR0cHM6Ly9XQUJJLVVTLUdPVi1JT1dBLXJlZGlyZWN0LmFuYWx5c2lzLnVzZ292Y2xvdWRhcGkubmV0IiwiZW1iZWRGZWF0dXJlcyI6eyJ1c2FnZU1ldHJpY3NWTmV4dCI6dHJ1ZX19","System.Object[]","System.Object[]","df79e3d9-7c63-4c16-a103-30110fba7302","DOH-PBIDashBoards"
"https://app.powerbigov.us/groups/df79e3d9-7c63-4c16-a103-30110fba7302/datasets/98ff0fbe-f316-466e-8090-3bea2345ef4e","98ff0fbe-f316-466e-8090-3bea2345ef4e","True","2025-12-16T01:34:25.663Z","True","BillIT_Reporting","Abf","False",,"@{autoSyncReadOnlyReplicas=True; maxReadOnlyReplicas=0}","False","bschram@nd.gov","False","https://app.powerbigov.us/reportEmbed?config=eyJjbHVzdGVyVXJsIjoiaHR0cHM6Ly9XQUJJLVVTLUdPVi1JT1dBLXJlZGlyZWN0LmFuYWx5c2lzLnVzZ292Y2xvdWRhcGkubmV0IiwiZW1iZWRGZWF0dXJlcyI6eyJ1c2FnZU1ldHJpY3NWTmV4dCI6dHJ1ZX19","https://app.powerbigov.us/qnaEmbed?config=eyJjbHVzdGVyVXJsIjoiaHR0cHM6Ly9XQUJJLVVTLUdPVi1JT1dBLXJlZGlyZWN0LmFuYWx5c2lzLnVzZ292Y2xvdWRhcGkubmV0IiwiZW1iZWRGZWF0dXJlcyI6eyJ1c2FnZU1ldHJpY3NWTmV4dCI6dHJ1ZX19","System.Object[]","System.Object[]","df79e3d9-7c63-4c16-a103-30110fba7302","DOH-PBIDashBoards"
"https://app.powerbigov.us/groups/df79e3d9-7c63-4c16-a103-30110fba7302/datasets/04b8b900-a397-4de7-afdc-2695b3e1b9e1","04b8b900-a397-4de7-afdc-2695b3e1b9e1","True","2025-12-22T18:46:51.027Z","True","EpiProfile-AllDiseases","Abf","False",,"@{autoSyncReadOnlyReplicas=True; maxReadOnlyReplicas=0}","False","snasr@nd.gov","False","https://app.powerbigov.us/reportEmbed?config=eyJjbHVzdGVyVXJsIjoiaHR0cHM6Ly9XQUJJLVVTLUdPVi1JT1dBLXJlZGlyZWN0LmFuYWx5c2lzLnVzZ292Y2xvdWRhcGkubmV0IiwiZW1iZWRGZWF0dXJlcyI6eyJ1c2FnZU1ldHJpY3NWTmV4dCI6dHJ1ZX19","https://app.powerbigov.us/qnaEmbed?config=eyJjbHVzdGVyVXJsIjoiaHR0cHM6Ly9XQUJJLVVTLUdPVi1JT1dBLXJlZGlyZWN0LmFuYWx5c2lzLnVzZ292Y2xvdWRhcGkubmV0IiwiZW1iZWRGZWF0dXJlcyI6eyJ1c2FnZU1ldHJpY3NWTmV4dCI6dHJ1ZX19","System.Object[]","System.Object[]","df79e3d9-7c63-4c16-a103-30110fba7302","DOH-PBIDashBoards"
"https://app.powerbigov.us/groups/df79e3d9-7c63-4c16-a103-30110fba7302/datasets/a4f492af-4f34-42c1-829f-992ca31a1a6d","a4f492af-4f34-42c1-829f-992ca31a1a6d","True","2026-01-29T20:46:45.487Z","True","SDM_Injury_Dashboard","Abf","False",,"@{autoSyncReadOnlyReplicas=True; maxReadOnlyReplicas=0}","False","persingerolivia@nd.gov","False","https://app.powerbigov.us/reportEmbed?config=eyJjbHVzdGVyVXJsIjoiaHR0cHM6Ly9XQUJJLVVTLUdPVi1JT1dBLXJlZGlyZWN0LmFuYWx5c2lzLnVzZ292Y2xvdWRhcGkubmV0IiwiZW1iZWRGZWF0dXJlcyI6eyJ1c2FnZU1ldHJpY3NWTmV4dCI6dHJ1ZX19","https://app.powerbigov.us/qnaEmbed?config=eyJjbHVzdGVyVXJsIjoiaHR0cHM6Ly9XQUJJLVVTLUdPVi1JT1dBLXJlZGlyZWN0LmFuYWx5c2lzLnVzZ292Y2xvdWRhcGkubmV0IiwiZW1iZWRGZWF0dXJlcyI6eyJ1c2FnZU1ldHJpY3NWTmV4dCI6dHJ1ZX19","System.Object[]","System.Object[]","df79e3d9-7c63-4c16-a103-30110fba7302","DOH-PBIDashBoards"
"https://app.powerbigov.us/groups/df79e3d9-7c63-4c16-a103-30110fba7302/datasets/4572e5c7-cd98-4568-92ce-b42b8dd7b934","4572e5c7-cd98-4568-92ce-b42b8dd7b934","True","2026-02-13T19:20:55.723Z","True","TBI Dashboard (TEST)","Abf","False",,"@{autoSyncReadOnlyReplicas=True; maxReadOnlyReplicas=0}","False","zrohrbach@nd.gov","False","https://app.powerbigov.us/reportEmbed?config=eyJjbHVzdGVyVXJsIjoiaHR0cHM6Ly9XQUJJLVVTLUdPVi1JT1dBLXJlZGlyZWN0LmFuYWx5c2lzLnVzZ292Y2xvdWRhcGkubmV0IiwiZW1iZWRGZWF0dXJlcyI6eyJ1c2FnZU1ldHJpY3NWTmV4dCI6dHJ1ZX19","https://app.powerbigov.us/qnaEmbed?config=eyJjbHVzdGVyVXJsIjoiaHR0cHM6Ly9XQUJJLVVTLUdPVi1JT1dBLXJlZGlyZWN0LmFuYWx5c2lzLnVzZ292Y2xvdWRhcGkubmV0IiwiZW1iZWRGZWF0dXJlcyI6eyJ1c2FnZU1ldHJpY3NWTmV4dCI6dHJ1ZX19","System.Object[]","System.Object[]","df79e3d9-7c63-4c16-a103-30110fba7302","DOH-PBIDashBoards"
"https://app.powerbigov.us/groups/0626e185-b817-4708-9077-adbf093d912c/datasets/a2b4bd2d-778a-46f5-8921-912cdedd281d","a2b4bd2d-778a-46f5-8921-912cdedd281d","True","2019-05-24T18:05:49.51Z","True","Historical_WNV","Abf","False",,"@{autoSyncReadOnlyReplicas=True; maxReadOnlyReplicas=0}","False","mbenz@nd.gov","False","https://app.powerbigov.us/reportEmbed?config=eyJjbHVzdGVyVXJsIjoiaHR0cHM6Ly9XQUJJLVVTLUdPVi1JT1dBLXJlZGlyZWN0LmFuYWx5c2lzLnVzZ292Y2xvdWRhcGkubmV0IiwiZW1iZWRGZWF0dXJlcyI6eyJ1c2FnZU1ldHJpY3NWTmV4dCI6dHJ1ZX19","https://app.powerbigov.us/qnaEmbed?config=eyJjbHVzdGVyVXJsIjoiaHR0cHM6Ly9XQUJJLVVTLUdPVi1JT1dBLXJlZGlyZWN0LmFuYWx5c2lzLnVzZ292Y2xvdWRhcGkubmV0IiwiZW1iZWRGZWF0dXJlcyI6eyJ1c2FnZU1ldHJpY3NWTmV4dCI6dHJ1ZX19","System.Object[]","System.Object[]","0626e185-b817-4708-9077-adbf093d912c","DOH-Medical Services Section"
"https://app.powerbigov.us/groups/0626e185-b817-4708-9077-adbf093d912c/datasets/2c961f9c-99b1-4fd9-9e9d-d6d3e46cb84f","2c961f9c-99b1-4fd9-9e9d-d6d3e46cb84f","True","2019-05-28T15:29:59.983Z","True","2018-2019 Kindergarten Rates and Exemptions","Abf","False",,"@{autoSyncReadOnlyReplicas=True; maxReadOnlyReplicas=0}","False","mbenz@nd.gov","False","https://app.powerbigov.us/reportEmbed?config=eyJjbHVzdGVyVXJsIjoiaHR0cHM6Ly9XQUJJLVVTLUdPVi1JT1dBLXJlZGlyZWN0LmFuYWx5c2lzLnVzZ292Y2xvdWRhcGkubmV0IiwiZW1iZWRGZWF0dXJlcyI6eyJ1c2FnZU1ldHJpY3NWTmV4dCI6dHJ1ZX19","https://app.powerbigov.us/qnaEmbed?config=eyJjbHVzdGVyVXJsIjoiaHR0cHM6Ly9XQUJJLVVTLUdPVi1JT1dBLXJlZGlyZWN0LmFuYWx5c2lzLnVzZ292Y2xvdWRhcGkubmV0IiwiZW1iZWRGZWF0dXJlcyI6eyJ1c2FnZU1ldHJpY3NWTmV4dCI6dHJ1ZX19","System.Object[]","System.Object[]","0626e185-b817-4708-9077-adbf093d912c","DOH-Medical Services Section"
"https://app.powerbigov.us/groups/0626e185-b817-4708-9077-adbf093d912c/datasets/fa42ccca-5a97-463f-8c5e-72b1bba6b6b1","fa42ccca-5a97-463f-8c5e-72b1bba6b6b1","True","2019-05-30T12:57:17.23Z","True","2019 ND Tick Surveillance PowerBi","Abf","False",,"@{autoSyncReadOnlyReplicas=True; maxReadOnlyReplicas=0}","False","mbenz@nd.gov","False","https://app.powerbigov.us/reportEmbed?config=eyJjbHVzdGVyVXJsIjoiaHR0cHM6Ly9XQUJJLVVTLUdPVi1JT1dBLXJlZGlyZWN0LmFuYWx5c2lzLnVzZ292Y2xvdWRhcGkubmV0IiwiZW1iZWRGZWF0dXJlcyI6eyJ1c2FnZU1ldHJpY3NWTmV4dCI6dHJ1ZX19","https://app.powerbigov.us/qnaEmbed?config=eyJjbHVzdGVyVXJsIjoiaHR0cHM6Ly9XQUJJLVVTLUdPVi1JT1dBLXJlZGlyZWN0LmFuYWx5c2lzLnVzZ292Y2xvdWRhcGkubmV0IiwiZW1iZWRGZWF0dXJlcyI6eyJ1c2FnZU1ldHJpY3NWTmV4dCI6dHJ1ZX19","System.Object[]","System.Object[]","0626e185-b817-4708-9077-adbf093d912c","DOH-Medical Services Section"
"https://app.powerbigov.us/groups/0626e185-b817-4708-9077-adbf093d912c/datasets/92e9b900-abe9-4880-8ca9-9994b9394c50","92e9b900-abe9-4880-8ca9-9994b9394c50","True","2019-08-09T14:50:24.123Z","True","School_Rates","Abf","False",,"@{autoSyncReadOnlyReplicas=True; maxReadOnlyReplicas=0}","False","mbenz@nd.gov","False","https://app.powerbigov.us/reportEmbed?config=eyJjbHVzdGVyVXJsIjoiaHR0cHM6Ly9XQUJJLVVTLUdPVi1JT1dBLXJlZGlyZWN0LmFuYWx5c2lzLnVzZ292Y2xvdWRhcGkubmV0IiwiZW1iZWRGZWF0dXJlcyI6eyJ1c2FnZU1ldHJpY3NWTmV4dCI6dHJ1ZX19","https://app.powerbigov.us/qnaEmbed?config=eyJjbHVzdGVyVXJsIjoiaHR0cHM6Ly9XQUJJLVVTLUdPVi1JT1dBLXJlZGlyZWN0LmFuYWx5c2lzLnVzZ292Y2xvdWRhcGkubmV0IiwiZW1iZWRGZWF0dXJlcyI6eyJ1c2FnZU1ldHJpY3NWTmV4dCI6dHJ1ZX19","System.Object[]","System.Object[]","0626e185-b817-4708-9077-adbf093d912c","DOH-Medical Services Section"
"https://app.powerbigov.us/groups/0626e185-b817-4708-9077-adbf093d912c/datasets/21a29dc3-e135-4982-bc4b-82850cb26dfa","21a29dc3-e135-4982-bc4b-82850cb26dfa","True","2019-11-15T18:58:06.423Z","True","Rabies Historical","Abf","False",,"@{autoSyncReadOnlyReplicas=True; maxReadOnlyReplicas=0}","False","mbenz@nd.gov","False","https://app.powerbigov.us/reportEmbed?config=eyJjbHVzdGVyVXJsIjoiaHR0cHM6Ly9XQUJJLVVTLUdPVi1JT1dBLXJlZGlyZWN0LmFuYWx5c2lzLnVzZ292Y2xvdWRhcGkubmV0IiwiZW1iZWRGZWF0dXJlcyI6eyJ1c2FnZU1ldHJpY3NWTmV4dCI6dHJ1ZX19","https://app.powerbigov.us/qnaEmbed?config=eyJjbHVzdGVyVXJsIjoiaHR0cHM6Ly9XQUJJLVVTLUdPVi1JT1dBLXJlZGlyZWN0LmFuYWx5c2lzLnVzZ292Y2xvdWRhcGkubmV0IiwiZW1iZWRGZWF0dXJlcyI6eyJ1c2FnZU1ldHJpY3NWTmV4dCI6dHJ1ZX19","System.Object[]","System.Object[]","0626e185-b817-4708-9077-adbf093d912c","DOH-Medical Services Section"
"https://app.powerbigov.us/groups/0626e185-b817-4708-9077-adbf093d912c/datasets/483c8d18-956b-4295-b132-2fb8323bfe3b","483c8d18-956b-4295-b132-2fb8323bfe3b","True","2019-12-06T22:01:56.627Z","True","Infant","Abf","False",,"@{autoSyncReadOnlyReplicas=True; maxReadOnlyReplicas=0}","False","mbenz@nd.gov","False","https://app.powerbigov.us/reportEmbed?config=eyJjbHVzdGVyVXJsIjoiaHR0cHM6Ly9XQUJJLVVTLUdPVi1JT1dBLXJlZGlyZWN0LmFuYWx5c2lzLnVzZ292Y2xvdWRhcGkubmV0IiwiZW1iZWRGZWF0dXJlcyI6eyJ1c2FnZU1ldHJpY3NWTmV4dCI6dHJ1ZX19","https://app.powerbigov.us/qnaEmbed?config=eyJjbHVzdGVyVXJsIjoiaHR0cHM6Ly9XQUJJLVVTLUdPVi1JT1dBLXJlZGlyZWN0LmFuYWx5c2lzLnVzZ292Y2xvdWRhcGkubmV0IiwiZW1iZWRGZWF0dXJlcyI6eyJ1c2FnZU1ldHJpY3NWTmV4dCI6dHJ1ZX19","System.Object[]","System.Object[]","0626e185-b817-4708-9077-adbf093d912c","DOH-Medical Services Section"
"https://app.powerbigov.us/groups/0626e185-b817-4708-9077-adbf093d912c/datasets/5cdd6e5b-c2d2-4550-bb43-ecaaef334653","5cdd6e5b-c2d2-4550-bb43-ecaaef334653","True","2019-12-19T15:09:10.373Z","True","Influenza","Abf","False",,"@{autoSyncReadOnlyReplicas=True; maxReadOnlyReplicas=0}","False","mbenz@nd.gov","False","https://app.powerbigov.us/reportEmbed?config=eyJjbHVzdGVyVXJsIjoiaHR0cHM6Ly9XQUJJLVVTLUdPVi1JT1dBLXJlZGlyZWN0LmFuYWx5c2lzLnVzZ292Y2xvdWRhcGkubmV0IiwiZW1iZWRGZWF0dXJlcyI6eyJ1c2FnZU1ldHJpY3NWTmV4dCI6dHJ1ZX19","https://app.powerbigov.us/qnaEmbed?config=eyJjbHVzdGVyVXJsIjoiaHR0cHM6Ly9XQUJJLVVTLUdPVi1JT1dBLXJlZGlyZWN0LmFuYWx5c2lzLnVzZ292Y2xvdWRhcGkubmV0IiwiZW1iZWRGZWF0dXJlcyI6eyJ1c2FnZU1ldHJpY3NWTmV4dCI6dHJ1ZX19","System.Object[]","System.Object[]","0626e185-b817-4708-9077-adbf093d912c","DOH-Medical Services Section"
"https://app.powerbigov.us/groups/0626e185-b817-4708-9077-adbf093d912c/datasets/dace1871-db8e-4003-8b14-37e3f1d33a9b","dace1871-db8e-4003-8b14-37e3f1d33a9b","True","2019-12-19T15:10:30.59Z","True","Adult","Abf","False",,"@{autoSyncReadOnlyReplicas=True; maxReadOnlyReplicas=0}","False","mbenz@nd.gov","False","https://app.powerbigov.us/reportEmbed?config=eyJjbHVzdGVyVXJsIjoiaHR0cHM6Ly9XQUJJLVVTLUdPVi1JT1dBLXJlZGlyZWN0LmFuYWx5c2lzLnVzZ292Y2xvdWRhcGkubmV0IiwiZW1iZWRGZWF0dXJlcyI6eyJ1c2FnZU1ldHJpY3NWTmV4dCI6dHJ1ZX19","https://app.powerbigov.us/qnaEmbed?config=eyJjbHVzdGVyVXJsIjoiaHR0cHM6Ly9XQUJJLVVTLUdPVi1JT1dBLXJlZGlyZWN0LmFuYWx5c2lzLnVzZ292Y2xvdWRhcGkubmV0IiwiZW1iZWRGZWF0dXJlcyI6eyJ1c2FnZU1ldHJpY3NWTmV4dCI6dHJ1ZX19","System.Object[]","System.Object[]","0626e185-b817-4708-9077-adbf093d912c","DOH-Medical Services Section"
"https://app.powerbigov.us/groups/0626e185-b817-4708-9077-adbf093d912c/datasets/2c8c55f3-e6d7-4a3d-b80b-f60cedc12d50","2c8c55f3-e6d7-4a3d-b80b-f60cedc12d50","True","2019-12-19T15:11:46.737Z","True","Adolescent","Abf","False",,"@{autoSyncReadOnlyReplicas=True; maxReadOnlyReplicas=0}","False","mbenz@nd.gov","False","https://app.powerbigov.us/reportEmbed?config=eyJjbHVzdGVyVXJsIjoiaHR0cHM6Ly9XQUJJLVVTLUdPVi1JT1dBLXJlZGlyZWN0LmFuYWx5c2lzLnVzZ292Y2xvdWRhcGkubmV0IiwiZW1iZWRGZWF0dXJlcyI6eyJ1c2FnZU1ldHJpY3NWTmV4dCI6dHJ1ZX19","https://app.powerbigov.us/qnaEmbed?config=eyJjbHVzdGVyVXJsIjoiaHR0cHM6Ly9XQUJJLVVTLUdPVi1JT1dBLXJlZGlyZWN0LmFuYWx5c2lzLnVzZ292Y2xvdWRhcGkubmV0IiwiZW1iZWRGZWF0dXJlcyI6eyJ1c2FnZU1ldHJpY3NWTmV4dCI6dHJ1ZX19","System.Object[]","System.Object[]","0626e185-b817-4708-9077-adbf093d912c","DOH-Medical Services Section"
"https://app.powerbigov.us/groups/0626e185-b817-4708-9077-adbf093d912c/datasets/971fb32c-fe2d-4458-8f1e-7ab7a24a785b","971fb32c-fe2d-4458-8f1e-7ab7a24a785b","True","2020-03-24T03:47:01.1Z","True","Corona_All_Tests","Abf","False",,"@{autoSyncReadOnlyReplicas=True; maxReadOnlyReplicas=0}","False","mbenz@nd.gov","False","https://app.powerbigov.us/reportEmbed?config=eyJjbHVzdGVyVXJsIjoiaHR0cHM6Ly9XQUJJLVVTLUdPVi1JT1dBLXJlZGlyZWN0LmFuYWx5c2lzLnVzZ292Y2xvdWRhcGkubmV0IiwiZW1iZWRGZWF0dXJlcyI6eyJ1c2FnZU1ldHJpY3NWTmV4dCI6dHJ1ZX19","https://app.powerbigov.us/qnaEmbed?config=eyJjbHVzdGVyVXJsIjoiaHR0cHM6Ly9XQUJJLVVTLUdPVi1JT1dBLXJlZGlyZWN0LmFuYWx5c2lzLnVzZ292Y2xvdWRhcGkubmV0IiwiZW1iZWRGZWF0dXJlcyI6eyJ1c2FnZU1ldHJpY3NWTmV4dCI6dHJ1ZX19","System.Object[]","System.Object[]","0626e185-b817-4708-9077-adbf093d912c","DOH-Medical Services Section"
"https://app.powerbigov.us/groups/0626e185-b817-4708-9077-adbf093d912c/datasets/3ed688fc-b91d-406a-8664-d6acc96d8209","3ed688fc-b91d-406a-8664-d6acc96d8209","True","2020-07-21T17:40:31.677Z","False","WNV_Data_Human","Abf","False",,"@{autoSyncReadOnlyReplicas=True; maxReadOnlyReplicas=0}","False","mbenz@nd.gov","False","https://app.powerbigov.us/reportEmbed?config=eyJjbHVzdGVyVXJsIjoiaHR0cHM6Ly9XQUJJLVVTLUdPVi1JT1dBLXJlZGlyZWN0LmFuYWx5c2lzLnVzZ292Y2xvdWRhcGkubmV0IiwiZW1iZWRGZWF0dXJlcyI6eyJ1c2FnZU1ldHJpY3NWTmV4dCI6dHJ1ZX19","https://app.powerbigov.us/qnaEmbed?config=eyJjbHVzdGVyVXJsIjoiaHR0cHM6Ly9XQUJJLVVTLUdPVi1JT1dBLXJlZGlyZWN0LmFuYWx5c2lzLnVzZ292Y2xvdWRhcGkubmV0IiwiZW1iZWRGZWF0dXJlcyI6eyJ1c2FnZU1ldHJpY3NWTmV4dCI6dHJ1ZX19","System.Object[]","System.Object[]","0626e185-b817-4708-9077-adbf093d912c","DOH-Medical Services Section"
"https://app.powerbigov.us/groups/0626e185-b817-4708-9077-adbf093d912c/datasets/6a9fe8ac-0466-43ee-8d34-62245cf94072","6a9fe8ac-0466-43ee-8d34-62245cf94072","True","2020-07-21T18:12:12.69Z","True","WNV_Animal","Abf","False",,"@{autoSyncReadOnlyReplicas=True; maxReadOnlyReplicas=0}","False","lkmauch@nd.gov","False","https://app.powerbigov.us/reportEmbed?config=eyJjbHVzdGVyVXJsIjoiaHR0cHM6Ly9XQUJJLVVTLUdPVi1JT1dBLXJlZGlyZWN0LmFuYWx5c2lzLnVzZ292Y2xvdWRhcGkubmV0IiwiZW1iZWRGZWF0dXJlcyI6eyJ1c2FnZU1ldHJpY3NWTmV4dCI6dHJ1ZX19","https://app.powerbigov.us/qnaEmbed?config=eyJjbHVzdGVyVXJsIjoiaHR0cHM6Ly9XQUJJLVVTLUdPVi1JT1dBLXJlZGlyZWN0LmFuYWx5c2lzLnVzZ292Y2xvdWRhcGkubmV0IiwiZW1iZWRGZWF0dXJlcyI6eyJ1c2FnZU1ldHJpY3NWTmV4dCI6dHJ1ZX19","System.Object[]","System.Object[]","0626e185-b817-4708-9077-adbf093d912c","DOH-Medical Services Section"
"https://app.powerbigov.us/groups/0626e185-b817-4708-9077-adbf093d912c/datasets/640ed71a-84de-443a-8500-4c7ee878a8d1","640ed71a-84de-443a-8500-4c7ee878a8d1","False","2020-09-29T21:14:46.647Z","False","Report Usage Metrics Model","Abf","False",,"@{autoSyncReadOnlyReplicas=True; maxReadOnlyReplicas=0}","False","bschram@nd.gov","False","https://app.powerbigov.us/reportEmbed?config=eyJjbHVzdGVyVXJsIjoiaHR0cHM6Ly9XQUJJLVVTLUdPVi1JT1dBLXJlZGlyZWN0LmFuYWx5c2lzLnVzZ292Y2xvdWRhcGkubmV0IiwiZW1iZWRGZWF0dXJlcyI6eyJ1c2FnZU1ldHJpY3NWTmV4dCI6dHJ1ZX19","https://app.powerbigov.us/qnaEmbed?config=eyJjbHVzdGVyVXJsIjoiaHR0cHM6Ly9XQUJJLVVTLUdPVi1JT1dBLXJlZGlyZWN0LmFuYWx5c2lzLnVzZ292Y2xvdWRhcGkubmV0IiwiZW1iZWRGZWF0dXJlcyI6eyJ1c2FnZU1ldHJpY3NWTmV4dCI6dHJ1ZX19","System.Object[]","System.Object[]","0626e185-b817-4708-9077-adbf093d912c","DOH-Medical Services Section"
"https://app.powerbigov.us/groups/0626e185-b817-4708-9077-adbf093d912c/datasets/2ab57dbd-f0d7-4a6d-aa53-e51fd208650b","2ab57dbd-f0d7-4a6d-aa53-e51fd208650b","True","2021-07-02T14:01:21.013Z","True","Tick Surveillance","Abf","False",,"@{autoSyncReadOnlyReplicas=True; maxReadOnlyReplicas=0}","False","mbenz@nd.gov","False","https://app.powerbigov.us/reportEmbed?config=eyJjbHVzdGVyVXJsIjoiaHR0cHM6Ly9XQUJJLVVTLUdPVi1JT1dBLXJlZGlyZWN0LmFuYWx5c2lzLnVzZ292Y2xvdWRhcGkubmV0IiwiZW1iZWRGZWF0dXJlcyI6eyJ1c2FnZU1ldHJpY3NWTmV4dCI6dHJ1ZX19","https://app.powerbigov.us/qnaEmbed?config=eyJjbHVzdGVyVXJsIjoiaHR0cHM6Ly9XQUJJLVVTLUdPVi1JT1dBLXJlZGlyZWN0LmFuYWx5c2lzLnVzZ292Y2xvdWRhcGkubmV0IiwiZW1iZWRGZWF0dXJlcyI6eyJ1c2FnZU1ldHJpY3NWTmV4dCI6dHJ1ZX19","System.Object[]","System.Object[]","0626e185-b817-4708-9077-adbf093d912c","DOH-Medical Services Section"
"https://app.powerbigov.us/groups/0626e185-b817-4708-9077-adbf093d912c/datasets/3883835f-2f95-4414-9752-45a985467c68","3883835f-2f95-4414-9752-45a985467c68","True","2021-08-18T18:20:32.48Z","False","BreakthroughDashboard","Abf","False",,"@{autoSyncReadOnlyReplicas=True; maxReadOnlyReplicas=0}","False","bschram@nd.gov","False","https://app.powerbigov.us/reportEmbed?config=eyJjbHVzdGVyVXJsIjoiaHR0cHM6Ly9XQUJJLVVTLUdPVi1JT1dBLXJlZGlyZWN0LmFuYWx5c2lzLnVzZ292Y2xvdWRhcGkubmV0IiwiZW1iZWRGZWF0dXJlcyI6eyJ1c2FnZU1ldHJpY3NWTmV4dCI6dHJ1ZX19","https://app.powerbigov.us/qnaEmbed?config=eyJjbHVzdGVyVXJsIjoiaHR0cHM6Ly9XQUJJLVVTLUdPVi1JT1dBLXJlZGlyZWN0LmFuYWx5c2lzLnVzZ292Y2xvdWRhcGkubmV0IiwiZW1iZWRGZWF0dXJlcyI6eyJ1c2FnZU1ldHJpY3NWTmV4dCI6dHJ1ZX19","System.Object[]","System.Object[]","0626e185-b817-4708-9077-adbf093d912c","DOH-Medical Services Section"
"https://app.powerbigov.us/groups/0626e185-b817-4708-9077-adbf093d912c/datasets/a8ebfab5-f715-4a45-b3c9-4fe086a428e9","a8ebfab5-f715-4a45-b3c9-4fe086a428e9","True","2021-09-14T13:55:55.22Z","False","Usage Metrics Report","Abf","False",,"@{autoSyncReadOnlyReplicas=True; maxReadOnlyReplicas=0}","False","bschram@nd.gov","False","https://app.powerbigov.us/reportEmbed?config=eyJjbHVzdGVyVXJsIjoiaHR0cHM6Ly9XQUJJLVVTLUdPVi1JT1dBLXJlZGlyZWN0LmFuYWx5c2lzLnVzZ292Y2xvdWRhcGkubmV0IiwiZW1iZWRGZWF0dXJlcyI6eyJ1c2FnZU1ldHJpY3NWTmV4dCI6dHJ1ZX19","https://app.powerbigov.us/qnaEmbed?config=eyJjbHVzdGVyVXJsIjoiaHR0cHM6Ly9XQUJJLVVTLUdPVi1JT1dBLXJlZGlyZWN0LmFuYWx5c2lzLnVzZ292Y2xvdWRhcGkubmV0IiwiZW1iZWRGZWF0dXJlcyI6eyJ1c2FnZU1ldHJpY3NWTmV4dCI6dHJ1ZX19","System.Object[]","System.Object[]","0626e185-b817-4708-9077-adbf093d912c","DOH-Medical Services Section"
"https://app.powerbigov.us/groups/0626e185-b817-4708-9077-adbf093d912c/datasets/da9ebc5c-9284-41dd-88ca-9253179cfd4e","da9ebc5c-9284-41dd-88ca-9253179cfd4e","True","2021-09-14T14:08:41.613Z","False","CountyAgThresholdDash","Abf","False",,"@{autoSyncReadOnlyReplicas=True; maxReadOnlyReplicas=0}","False","bschram@nd.gov","False","https://app.powerbigov.us/reportEmbed?config=eyJjbHVzdGVyVXJsIjoiaHR0cHM6Ly9XQUJJLVVTLUdPVi1JT1dBLXJlZGlyZWN0LmFuYWx5c2lzLnVzZ292Y2xvdWRhcGkubmV0IiwiZW1iZWRGZWF0dXJlcyI6eyJ1c2FnZU1ldHJpY3NWTmV4dCI6dHJ1ZX19","https://app.powerbigov.us/qnaEmbed?config=eyJjbHVzdGVyVXJsIjoiaHR0cHM6Ly9XQUJJLVVTLUdPVi1JT1dBLXJlZGlyZWN0LmFuYWx5c2lzLnVzZ292Y2xvdWRhcGkubmV0IiwiZW1iZWRGZWF0dXJlcyI6eyJ1c2FnZU1ldHJpY3NWTmV4dCI6dHJ1ZX19","System.Object[]","System.Object[]","0626e185-b817-4708-9077-adbf093d912c","DOH-Medical Services Section"
"https://app.powerbigov.us/groups/0626e185-b817-4708-9077-adbf093d912c/datasets/fe42c6ba-93e6-44d3-a200-b1967357bc1f","fe42c6ba-93e6-44d3-a200-b1967357bc1f","True","2022-06-16T01:09:17.85Z","False","COVID-19 CongregateSettingDash","Abf","False",,"@{autoSyncReadOnlyReplicas=True; maxReadOnlyReplicas=0}","False","bschram@nd.gov","False","https://app.powerbigov.us/reportEmbed?config=eyJjbHVzdGVyVXJsIjoiaHR0cHM6Ly9XQUJJLVVTLUdPVi1JT1dBLXJlZGlyZWN0LmFuYWx5c2lzLnVzZ292Y2xvdWRhcGkubmV0IiwiZW1iZWRGZWF0dXJlcyI6eyJ1c2FnZU1ldHJpY3NWTmV4dCI6dHJ1ZX19","https://app.powerbigov.us/qnaEmbed?config=eyJjbHVzdGVyVXJsIjoiaHR0cHM6Ly9XQUJJLVVTLUdPVi1JT1dBLXJlZGlyZWN0LmFuYWx5c2lzLnVzZ292Y2xvdWRhcGkubmV0IiwiZW1iZWRGZWF0dXJlcyI6eyJ1c2FnZU1ldHJpY3NWTmV4dCI6dHJ1ZX19","System.Object[]","System.Object[]","0626e185-b817-4708-9077-adbf093d912c","DOH-Medical Services Section"
"https://app.powerbigov.us/groups/0626e185-b817-4708-9077-adbf093d912c/datasets/3525a8bc-668d-4ecf-a062-c967127e98b3","3525a8bc-668d-4ecf-a062-c967127e98b3","True","2022-06-17T13:58:32.913Z","False","COVID-19 Residence and Workplace Dash","Abf","False",,"@{autoSyncReadOnlyReplicas=True; maxReadOnlyReplicas=0}","False","jwoolston@nd.gov","False","https://app.powerbigov.us/reportEmbed?config=eyJjbHVzdGVyVXJsIjoiaHR0cHM6Ly9XQUJJLVVTLUdPVi1JT1dBLXJlZGlyZWN0LmFuYWx5c2lzLnVzZ292Y2xvdWRhcGkubmV0IiwiZW1iZWRGZWF0dXJlcyI6eyJ1c2FnZU1ldHJpY3NWTmV4dCI6dHJ1ZX19","https://app.powerbigov.us/qnaEmbed?config=eyJjbHVzdGVyVXJsIjoiaHR0cHM6Ly9XQUJJLVVTLUdPVi1JT1dBLXJlZGlyZWN0LmFuYWx5c2lzLnVzZ292Y2xvdWRhcGkubmV0IiwiZW1iZWRGZWF0dXJlcyI6eyJ1c2FnZU1ldHJpY3NWTmV4dCI6dHJ1ZX19","System.Object[]","System.Object[]","0626e185-b817-4708-9077-adbf093d912c","DOH-Medical Services Section"
"https://app.powerbigov.us/groups/0626e185-b817-4708-9077-adbf093d912c/datasets/36368c0a-fddf-4ec9-8bca-92076fd5935b","36368c0a-fddf-4ec9-8bca-92076fd5935b","True","2022-08-09T21:41:52.043Z","False","MPXV_External_Dashboard_Auto","Abf","False",,"@{autoSyncReadOnlyReplicas=True; maxReadOnlyReplicas=0}","False","bschram@nd.gov","False","https://app.powerbigov.us/reportEmbed?config=eyJjbHVzdGVyVXJsIjoiaHR0cHM6Ly9XQUJJLVVTLUdPVi1JT1dBLXJlZGlyZWN0LmFuYWx5c2lzLnVzZ292Y2xvdWRhcGkubmV0IiwiZW1iZWRGZWF0dXJlcyI6eyJ1c2FnZU1ldHJpY3NWTmV4dCI6dHJ1ZX19","https://app.powerbigov.us/qnaEmbed?config=eyJjbHVzdGVyVXJsIjoiaHR0cHM6Ly9XQUJJLVVTLUdPVi1JT1dBLXJlZGlyZWN0LmFuYWx5c2lzLnVzZ292Y2xvdWRhcGkubmV0IiwiZW1iZWRGZWF0dXJlcyI6eyJ1c2FnZU1ldHJpY3NWTmV4dCI6dHJ1ZX19","System.Object[]","System.Object[]","0626e185-b817-4708-9077-adbf093d912c","DOH-Medical Services Section"
"https://app.powerbigov.us/groups/0626e185-b817-4708-9077-adbf093d912c/datasets/be7d7762-8f06-4cc0-9ff0-54e4e531a07a","be7d7762-8f06-4cc0-9ff0-54e4e531a07a","True","2022-08-31T16:10:28.367Z","True","MSS_Data_Report_DD","Abf","False",,"@{autoSyncReadOnlyReplicas=True; maxReadOnlyReplicas=0}","False","bschram@nd.gov","False","https://app.powerbigov.us/reportEmbed?config=eyJjbHVzdGVyVXJsIjoiaHR0cHM6Ly9XQUJJLVVTLUdPVi1JT1dBLXJlZGlyZWN0LmFuYWx5c2lzLnVzZ292Y2xvdWRhcGkubmV0IiwiZW1iZWRGZWF0dXJlcyI6eyJ1c2FnZU1ldHJpY3NWTmV4dCI6dHJ1ZX19","https://app.powerbigov.us/qnaEmbed?config=eyJjbHVzdGVyVXJsIjoiaHR0cHM6Ly9XQUJJLVVTLUdPVi1JT1dBLXJlZGlyZWN0LmFuYWx5c2lzLnVzZ292Y2xvdWRhcGkubmV0IiwiZW1iZWRGZWF0dXJlcyI6eyJ1c2FnZU1ldHJpY3NWTmV4dCI6dHJ1ZX19","System.Object[]","System.Object[]","0626e185-b817-4708-9077-adbf093d912c","DOH-Medical Services Section"
"https://app.powerbigov.us/groups/0626e185-b817-4708-9077-adbf093d912c/datasets/422ac87e-5a4e-4b04-8fc5-ad7f379519fa","422ac87e-5a4e-4b04-8fc5-ad7f379519fa","True","2022-11-15T19:51:12.93Z","True","Influenza_Weekly_Report","Abf","False",,"@{autoSyncReadOnlyReplicas=True; maxReadOnlyReplicas=0}","False","lschlosser@nd.gov","False","https://app.powerbigov.us/reportEmbed?config=eyJjbHVzdGVyVXJsIjoiaHR0cHM6Ly9XQUJJLVVTLUdPVi1JT1dBLXJlZGlyZWN0LmFuYWx5c2lzLnVzZ292Y2xvdWRhcGkubmV0IiwiZW1iZWRGZWF0dXJlcyI6eyJ1c2FnZU1ldHJpY3NWTmV4dCI6dHJ1ZX19","https://app.powerbigov.us/qnaEmbed?config=eyJjbHVzdGVyVXJsIjoiaHR0cHM6Ly9XQUJJLVVTLUdPVi1JT1dBLXJlZGlyZWN0LmFuYWx5c2lzLnVzZ292Y2xvdWRhcGkubmV0IiwiZW1iZWRGZWF0dXJlcyI6eyJ1c2FnZU1ldHJpY3NWTmV4dCI6dHJ1ZX19","System.Object[]","System.Object[]","0626e185-b817-4708-9077-adbf093d912c","DOH-Medical Services Section"
"https://app.powerbigov.us/groups/0626e185-b817-4708-9077-adbf093d912c/datasets/56968f58-f7b1-43ed-8c7e-01c7dcfaefc1","56968f58-f7b1-43ed-8c7e-01c7dcfaefc1","True","2022-11-22T20:04:41.84Z","False","DC_Internal_Dashboard","Abf","False","Contact: Jeannie Woolston","@{autoSyncReadOnlyReplicas=True; maxReadOnlyReplicas=0}","False","lkmauch@nd.gov","False","https://app.powerbigov.us/reportEmbed?config=eyJjbHVzdGVyVXJsIjoiaHR0cHM6Ly9XQUJJLVVTLUdPVi1JT1dBLXJlZGlyZWN0LmFuYWx5c2lzLnVzZ292Y2xvdWRhcGkubmV0IiwiZW1iZWRGZWF0dXJlcyI6eyJ1c2FnZU1ldHJpY3NWTmV4dCI6dHJ1ZX19","https://app.powerbigov.us/qnaEmbed?config=eyJjbHVzdGVyVXJsIjoiaHR0cHM6Ly9XQUJJLVVTLUdPVi1JT1dBLXJlZGlyZWN0LmFuYWx5c2lzLnVzZ292Y2xvdWRhcGkubmV0IiwiZW1iZWRGZWF0dXJlcyI6eyJ1c2FnZU1ldHJpY3NWTmV4dCI6dHJ1ZX19","System.Object[]","System.Object[]","0626e185-b817-4708-9077-adbf093d912c","DOH-Medical Services Section"
"https://app.powerbigov.us/groups/0626e185-b817-4708-9077-adbf093d912c/datasets/eaea7eec-23e2-4e4e-a2a8-e41d1d15011b","eaea7eec-23e2-4e4e-a2a8-e41d1d15011b","True","2023-02-03T17:38:21.037Z","True","NDIIS Interoperability","Abf","False",,"@{autoSyncReadOnlyReplicas=True; maxReadOnlyReplicas=0}","False","mary.woinarowicz@nd.gov","False","https://app.powerbigov.us/reportEmbed?config=eyJjbHVzdGVyVXJsIjoiaHR0cHM6Ly9XQUJJLVVTLUdPVi1JT1dBLXJlZGlyZWN0LmFuYWx5c2lzLnVzZ292Y2xvdWRhcGkubmV0IiwiZW1iZWRGZWF0dXJlcyI6eyJ1c2FnZU1ldHJpY3NWTmV4dCI6dHJ1ZX19","https://app.powerbigov.us/qnaEmbed?config=eyJjbHVzdGVyVXJsIjoiaHR0cHM6Ly9XQUJJLVVTLUdPVi1JT1dBLXJlZGlyZWN0LmFuYWx5c2lzLnVzZ292Y2xvdWRhcGkubmV0IiwiZW1iZWRGZWF0dXJlcyI6eyJ1c2FnZU1ldHJpY3NWTmV4dCI6dHJ1ZX19","System.Object[]","System.Object[]","0626e185-b817-4708-9077-adbf093d912c","DOH-Medical Services Section"
"https://app.powerbigov.us/groups/0626e185-b817-4708-9077-adbf093d912c/datasets/706d88f7-6ed7-4b32-afe9-e68923a985c7","706d88f7-6ed7-4b32-afe9-e68923a985c7","True","2023-04-20T21:18:12.63Z","True","HBIG dashboard","Abf","False",,"@{autoSyncReadOnlyReplicas=True; maxReadOnlyReplicas=0}","False","mary.woinarowicz@nd.gov","False","https://app.powerbigov.us/reportEmbed?config=eyJjbHVzdGVyVXJsIjoiaHR0cHM6Ly9XQUJJLVVTLUdPVi1JT1dBLXJlZGlyZWN0LmFuYWx5c2lzLnVzZ292Y2xvdWRhcGkubmV0IiwiZW1iZWRGZWF0dXJlcyI6eyJ1c2FnZU1ldHJpY3NWTmV4dCI6dHJ1ZX19","https://app.powerbigov.us/qnaEmbed?config=eyJjbHVzdGVyVXJsIjoiaHR0cHM6Ly9XQUJJLVVTLUdPVi1JT1dBLXJlZGlyZWN0LmFuYWx5c2lzLnVzZ292Y2xvdWRhcGkubmV0IiwiZW1iZWRGZWF0dXJlcyI6eyJ1c2FnZU1ldHJpY3NWTmV4dCI6dHJ1ZX19","System.Object[]","System.Object[]","0626e185-b817-4708-9077-adbf093d912c","DOH-Medical Services Section"
"https://app.powerbigov.us/groups/0626e185-b817-4708-9077-adbf093d912c/datasets/ef38eff2-877d-4a34-ac86-c39ea1660c35","ef38eff2-877d-4a34-ac86-c39ea1660c35","True","2023-05-17T14:17:28.273Z","False","MavenUsers","Abf","False",,"@{autoSyncReadOnlyReplicas=True; maxReadOnlyReplicas=0}","False","bschram@nd.gov","False","https://app.powerbigov.us/reportEmbed?config=eyJjbHVzdGVyVXJsIjoiaHR0cHM6Ly9XQUJJLVVTLUdPVi1JT1dBLXJlZGlyZWN0LmFuYWx5c2lzLnVzZ292Y2xvdWRhcGkubmV0IiwiZW1iZWRGZWF0dXJlcyI6eyJ1c2FnZU1ldHJpY3NWTmV4dCI6dHJ1ZX19","https://app.powerbigov.us/qnaEmbed?config=eyJjbHVzdGVyVXJsIjoiaHR0cHM6Ly9XQUJJLVVTLUdPVi1JT1dBLXJlZGlyZWN0LmFuYWx5c2lzLnVzZ292Y2xvdWRhcGkubmV0IiwiZW1iZWRGZWF0dXJlcyI6eyJ1c2FnZU1ldHJpY3NWTmV4dCI6dHJ1ZX19","System.Object[]","System.Object[]","0626e185-b817-4708-9077-adbf093d912c","DOH-Medical Services Section"
"https://app.powerbigov.us/groups/0626e185-b817-4708-9077-adbf093d912c/datasets/972eef46-a809-4b50-b135-388be8418bc3","972eef46-a809-4b50-b135-388be8418bc3","True","2023-06-30T20:39:35.077Z","True","Immunization Honor Roll","Abf","False",,"@{autoSyncReadOnlyReplicas=True; maxReadOnlyReplicas=0}","False","mary.woinarowicz@nd.gov","False","https://app.powerbigov.us/reportEmbed?config=eyJjbHVzdGVyVXJsIjoiaHR0cHM6Ly9XQUJJLVVTLUdPVi1JT1dBLXJlZGlyZWN0LmFuYWx5c2lzLnVzZ292Y2xvdWRhcGkubmV0IiwiZW1iZWRGZWF0dXJlcyI6eyJ1c2FnZU1ldHJpY3NWTmV4dCI6dHJ1ZX19","https://app.powerbigov.us/qnaEmbed?config=eyJjbHVzdGVyVXJsIjoiaHR0cHM6Ly9XQUJJLVVTLUdPVi1JT1dBLXJlZGlyZWN0LmFuYWx5c2lzLnVzZ292Y2xvdWRhcGkubmV0IiwiZW1iZWRGZWF0dXJlcyI6eyJ1c2FnZU1ldHJpY3NWTmV4dCI6dHJ1ZX19","System.Object[]","System.Object[]","0626e185-b817-4708-9077-adbf093d912c","DOH-Medical Services Section"
"https://app.powerbigov.us/groups/0626e185-b817-4708-9077-adbf093d912c/datasets/e3049edf-2965-4588-a8c2-b1d133869ec7","e3049edf-2965-4588-a8c2-b1d133869ec7","True","2023-07-17T12:28:32.357Z","True","Immunization - NDIIS DQ Dashboard","Abf","False",,"@{autoSyncReadOnlyReplicas=True; maxReadOnlyReplicas=0}","False","mmarto@nd.gov","False","https://app.powerbigov.us/reportEmbed?config=eyJjbHVzdGVyVXJsIjoiaHR0cHM6Ly9XQUJJLVVTLUdPVi1JT1dBLXJlZGlyZWN0LmFuYWx5c2lzLnVzZ292Y2xvdWRhcGkubmV0IiwiZW1iZWRGZWF0dXJlcyI6eyJ1c2FnZU1ldHJpY3NWTmV4dCI6dHJ1ZX19","https://app.powerbigov.us/qnaEmbed?config=eyJjbHVzdGVyVXJsIjoiaHR0cHM6Ly9XQUJJLVVTLUdPVi1JT1dBLXJlZGlyZWN0LmFuYWx5c2lzLnVzZ292Y2xvdWRhcGkubmV0IiwiZW1iZWRGZWF0dXJlcyI6eyJ1c2FnZU1ldHJpY3NWTmV4dCI6dHJ1ZX19","System.Object[]","System.Object[]","0626e185-b817-4708-9077-adbf093d912c","DOH-Medical Services Section"
"https://app.powerbigov.us/groups/0626e185-b817-4708-9077-adbf093d912c/datasets/993d73bb-4bc7-442f-9b2f-80bc3b4d8003","993d73bb-4bc7-442f-9b2f-80bc3b4d8003","True","2023-08-15T16:22:12.18Z","False","COVID-19 CongregateSettingDQ Dash","Abf","False",,"@{autoSyncReadOnlyReplicas=True; maxReadOnlyReplicas=0}","False","jwoolston@nd.gov","False","https://app.powerbigov.us/reportEmbed?config=eyJjbHVzdGVyVXJsIjoiaHR0cHM6Ly9XQUJJLVVTLUdPVi1JT1dBLXJlZGlyZWN0LmFuYWx5c2lzLnVzZ292Y2xvdWRhcGkubmV0IiwiZW1iZWRGZWF0dXJlcyI6eyJ1c2FnZU1ldHJpY3NWTmV4dCI6dHJ1ZX19","https://app.powerbigov.us/qnaEmbed?config=eyJjbHVzdGVyVXJsIjoiaHR0cHM6Ly9XQUJJLVVTLUdPVi1JT1dBLXJlZGlyZWN0LmFuYWx5c2lzLnVzZ292Y2xvdWRhcGkubmV0IiwiZW1iZWRGZWF0dXJlcyI6eyJ1c2FnZU1ldHJpY3NWTmV4dCI6dHJ1ZX19","System.Object[]","System.Object[]","0626e185-b817-4708-9077-adbf093d912c","DOH-Medical Services Section"
"https://app.powerbigov.us/groups/0626e185-b817-4708-9077-adbf093d912c/datasets/01541931-7efc-4d0b-addb-7bbfa3939eef","01541931-7efc-4d0b-addb-7bbfa3939eef","True","2023-11-27T19:08:48.67Z","False","Table","Abf","False",,"@{autoSyncReadOnlyReplicas=True; maxReadOnlyReplicas=0}","False","DPinnick@nd.gov","False","https://app.powerbigov.us/reportEmbed?config=eyJjbHVzdGVyVXJsIjoiaHR0cHM6Ly9XQUJJLVVTLUdPVi1JT1dBLXJlZGlyZWN0LmFuYWx5c2lzLnVzZ292Y2xvdWRhcGkubmV0IiwiZW1iZWRGZWF0dXJlcyI6eyJ1c2FnZU1ldHJpY3NWTmV4dCI6dHJ1ZX19","https://app.powerbigov.us/qnaEmbed?config=eyJjbHVzdGVyVXJsIjoiaHR0cHM6Ly9XQUJJLVVTLUdPVi1JT1dBLXJlZGlyZWN0LmFuYWx5c2lzLnVzZ292Y2xvdWRhcGkubmV0IiwiZW1iZWRGZWF0dXJlcyI6eyJ1c2FnZU1ldHJpY3NWTmV4dCI6dHJ1ZX19","System.Object[]","System.Object[]","0626e185-b817-4708-9077-adbf093d912c","DOH-Medical Services Section"
"https://app.powerbigov.us/groups/0626e185-b817-4708-9077-adbf093d912c/datasets/57e4aec8-f0fb-4b82-bfcb-b8d1641ae3e6","57e4aec8-f0fb-4b82-bfcb-b8d1641ae3e6","True","2023-11-27T19:09:55.157Z","False","Table","Abf","False",,"@{autoSyncReadOnlyReplicas=True; maxReadOnlyReplicas=0}","False","DPinnick@nd.gov","False","https://app.powerbigov.us/reportEmbed?config=eyJjbHVzdGVyVXJsIjoiaHR0cHM6Ly9XQUJJLVVTLUdPVi1JT1dBLXJlZGlyZWN0LmFuYWx5c2lzLnVzZ292Y2xvdWRhcGkubmV0IiwiZW1iZWRGZWF0dXJlcyI6eyJ1c2FnZU1ldHJpY3NWTmV4dCI6dHJ1ZX19","https://app.powerbigov.us/qnaEmbed?config=eyJjbHVzdGVyVXJsIjoiaHR0cHM6Ly9XQUJJLVVTLUdPVi1JT1dBLXJlZGlyZWN0LmFuYWx5c2lzLnVzZ292Y2xvdWRhcGkubmV0IiwiZW1iZWRGZWF0dXJlcyI6eyJ1c2FnZU1ldHJpY3NWTmV4dCI6dHJ1ZX19","System.Object[]","System.Object[]","0626e185-b817-4708-9077-adbf093d912c","DOH-Medical Services Section"
"https://app.powerbigov.us/groups/0626e185-b817-4708-9077-adbf093d912c/datasets/91370b8d-8fcf-472c-b44b-1a101bc82810","91370b8d-8fcf-472c-b44b-1a101bc82810","True","2024-01-05T17:56:44.463Z","False","Pertussis","Abf","False",,"@{autoSyncReadOnlyReplicas=True; maxReadOnlyReplicas=0}","False","bschram@nd.gov","False","https://app.powerbigov.us/reportEmbed?config=eyJjbHVzdGVyVXJsIjoiaHR0cHM6Ly9XQUJJLVVTLUdPVi1JT1dBLXJlZGlyZWN0LmFuYWx5c2lzLnVzZ292Y2xvdWRhcGkubmV0IiwiZW1iZWRGZWF0dXJlcyI6eyJ1c2FnZU1ldHJpY3NWTmV4dCI6dHJ1ZX19","https://app.powerbigov.us/qnaEmbed?config=eyJjbHVzdGVyVXJsIjoiaHR0cHM6Ly9XQUJJLVVTLUdPVi1JT1dBLXJlZGlyZWN0LmFuYWx5c2lzLnVzZ292Y2xvdWRhcGkubmV0IiwiZW1iZWRGZWF0dXJlcyI6eyJ1c2FnZU1ldHJpY3NWTmV4dCI6dHJ1ZX19","System.Object[]","System.Object[]","0626e185-b817-4708-9077-adbf093d912c","DOH-Medical Services Section"
"https://app.powerbigov.us/groups/0626e185-b817-4708-9077-adbf093d912c/datasets/2367212b-1631-4544-8961-480fe3196aaa","2367212b-1631-4544-8961-480fe3196aaa","True","2024-05-01T18:33:41.897Z","True","MMR rates by zip code","Abf","False",,"@{autoSyncReadOnlyReplicas=True; maxReadOnlyReplicas=0}","False","mary.woinarowicz@nd.gov","False","https://app.powerbigov.us/reportEmbed?config=eyJjbHVzdGVyVXJsIjoiaHR0cHM6Ly9XQUJJLVVTLUdPVi1JT1dBLXJlZGlyZWN0LmFuYWx5c2lzLnVzZ292Y2xvdWRhcGkubmV0IiwiZW1iZWRGZWF0dXJlcyI6eyJ1c2FnZU1ldHJpY3NWTmV4dCI6dHJ1ZX19","https://app.powerbigov.us/qnaEmbed?config=eyJjbHVzdGVyVXJsIjoiaHR0cHM6Ly9XQUJJLVVTLUdPVi1JT1dBLXJlZGlyZWN0LmFuYWx5c2lzLnVzZ292Y2xvdWRhcGkubmV0IiwiZW1iZWRGZWF0dXJlcyI6eyJ1c2FnZU1ldHJpY3NWTmV4dCI6dHJ1ZX19","System.Object[]","System.Object[]","0626e185-b817-4708-9077-adbf093d912c","DOH-Medical Services Section"
"https://app.powerbigov.us/groups/0626e185-b817-4708-9077-adbf093d912c/datasets/6712e43f-7ac0-460b-a279-c045b233e0ad","6712e43f-7ac0-460b-a279-c045b233e0ad","True","2024-07-18T16:00:28.813Z","False","GenV2_Comparison_4","Abf","False",,"@{autoSyncReadOnlyReplicas=True; maxReadOnlyReplicas=0}","False","jwoolston@nd.gov","False","https://app.powerbigov.us/reportEmbed?config=eyJjbHVzdGVyVXJsIjoiaHR0cHM6Ly9XQUJJLVVTLUdPVi1JT1dBLXJlZGlyZWN0LmFuYWx5c2lzLnVzZ292Y2xvdWRhcGkubmV0IiwiZW1iZWRGZWF0dXJlcyI6eyJ1c2FnZU1ldHJpY3NWTmV4dCI6dHJ1ZX19","https://app.powerbigov.us/qnaEmbed?config=eyJjbHVzdGVyVXJsIjoiaHR0cHM6Ly9XQUJJLVVTLUdPVi1JT1dBLXJlZGlyZWN0LmFuYWx5c2lzLnVzZ292Y2xvdWRhcGkubmV0IiwiZW1iZWRGZWF0dXJlcyI6eyJ1c2FnZU1ldHJpY3NWTmV4dCI6dHJ1ZX19","System.Object[]","System.Object[]","0626e185-b817-4708-9077-adbf093d912c","DOH-Medical Services Section"
"https://app.powerbigov.us/groups/0626e185-b817-4708-9077-adbf093d912c/datasets/48e24474-e8c0-4790-b1db-52e1f23c6b5a","48e24474-e8c0-4790-b1db-52e1f23c6b5a","True","2024-08-15T20:24:21.943Z","False","Field Epis","Abf","False",,"@{autoSyncReadOnlyReplicas=True; maxReadOnlyReplicas=0}","False","jwoolston@nd.gov","False","https://app.powerbigov.us/reportEmbed?config=eyJjbHVzdGVyVXJsIjoiaHR0cHM6Ly9XQUJJLVVTLUdPVi1JT1dBLXJlZGlyZWN0LmFuYWx5c2lzLnVzZ292Y2xvdWRhcGkubmV0IiwiZW1iZWRGZWF0dXJlcyI6eyJ1c2FnZU1ldHJpY3NWTmV4dCI6dHJ1ZX19","https://app.powerbigov.us/qnaEmbed?config=eyJjbHVzdGVyVXJsIjoiaHR0cHM6Ly9XQUJJLVVTLUdPVi1JT1dBLXJlZGlyZWN0LmFuYWx5c2lzLnVzZ292Y2xvdWRhcGkubmV0IiwiZW1iZWRGZWF0dXJlcyI6eyJ1c2FnZU1ldHJpY3NWTmV4dCI6dHJ1ZX19","System.Object[]","System.Object[]","0626e185-b817-4708-9077-adbf093d912c","DOH-Medical Services Section"
"https://app.powerbigov.us/groups/0626e185-b817-4708-9077-adbf093d912c/datasets/5a00bfba-7d50-47c3-8551-6fa50d77c037","5a00bfba-7d50-47c3-8551-6fa50d77c037","True","2024-08-16T13:11:42.233Z","True","eCR DQ Dashboard 2","Abf","False",,"@{autoSyncReadOnlyReplicas=True; maxReadOnlyReplicas=0}","False","jwoolston@nd.gov","False","https://app.powerbigov.us/reportEmbed?config=eyJjbHVzdGVyVXJsIjoiaHR0cHM6Ly9XQUJJLVVTLUdPVi1JT1dBLXJlZGlyZWN0LmFuYWx5c2lzLnVzZ292Y2xvdWRhcGkubmV0IiwiZW1iZWRGZWF0dXJlcyI6eyJ1c2FnZU1ldHJpY3NWTmV4dCI6dHJ1ZX19","https://app.powerbigov.us/qnaEmbed?config=eyJjbHVzdGVyVXJsIjoiaHR0cHM6Ly9XQUJJLVVTLUdPVi1JT1dBLXJlZGlyZWN0LmFuYWx5c2lzLnVzZ292Y2xvdWRhcGkubmV0IiwiZW1iZWRGZWF0dXJlcyI6eyJ1c2FnZU1ldHJpY3NWTmV4dCI6dHJ1ZX19","System.Object[]","System.Object[]","0626e185-b817-4708-9077-adbf093d912c","DOH-Medical Services Section"
"https://app.powerbigov.us/groups/0626e185-b817-4708-9077-adbf093d912c/datasets/cdc22923-a0f3-449d-a732-85d2165b0cae","cdc22923-a0f3-449d-a732-85d2165b0cae","True","2024-09-18T13:59:40.81Z","True","ND all vaccine locator","Abf","False",,"@{autoSyncReadOnlyReplicas=True; maxReadOnlyReplicas=0}","False","mary.woinarowicz@nd.gov","False","https://app.powerbigov.us/reportEmbed?config=eyJjbHVzdGVyVXJsIjoiaHR0cHM6Ly9XQUJJLVVTLUdPVi1JT1dBLXJlZGlyZWN0LmFuYWx5c2lzLnVzZ292Y2xvdWRhcGkubmV0IiwiZW1iZWRGZWF0dXJlcyI6eyJ1c2FnZU1ldHJpY3NWTmV4dCI6dHJ1ZX19","https://app.powerbigov.us/qnaEmbed?config=eyJjbHVzdGVyVXJsIjoiaHR0cHM6Ly9XQUJJLVVTLUdPVi1JT1dBLXJlZGlyZWN0LmFuYWx5c2lzLnVzZ292Y2xvdWRhcGkubmV0IiwiZW1iZWRGZWF0dXJlcyI6eyJ1c2FnZU1ldHJpY3NWTmV4dCI6dHJ1ZX19","System.Object[]","System.Object[]","0626e185-b817-4708-9077-adbf093d912c","DOH-Medical Services Section"
"https://app.powerbigov.us/groups/0626e185-b817-4708-9077-adbf093d912c/datasets/f7df70d3-3b94-4da3-b954-40654cd3dd80","f7df70d3-3b94-4da3-b954-40654cd3dd80","True","2024-10-23T18:47:57.203Z","True","Respiratory Vax","Abf","False",,"@{autoSyncReadOnlyReplicas=True; maxReadOnlyReplicas=0}","False","mary.woinarowicz@nd.gov","False","https://app.powerbigov.us/reportEmbed?config=eyJjbHVzdGVyVXJsIjoiaHR0cHM6Ly9XQUJJLVVTLUdPVi1JT1dBLXJlZGlyZWN0LmFuYWx5c2lzLnVzZ292Y2xvdWRhcGkubmV0IiwiZW1iZWRGZWF0dXJlcyI6eyJ1c2FnZU1ldHJpY3NWTmV4dCI6dHJ1ZX19","https://app.powerbigov.us/qnaEmbed?config=eyJjbHVzdGVyVXJsIjoiaHR0cHM6Ly9XQUJJLVVTLUdPVi1JT1dBLXJlZGlyZWN0LmFuYWx5c2lzLnVzZ292Y2xvdWRhcGkubmV0IiwiZW1iZWRGZWF0dXJlcyI6eyJ1c2FnZU1ldHJpY3NWTmV4dCI6dHJ1ZX19","System.Object[]","System.Object[]","0626e185-b817-4708-9077-adbf093d912c","DOH-Medical Services Section"
"https://app.powerbigov.us/groups/0626e185-b817-4708-9077-adbf093d912c/datasets/0dadcab0-9c5d-4792-96c8-a35571705e4a","0dadcab0-9c5d-4792-96c8-a35571705e4a","True","2024-11-07T22:12:40.103Z","True","condition numbers per event year","Abf","False",,"@{autoSyncReadOnlyReplicas=True; maxReadOnlyReplicas=0}","False","jwoolston@nd.gov","False","https://app.powerbigov.us/reportEmbed?config=eyJjbHVzdGVyVXJsIjoiaHR0cHM6Ly9XQUJJLVVTLUdPVi1JT1dBLXJlZGlyZWN0LmFuYWx5c2lzLnVzZ292Y2xvdWRhcGkubmV0IiwiZW1iZWRGZWF0dXJlcyI6eyJ1c2FnZU1ldHJpY3NWTmV4dCI6dHJ1ZX19","https://app.powerbigov.us/qnaEmbed?config=eyJjbHVzdGVyVXJsIjoiaHR0cHM6Ly9XQUJJLVVTLUdPVi1JT1dBLXJlZGlyZWN0LmFuYWx5c2lzLnVzZ292Y2xvdWRhcGkubmV0IiwiZW1iZWRGZWF0dXJlcyI6eyJ1c2FnZU1ldHJpY3NWTmV4dCI6dHJ1ZX19","System.Object[]","System.Object[]","0626e185-b817-4708-9077-adbf093d912c","DOH-Medical Services Section"
"https://app.powerbigov.us/groups/0626e185-b817-4708-9077-adbf093d912c/datasets/697695d6-cacc-4d34-922e-b5f95a2fe005","697695d6-cacc-4d34-922e-b5f95a2fe005","True","2024-12-09T19:59:51.72Z","True","School Immunizations","Abf","True",,"@{autoSyncReadOnlyReplicas=True; maxReadOnlyReplicas=0}","False","jwoolston@nd.gov","True","https://app.powerbigov.us/reportEmbed?config=eyJjbHVzdGVyVXJsIjoiaHR0cHM6Ly9XQUJJLVVTLUdPVi1JT1dBLXJlZGlyZWN0LmFuYWx5c2lzLnVzZ292Y2xvdWRhcGkubmV0IiwiZW1iZWRGZWF0dXJlcyI6eyJ1c2FnZU1ldHJpY3NWTmV4dCI6dHJ1ZX19","https://app.powerbigov.us/qnaEmbed?config=eyJjbHVzdGVyVXJsIjoiaHR0cHM6Ly9XQUJJLVVTLUdPVi1JT1dBLXJlZGlyZWN0LmFuYWx5c2lzLnVzZ292Y2xvdWRhcGkubmV0IiwiZW1iZWRGZWF0dXJlcyI6eyJ1c2FnZU1ldHJpY3NWTmV4dCI6dHJ1ZX19","System.Object[]","System.Object[]","0626e185-b817-4708-9077-adbf093d912c","DOH-Medical Services Section"
"https://app.powerbigov.us/groups/0626e185-b817-4708-9077-adbf093d912c/datasets/d912cf3e-06df-4fc3-a674-524080612697","d912cf3e-06df-4fc3-a674-524080612697","True","2024-12-19T01:46:42.817Z","True","RespiratoryDashboard","Abf","False",,"@{autoSyncReadOnlyReplicas=True; maxReadOnlyReplicas=0}","False","lschlosser@nd.gov","False","https://app.powerbigov.us/reportEmbed?config=eyJjbHVzdGVyVXJsIjoiaHR0cHM6Ly9XQUJJLVVTLUdPVi1JT1dBLXJlZGlyZWN0LmFuYWx5c2lzLnVzZ292Y2xvdWRhcGkubmV0IiwiZW1iZWRGZWF0dXJlcyI6eyJ1c2FnZU1ldHJpY3NWTmV4dCI6dHJ1ZX19","https://app.powerbigov.us/qnaEmbed?config=eyJjbHVzdGVyVXJsIjoiaHR0cHM6Ly9XQUJJLVVTLUdPVi1JT1dBLXJlZGlyZWN0LmFuYWx5c2lzLnVzZ292Y2xvdWRhcGkubmV0IiwiZW1iZWRGZWF0dXJlcyI6eyJ1c2FnZU1ldHJpY3NWTmV4dCI6dHJ1ZX19","System.Object[]","System.Object[]","0626e185-b817-4708-9077-adbf093d912c","DOH-Medical Services Section"
"https://app.powerbigov.us/groups/0626e185-b817-4708-9077-adbf093d912c/datasets/1858a006-9597-4977-9984-a05063690d6d","1858a006-9597-4977-9984-a05063690d6d","True","2025-01-17T18:03:08.513Z","True","RespiratoryDashboardInternal","Abf","False",,"@{autoSyncReadOnlyReplicas=True; maxReadOnlyReplicas=0}","False","lschlosser@nd.gov","False","https://app.powerbigov.us/reportEmbed?config=eyJjbHVzdGVyVXJsIjoiaHR0cHM6Ly9XQUJJLVVTLUdPVi1JT1dBLXJlZGlyZWN0LmFuYWx5c2lzLnVzZ292Y2xvdWRhcGkubmV0IiwiZW1iZWRGZWF0dXJlcyI6eyJ1c2FnZU1ldHJpY3NWTmV4dCI6dHJ1ZX19","https://app.powerbigov.us/qnaEmbed?config=eyJjbHVzdGVyVXJsIjoiaHR0cHM6Ly9XQUJJLVVTLUdPVi1JT1dBLXJlZGlyZWN0LmFuYWx5c2lzLnVzZ292Y2xvdWRhcGkubmV0IiwiZW1iZWRGZWF0dXJlcyI6eyJ1c2FnZU1ldHJpY3NWTmV4dCI6dHJ1ZX19","System.Object[]","System.Object[]","0626e185-b817-4708-9077-adbf093d912c","DOH-Medical Services Section"
"https://app.powerbigov.us/groups/0626e185-b817-4708-9077-adbf093d912c/datasets/c59bbcd2-5ba4-4196-b557-a9e96f99e4a4","c59bbcd2-5ba4-4196-b557-a9e96f99e4a4","True","2025-01-29T14:58:28.567Z","True","GenV2 DQ","Abf","False",,"@{autoSyncReadOnlyReplicas=True; maxReadOnlyReplicas=0}","False","jwoolston@nd.gov","False","https://app.powerbigov.us/reportEmbed?config=eyJjbHVzdGVyVXJsIjoiaHR0cHM6Ly9XQUJJLVVTLUdPVi1JT1dBLXJlZGlyZWN0LmFuYWx5c2lzLnVzZ292Y2xvdWRhcGkubmV0IiwiZW1iZWRGZWF0dXJlcyI6eyJ1c2FnZU1ldHJpY3NWTmV4dCI6dHJ1ZX19","https://app.powerbigov.us/qnaEmbed?config=eyJjbHVzdGVyVXJsIjoiaHR0cHM6Ly9XQUJJLVVTLUdPVi1JT1dBLXJlZGlyZWN0LmFuYWx5c2lzLnVzZ292Y2xvdWRhcGkubmV0IiwiZW1iZWRGZWF0dXJlcyI6eyJ1c2FnZU1ldHJpY3NWTmV4dCI6dHJ1ZX19","System.Object[]","System.Object[]","0626e185-b817-4708-9077-adbf093d912c","DOH-Medical Services Section"
"https://app.powerbigov.us/groups/0626e185-b817-4708-9077-adbf093d912c/datasets/5064c1dc-7777-41c6-bfc3-172a6e632c7b","5064c1dc-7777-41c6-bfc3-172a6e632c7b","True","2025-02-06T21:21:17.34Z","True","ELC Milestone Tracking BP1","Abf","False",,"@{autoSyncReadOnlyReplicas=True; maxReadOnlyReplicas=0}","False","mdethloff@nd.gov","False","https://app.powerbigov.us/reportEmbed?config=eyJjbHVzdGVyVXJsIjoiaHR0cHM6Ly9XQUJJLVVTLUdPVi1JT1dBLXJlZGlyZWN0LmFuYWx5c2lzLnVzZ292Y2xvdWRhcGkubmV0IiwiZW1iZWRGZWF0dXJlcyI6eyJ1c2FnZU1ldHJpY3NWTmV4dCI6dHJ1ZX19","https://app.powerbigov.us/qnaEmbed?config=eyJjbHVzdGVyVXJsIjoiaHR0cHM6Ly9XQUJJLVVTLUdPVi1JT1dBLXJlZGlyZWN0LmFuYWx5c2lzLnVzZ292Y2xvdWRhcGkubmV0IiwiZW1iZWRGZWF0dXJlcyI6eyJ1c2FnZU1ldHJpY3NWTmV4dCI6dHJ1ZX19","System.Object[]","System.Object[]","0626e185-b817-4708-9077-adbf093d912c","DOH-Medical Services Section"
"https://app.powerbigov.us/groups/0626e185-b817-4708-9077-adbf093d912c/datasets/4ea24fbb-ecbf-480e-a3bf-5fa8275ddad9","4ea24fbb-ecbf-480e-a3bf-5fa8275ddad9","True","2025-02-12T19:31:07.333Z","True","Financial Report BP1","Abf","False",,"@{autoSyncReadOnlyReplicas=True; maxReadOnlyReplicas=0}","False","mdethloff@nd.gov","False","https://app.powerbigov.us/reportEmbed?config=eyJjbHVzdGVyVXJsIjoiaHR0cHM6Ly9XQUJJLVVTLUdPVi1JT1dBLXJlZGlyZWN0LmFuYWx5c2lzLnVzZ292Y2xvdWRhcGkubmV0IiwiZW1iZWRGZWF0dXJlcyI6eyJ1c2FnZU1ldHJpY3NWTmV4dCI6dHJ1ZX19","https://app.powerbigov.us/qnaEmbed?config=eyJjbHVzdGVyVXJsIjoiaHR0cHM6Ly9XQUJJLVVTLUdPVi1JT1dBLXJlZGlyZWN0LmFuYWx5c2lzLnVzZ292Y2xvdWRhcGkubmV0IiwiZW1iZWRGZWF0dXJlcyI6eyJ1c2FnZU1ldHJpY3NWTmV4dCI6dHJ1ZX19","System.Object[]","System.Object[]","0626e185-b817-4708-9077-adbf093d912c","DOH-Medical Services Section"
"https://app.powerbigov.us/groups/0626e185-b817-4708-9077-adbf093d912c/datasets/bc3923ea-c551-4ec5-a5a0-994826b0e513","bc3923ea-c551-4ec5-a5a0-994826b0e513","True","2025-03-05T20:14:54.573Z","False","HL7 ELR Dashboard","Abf","False",,"@{autoSyncReadOnlyReplicas=True; maxReadOnlyReplicas=0}","False","jwoolston@nd.gov","False","https://app.powerbigov.us/reportEmbed?config=eyJjbHVzdGVyVXJsIjoiaHR0cHM6Ly9XQUJJLVVTLUdPVi1JT1dBLXJlZGlyZWN0LmFuYWx5c2lzLnVzZ292Y2xvdWRhcGkubmV0IiwiZW1iZWRGZWF0dXJlcyI6eyJ1c2FnZU1ldHJpY3NWTmV4dCI6dHJ1ZX19","https://app.powerbigov.us/qnaEmbed?config=eyJjbHVzdGVyVXJsIjoiaHR0cHM6Ly9XQUJJLVVTLUdPVi1JT1dBLXJlZGlyZWN0LmFuYWx5c2lzLnVzZ292Y2xvdWRhcGkubmV0IiwiZW1iZWRGZWF0dXJlcyI6eyJ1c2FnZU1ldHJpY3NWTmV4dCI6dHJ1ZX19","System.Object[]","System.Object[]","0626e185-b817-4708-9077-adbf093d912c","DOH-Medical Services Section"
"https://app.powerbigov.us/groups/0626e185-b817-4708-9077-adbf093d912c/datasets/d0390302-4720-48c5-89e3-d86c6c81ac56","d0390302-4720-48c5-89e3-d86c6c81ac56","True","2025-03-28T21:14:14.547Z","True","2024-2025 school rates","Abf","False",,"@{autoSyncReadOnlyReplicas=True; maxReadOnlyReplicas=0}","False","DPinnick@nd.gov","False","https://app.powerbigov.us/reportEmbed?config=eyJjbHVzdGVyVXJsIjoiaHR0cHM6Ly9XQUJJLVVTLUdPVi1JT1dBLXJlZGlyZWN0LmFuYWx5c2lzLnVzZ292Y2xvdWRhcGkubmV0IiwiZW1iZWRGZWF0dXJlcyI6eyJ1c2FnZU1ldHJpY3NWTmV4dCI6dHJ1ZX19","https://app.powerbigov.us/qnaEmbed?config=eyJjbHVzdGVyVXJsIjoiaHR0cHM6Ly9XQUJJLVVTLUdPVi1JT1dBLXJlZGlyZWN0LmFuYWx5c2lzLnVzZ292Y2xvdWRhcGkubmV0IiwiZW1iZWRGZWF0dXJlcyI6eyJ1c2FnZU1ldHJpY3NWTmV4dCI6dHJ1ZX19","System.Object[]","System.Object[]","0626e185-b817-4708-9077-adbf093d912c","DOH-Medical Services Section"
"https://app.powerbigov.us/groups/0626e185-b817-4708-9077-adbf093d912c/datasets/1359726b-1058-4418-807b-69106406d936","1359726b-1058-4418-807b-69106406d936","True","2025-04-15T12:51:14.137Z","True","SEIR SIM MMR","Abf","False",,"@{autoSyncReadOnlyReplicas=True; maxReadOnlyReplicas=0}","False","jwoolston@nd.gov","False","https://app.powerbigov.us/reportEmbed?config=eyJjbHVzdGVyVXJsIjoiaHR0cHM6Ly9XQUJJLVVTLUdPVi1JT1dBLXJlZGlyZWN0LmFuYWx5c2lzLnVzZ292Y2xvdWRhcGkubmV0IiwiZW1iZWRGZWF0dXJlcyI6eyJ1c2FnZU1ldHJpY3NWTmV4dCI6dHJ1ZX19","https://app.powerbigov.us/qnaEmbed?config=eyJjbHVzdGVyVXJsIjoiaHR0cHM6Ly9XQUJJLVVTLUdPVi1JT1dBLXJlZGlyZWN0LmFuYWx5c2lzLnVzZ292Y2xvdWRhcGkubmV0IiwiZW1iZWRGZWF0dXJlcyI6eyJ1c2FnZU1ldHJpY3NWTmV4dCI6dHJ1ZX19","System.Object[]","System.Object[]","0626e185-b817-4708-9077-adbf093d912c","DOH-Medical Services Section"
"https://app.powerbigov.us/groups/0626e185-b817-4708-9077-adbf093d912c/datasets/de7cdd4f-fc72-4ccc-8036-05d31ff75d58","de7cdd4f-fc72-4ccc-8036-05d31ff75d58","True","2025-04-24T18:17:51.2Z","True","VFC Enrolled Providers Dashboard","Abf","False",,"@{autoSyncReadOnlyReplicas=True; maxReadOnlyReplicas=0}","False","mary.woinarowicz@nd.gov","False","https://app.powerbigov.us/reportEmbed?config=eyJjbHVzdGVyVXJsIjoiaHR0cHM6Ly9XQUJJLVVTLUdPVi1JT1dBLXJlZGlyZWN0LmFuYWx5c2lzLnVzZ292Y2xvdWRhcGkubmV0IiwiZW1iZWRGZWF0dXJlcyI6eyJ1c2FnZU1ldHJpY3NWTmV4dCI6dHJ1ZX19","https://app.powerbigov.us/qnaEmbed?config=eyJjbHVzdGVyVXJsIjoiaHR0cHM6Ly9XQUJJLVVTLUdPVi1JT1dBLXJlZGlyZWN0LmFuYWx5c2lzLnVzZ292Y2xvdWRhcGkubmV0IiwiZW1iZWRGZWF0dXJlcyI6eyJ1c2FnZU1ldHJpY3NWTmV4dCI6dHJ1ZX19","System.Object[]","System.Object[]","0626e185-b817-4708-9077-adbf093d912c","DOH-Medical Services Section"
"https://app.powerbigov.us/groups/0626e185-b817-4708-9077-adbf093d912c/datasets/13d89f97-d6b1-4f74-8d06-2396c7e95a2d","13d89f97-d6b1-4f74-8d06-2396c7e95a2d","True","2025-04-25T13:59:46.037Z","True","Mpox Vaccine Dashboard_PUBLIC","Abf","False",,"@{autoSyncReadOnlyReplicas=True; maxReadOnlyReplicas=0}","False","mary.woinarowicz@nd.gov","False","https://app.powerbigov.us/reportEmbed?config=eyJjbHVzdGVyVXJsIjoiaHR0cHM6Ly9XQUJJLVVTLUdPVi1JT1dBLXJlZGlyZWN0LmFuYWx5c2lzLnVzZ292Y2xvdWRhcGkubmV0IiwiZW1iZWRGZWF0dXJlcyI6eyJ1c2FnZU1ldHJpY3NWTmV4dCI6dHJ1ZX19","https://app.powerbigov.us/qnaEmbed?config=eyJjbHVzdGVyVXJsIjoiaHR0cHM6Ly9XQUJJLVVTLUdPVi1JT1dBLXJlZGlyZWN0LmFuYWx5c2lzLnVzZ292Y2xvdWRhcGkubmV0IiwiZW1iZWRGZWF0dXJlcyI6eyJ1c2FnZU1ldHJpY3NWTmV4dCI6dHJ1ZX19","System.Object[]","System.Object[]","0626e185-b817-4708-9077-adbf093d912c","DOH-Medical Services Section"
"https://app.powerbigov.us/groups/0626e185-b817-4708-9077-adbf093d912c/datasets/e7106033-75f9-4399-b126-f0afe2e616e8","e7106033-75f9-4399-b126-f0afe2e616e8","True","2025-04-25T15:15:20.157Z","True","MPVX Dashboard","Abf","False",,"@{autoSyncReadOnlyReplicas=True; maxReadOnlyReplicas=0}","False","mary.woinarowicz@nd.gov","False","https://app.powerbigov.us/reportEmbed?config=eyJjbHVzdGVyVXJsIjoiaHR0cHM6Ly9XQUJJLVVTLUdPVi1JT1dBLXJlZGlyZWN0LmFuYWx5c2lzLnVzZ292Y2xvdWRhcGkubmV0IiwiZW1iZWRGZWF0dXJlcyI6eyJ1c2FnZU1ldHJpY3NWTmV4dCI6dHJ1ZX19","https://app.powerbigov.us/qnaEmbed?config=eyJjbHVzdGVyVXJsIjoiaHR0cHM6Ly9XQUJJLVVTLUdPVi1JT1dBLXJlZGlyZWN0LmFuYWx5c2lzLnVzZ292Y2xvdWRhcGkubmV0IiwiZW1iZWRGZWF0dXJlcyI6eyJ1c2FnZU1ldHJpY3NWTmV4dCI6dHJ1ZX19","System.Object[]","System.Object[]","0626e185-b817-4708-9077-adbf093d912c","DOH-Medical Services Section"
"https://app.powerbigov.us/groups/0626e185-b817-4708-9077-adbf093d912c/datasets/58e89f68-256a-46bc-af95-10387a583fc6","58e89f68-256a-46bc-af95-10387a583fc6","True","2025-04-25T16:01:11.88Z","False","HL7 Feed Monitoring","Abf","False",,"@{autoSyncReadOnlyReplicas=True; maxReadOnlyReplicas=0}","False","lkmauch@nd.gov","False","https://app.powerbigov.us/reportEmbed?config=eyJjbHVzdGVyVXJsIjoiaHR0cHM6Ly9XQUJJLVVTLUdPVi1JT1dBLXJlZGlyZWN0LmFuYWx5c2lzLnVzZ292Y2xvdWRhcGkubmV0IiwiZW1iZWRGZWF0dXJlcyI6eyJ1c2FnZU1ldHJpY3NWTmV4dCI6dHJ1ZX19","https://app.powerbigov.us/qnaEmbed?config=eyJjbHVzdGVyVXJsIjoiaHR0cHM6Ly9XQUJJLVVTLUdPVi1JT1dBLXJlZGlyZWN0LmFuYWx5c2lzLnVzZ292Y2xvdWRhcGkubmV0IiwiZW1iZWRGZWF0dXJlcyI6eyJ1c2FnZU1ldHJpY3NWTmV4dCI6dHJ1ZX19","System.Object[]","System.Object[]","0626e185-b817-4708-9077-adbf093d912c","DOH-Medical Services Section"
"https://app.powerbigov.us/groups/0626e185-b817-4708-9077-adbf093d912c/datasets/0f94af59-8462-4424-ac5e-4c744674177f","0f94af59-8462-4424-ac5e-4c744674177f","True","2025-05-02T22:55:15.17Z","False","Measles Dashboard_Internal","Abf","False",,"@{autoSyncReadOnlyReplicas=True; maxReadOnlyReplicas=0}","False","lkmauch@nd.gov","False","https://app.powerbigov.us/reportEmbed?config=eyJjbHVzdGVyVXJsIjoiaHR0cHM6Ly9XQUJJLVVTLUdPVi1JT1dBLXJlZGlyZWN0LmFuYWx5c2lzLnVzZ292Y2xvdWRhcGkubmV0IiwiZW1iZWRGZWF0dXJlcyI6eyJ1c2FnZU1ldHJpY3NWTmV4dCI6dHJ1ZX19","https://app.powerbigov.us/qnaEmbed?config=eyJjbHVzdGVyVXJsIjoiaHR0cHM6Ly9XQUJJLVVTLUdPVi1JT1dBLXJlZGlyZWN0LmFuYWx5c2lzLnVzZ292Y2xvdWRhcGkubmV0IiwiZW1iZWRGZWF0dXJlcyI6eyJ1c2FnZU1ldHJpY3NWTmV4dCI6dHJ1ZX19","System.Object[]","System.Object[]","0626e185-b817-4708-9077-adbf093d912c","DOH-Medical Services Section"
"https://app.powerbigov.us/groups/0626e185-b817-4708-9077-adbf093d912c/datasets/4f807740-d9a6-4ed8-90b1-c1da981c9f5e","4f807740-d9a6-4ed8-90b1-c1da981c9f5e","True","2025-05-02T22:55:54.513Z","False","Measles Dashboard_External","Abf","False",,"@{autoSyncReadOnlyReplicas=True; maxReadOnlyReplicas=0}","False","lkmauch@nd.gov","False","https://app.powerbigov.us/reportEmbed?config=eyJjbHVzdGVyVXJsIjoiaHR0cHM6Ly9XQUJJLVVTLUdPVi1JT1dBLXJlZGlyZWN0LmFuYWx5c2lzLnVzZ292Y2xvdWRhcGkubmV0IiwiZW1iZWRGZWF0dXJlcyI6eyJ1c2FnZU1ldHJpY3NWTmV4dCI6dHJ1ZX19","https://app.powerbigov.us/qnaEmbed?config=eyJjbHVzdGVyVXJsIjoiaHR0cHM6Ly9XQUJJLVVTLUdPVi1JT1dBLXJlZGlyZWN0LmFuYWx5c2lzLnVzZ292Y2xvdWRhcGkubmV0IiwiZW1iZWRGZWF0dXJlcyI6eyJ1c2FnZU1ldHJpY3NWTmV4dCI6dHJ1ZX19","System.Object[]","System.Object[]","0626e185-b817-4708-9077-adbf093d912c","DOH-Medical Services Section"
"https://app.powerbigov.us/groups/0626e185-b817-4708-9077-adbf093d912c/datasets/8f16d8a5-f914-4312-b363-d897475f5dbf","8f16d8a5-f914-4312-b363-d897475f5dbf","True","2025-05-06T20:58:03.783Z","True","internal MMR vax","Abf","False",,"@{autoSyncReadOnlyReplicas=True; maxReadOnlyReplicas=0}","False","mary.woinarowicz@nd.gov","False","https://app.powerbigov.us/reportEmbed?config=eyJjbHVzdGVyVXJsIjoiaHR0cHM6Ly9XQUJJLVVTLUdPVi1JT1dBLXJlZGlyZWN0LmFuYWx5c2lzLnVzZ292Y2xvdWRhcGkubmV0IiwiZW1iZWRGZWF0dXJlcyI6eyJ1c2FnZU1ldHJpY3NWTmV4dCI6dHJ1ZX19","https://app.powerbigov.us/qnaEmbed?config=eyJjbHVzdGVyVXJsIjoiaHR0cHM6Ly9XQUJJLVVTLUdPVi1JT1dBLXJlZGlyZWN0LmFuYWx5c2lzLnVzZ292Y2xvdWRhcGkubmV0IiwiZW1iZWRGZWF0dXJlcyI6eyJ1c2FnZU1ldHJpY3NWTmV4dCI6dHJ1ZX19","System.Object[]","System.Object[]","0626e185-b817-4708-9077-adbf093d912c","DOH-Medical Services Section"
"https://app.powerbigov.us/groups/0626e185-b817-4708-9077-adbf093d912c/datasets/01103e23-9532-4de9-b18b-92c348cf1254","01103e23-9532-4de9-b18b-92c348cf1254","True","2025-06-05T16:06:49.107Z","False","Variant Dashboard","Abf","False",,"@{autoSyncReadOnlyReplicas=True; maxReadOnlyReplicas=0}","False","jwoolston@nd.gov","False","https://app.powerbigov.us/reportEmbed?config=eyJjbHVzdGVyVXJsIjoiaHR0cHM6Ly9XQUJJLVVTLUdPVi1JT1dBLXJlZGlyZWN0LmFuYWx5c2lzLnVzZ292Y2xvdWRhcGkubmV0IiwiZW1iZWRGZWF0dXJlcyI6eyJ1c2FnZU1ldHJpY3NWTmV4dCI6dHJ1ZX19","https://app.powerbigov.us/qnaEmbed?config=eyJjbHVzdGVyVXJsIjoiaHR0cHM6Ly9XQUJJLVVTLUdPVi1JT1dBLXJlZGlyZWN0LmFuYWx5c2lzLnVzZ292Y2xvdWRhcGkubmV0IiwiZW1iZWRGZWF0dXJlcyI6eyJ1c2FnZU1ldHJpY3NWTmV4dCI6dHJ1ZX19","System.Object[]","System.Object[]","0626e185-b817-4708-9077-adbf093d912c","DOH-Medical Services Section"
"https://app.powerbigov.us/groups/0626e185-b817-4708-9077-adbf093d912c/datasets/d47def9a-3709-4ff8-bb41-72ea8cede3c4","d47def9a-3709-4ff8-bb41-72ea8cede3c4","True","2025-09-15T19:23:04.937Z","True","ELC Milestone Tracking BP2","Abf","False",,"@{autoSyncReadOnlyReplicas=True; maxReadOnlyReplicas=0}","False","mdethloff@nd.gov","False","https://app.powerbigov.us/reportEmbed?config=eyJjbHVzdGVyVXJsIjoiaHR0cHM6Ly9XQUJJLVVTLUdPVi1JT1dBLXJlZGlyZWN0LmFuYWx5c2lzLnVzZ292Y2xvdWRhcGkubmV0IiwiZW1iZWRGZWF0dXJlcyI6eyJ1c2FnZU1ldHJpY3NWTmV4dCI6dHJ1ZX19","https://app.powerbigov.us/qnaEmbed?config=eyJjbHVzdGVyVXJsIjoiaHR0cHM6Ly9XQUJJLVVTLUdPVi1JT1dBLXJlZGlyZWN0LmFuYWx5c2lzLnVzZ292Y2xvdWRhcGkubmV0IiwiZW1iZWRGZWF0dXJlcyI6eyJ1c2FnZU1ldHJpY3NWTmV4dCI6dHJ1ZX19","System.Object[]","System.Object[]","0626e185-b817-4708-9077-adbf093d912c","DOH-Medical Services Section"
"https://app.powerbigov.us/groups/0626e185-b817-4708-9077-adbf093d912c/datasets/9932c19c-d0ff-4ce7-a3fb-9a11610aae59","9932c19c-d0ff-4ce7-a3fb-9a11610aae59","True","2025-10-06T13:32:11.547Z","True","Financial Report BP2","Abf","False",,"@{autoSyncReadOnlyReplicas=True; maxReadOnlyReplicas=0}","False","mdethloff@nd.gov","False","https://app.powerbigov.us/reportEmbed?config=eyJjbHVzdGVyVXJsIjoiaHR0cHM6Ly9XQUJJLVVTLUdPVi1JT1dBLXJlZGlyZWN0LmFuYWx5c2lzLnVzZ292Y2xvdWRhcGkubmV0IiwiZW1iZWRGZWF0dXJlcyI6eyJ1c2FnZU1ldHJpY3NWTmV4dCI6dHJ1ZX19","https://app.powerbigov.us/qnaEmbed?config=eyJjbHVzdGVyVXJsIjoiaHR0cHM6Ly9XQUJJLVVTLUdPVi1JT1dBLXJlZGlyZWN0LmFuYWx5c2lzLnVzZ292Y2xvdWRhcGkubmV0IiwiZW1iZWRGZWF0dXJlcyI6eyJ1c2FnZU1ldHJpY3NWTmV4dCI6dHJ1ZX19","System.Object[]","System.Object[]","0626e185-b817-4708-9077-adbf093d912c","DOH-Medical Services Section"
"https://app.powerbigov.us/groups/0626e185-b817-4708-9077-adbf093d912c/datasets/90dd7fe4-6f05-4c7d-99ee-4a90e01b94fa","90dd7fe4-6f05-4c7d-99ee-4a90e01b94fa","True","2025-11-06T22:21:17.997Z","True","Medicaid Immunization Dashboard","Abf","False",,"@{autoSyncReadOnlyReplicas=True; maxReadOnlyReplicas=0}","False","mary.woinarowicz@nd.gov","False","https://app.powerbigov.us/reportEmbed?config=eyJjbHVzdGVyVXJsIjoiaHR0cHM6Ly9XQUJJLVVTLUdPVi1JT1dBLXJlZGlyZWN0LmFuYWx5c2lzLnVzZ292Y2xvdWRhcGkubmV0IiwiZW1iZWRGZWF0dXJlcyI6eyJ1c2FnZU1ldHJpY3NWTmV4dCI6dHJ1ZX19","https://app.powerbigov.us/qnaEmbed?config=eyJjbHVzdGVyVXJsIjoiaHR0cHM6Ly9XQUJJLVVTLUdPVi1JT1dBLXJlZGlyZWN0LmFuYWx5c2lzLnVzZ292Y2xvdWRhcGkubmV0IiwiZW1iZWRGZWF0dXJlcyI6eyJ1c2FnZU1ldHJpY3NWTmV4dCI6dHJ1ZX19","System.Object[]","System.Object[]","0626e185-b817-4708-9077-adbf093d912c","DOH-Medical Services Section"
"https://app.powerbigov.us/groups/0626e185-b817-4708-9077-adbf093d912c/datasets/62fac2fd-b8bc-4633-94ef-d52a828a2f7f","62fac2fd-b8bc-4633-94ef-d52a828a2f7f","True","2025-11-25T23:21:13.26Z","False","HL7 ELR Dashboard percent","Abf","False",,"@{autoSyncReadOnlyReplicas=True; maxReadOnlyReplicas=0}","False","jwoolston@nd.gov","False","https://app.powerbigov.us/reportEmbed?config=eyJjbHVzdGVyVXJsIjoiaHR0cHM6Ly9XQUJJLVVTLUdPVi1JT1dBLXJlZGlyZWN0LmFuYWx5c2lzLnVzZ292Y2xvdWRhcGkubmV0IiwiZW1iZWRGZWF0dXJlcyI6eyJ1c2FnZU1ldHJpY3NWTmV4dCI6dHJ1ZX19","https://app.powerbigov.us/qnaEmbed?config=eyJjbHVzdGVyVXJsIjoiaHR0cHM6Ly9XQUJJLVVTLUdPVi1JT1dBLXJlZGlyZWN0LmFuYWx5c2lzLnVzZ292Y2xvdWRhcGkubmV0IiwiZW1iZWRGZWF0dXJlcyI6eyJ1c2FnZU1ldHJpY3NWTmV4dCI6dHJ1ZX19","System.Object[]","System.Object[]","0626e185-b817-4708-9077-adbf093d912c","DOH-Medical Services Section"
"https://app.powerbigov.us/groups/0626e185-b817-4708-9077-adbf093d912c/datasets/653663d5-075e-418a-b42c-5b6eb04565b4","653663d5-075e-418a-b42c-5b6eb04565b4","True","2026-02-04T17:56:17.23Z","True","SchoolRates_InternalReview","Abf","False",,"@{autoSyncReadOnlyReplicas=True; maxReadOnlyReplicas=0}","False","mary.woinarowicz@nd.gov","False","https://app.powerbigov.us/reportEmbed?config=eyJjbHVzdGVyVXJsIjoiaHR0cHM6Ly9XQUJJLVVTLUdPVi1JT1dBLXJlZGlyZWN0LmFuYWx5c2lzLnVzZ292Y2xvdWRhcGkubmV0IiwiZW1iZWRGZWF0dXJlcyI6eyJ1c2FnZU1ldHJpY3NWTmV4dCI6dHJ1ZX19","https://app.powerbigov.us/qnaEmbed?config=eyJjbHVzdGVyVXJsIjoiaHR0cHM6Ly9XQUJJLVVTLUdPVi1JT1dBLXJlZGlyZWN0LmFuYWx5c2lzLnVzZ292Y2xvdWRhcGkubmV0IiwiZW1iZWRGZWF0dXJlcyI6eyJ1c2FnZU1ldHJpY3NWTmV4dCI6dHJ1ZX19","System.Object[]","System.Object[]","0626e185-b817-4708-9077-adbf093d912c","DOH-Medical Services Section"
"https://app.powerbigov.us/groups/0626e185-b817-4708-9077-adbf093d912c/datasets/6d37f7ea-b681-47d9-927b-12a95c8e17b6","6d37f7ea-b681-47d9-927b-12a95c8e17b6","True","2026-03-03T19:13:01.063Z","True","School_Immunization","Abf","False",,"@{autoSyncReadOnlyReplicas=True; maxReadOnlyReplicas=0}","False","mary.woinarowicz@nd.gov","False","https://app.powerbigov.us/reportEmbed?config=eyJjbHVzdGVyVXJsIjoiaHR0cHM6Ly9XQUJJLVVTLUdPVi1JT1dBLXJlZGlyZWN0LmFuYWx5c2lzLnVzZ292Y2xvdWRhcGkubmV0IiwiZW1iZWRGZWF0dXJlcyI6eyJ1c2FnZU1ldHJpY3NWTmV4dCI6dHJ1ZX19","https://app.powerbigov.us/qnaEmbed?config=eyJjbHVzdGVyVXJsIjoiaHR0cHM6Ly9XQUJJLVVTLUdPVi1JT1dBLXJlZGlyZWN0LmFuYWx5c2lzLnVzZ292Y2xvdWRhcGkubmV0IiwiZW1iZWRGZWF0dXJlcyI6eyJ1c2FnZU1ldHJpY3NWTmV4dCI6dHJ1ZX19","System.Object[]","System.Object[]","0626e185-b817-4708-9077-adbf093d912c","DOH-Medical Services Section"
"https://app.powerbigov.us/groups/143c548e-6a8f-440c-ba0f-0aac7881a9a4/datasets/7d2c526e-b1b5-4195-a5ac-b41489dc9505","7d2c526e-b1b5-4195-a5ac-b41489dc9505","True","2019-09-27T16:21:53.837Z","True","Vaping Dashboard_1","Abf","False",,"@{autoSyncReadOnlyReplicas=True; maxReadOnlyReplicas=0}","False","mbenz@nd.gov","False","https://app.powerbigov.us/reportEmbed?config=eyJjbHVzdGVyVXJsIjoiaHR0cHM6Ly9XQUJJLVVTLUdPVi1JT1dBLXJlZGlyZWN0LmFuYWx5c2lzLnVzZ292Y2xvdWRhcGkubmV0IiwiZW1iZWRGZWF0dXJlcyI6eyJ1c2FnZU1ldHJpY3NWTmV4dCI6dHJ1ZX19","https://app.powerbigov.us/qnaEmbed?config=eyJjbHVzdGVyVXJsIjoiaHR0cHM6Ly9XQUJJLVVTLUdPVi1JT1dBLXJlZGlyZWN0LmFuYWx5c2lzLnVzZ292Y2xvdWRhcGkubmV0IiwiZW1iZWRGZWF0dXJlcyI6eyJ1c2FnZU1ldHJpY3NWTmV4dCI6dHJ1ZX19","System.Object[]","System.Object[]","143c548e-6a8f-440c-ba0f-0aac7881a9a4","DOH-Public Health Informatics"
"https://app.powerbigov.us/groups/143c548e-6a8f-440c-ba0f-0aac7881a9a4/datasets/b8e2e094-de20-4c31-a7f1-aff533f92c20","b8e2e094-de20-4c31-a7f1-aff533f92c20","True","2019-10-01T19:43:27.68Z","True","Opioid Dashboard","Abf","False",,"@{autoSyncReadOnlyReplicas=True; maxReadOnlyReplicas=0}","False","mbenz@nd.gov","False","https://app.powerbigov.us/reportEmbed?config=eyJjbHVzdGVyVXJsIjoiaHR0cHM6Ly9XQUJJLVVTLUdPVi1JT1dBLXJlZGlyZWN0LmFuYWx5c2lzLnVzZ292Y2xvdWRhcGkubmV0IiwiZW1iZWRGZWF0dXJlcyI6eyJ1c2FnZU1ldHJpY3NWTmV4dCI6dHJ1ZX19","https://app.powerbigov.us/qnaEmbed?config=eyJjbHVzdGVyVXJsIjoiaHR0cHM6Ly9XQUJJLVVTLUdPVi1JT1dBLXJlZGlyZWN0LmFuYWx5c2lzLnVzZ292Y2xvdWRhcGkubmV0IiwiZW1iZWRGZWF0dXJlcyI6eyJ1c2FnZU1ldHJpY3NWTmV4dCI6dHJ1ZX19","System.Object[]","System.Object[]","143c548e-6a8f-440c-ba0f-0aac7881a9a4","DOH-Public Health Informatics"
"https://app.powerbigov.us/groups/143c548e-6a8f-440c-ba0f-0aac7881a9a4/datasets/2628414c-b9ba-40e0-86a9-b5998e0eb09e","2628414c-b9ba-40e0-86a9-b5998e0eb09e","True","2019-10-24T14:50:02.47Z","True","NDIIS_Interop_Providers","Abf","False",,"@{autoSyncReadOnlyReplicas=True; maxReadOnlyReplicas=0}","False","mbenz@nd.gov","False","https://app.powerbigov.us/reportEmbed?config=eyJjbHVzdGVyVXJsIjoiaHR0cHM6Ly9XQUJJLVVTLUdPVi1JT1dBLXJlZGlyZWN0LmFuYWx5c2lzLnVzZ292Y2xvdWRhcGkubmV0IiwiZW1iZWRGZWF0dXJlcyI6eyJ1c2FnZU1ldHJpY3NWTmV4dCI6dHJ1ZX19","https://app.powerbigov.us/qnaEmbed?config=eyJjbHVzdGVyVXJsIjoiaHR0cHM6Ly9XQUJJLVVTLUdPVi1JT1dBLXJlZGlyZWN0LmFuYWx5c2lzLnVzZ292Y2xvdWRhcGkubmV0IiwiZW1iZWRGZWF0dXJlcyI6eyJ1c2FnZU1ldHJpY3NWTmV4dCI6dHJ1ZX19","System.Object[]","System.Object[]","143c548e-6a8f-440c-ba0f-0aac7881a9a4","DOH-Public Health Informatics"
"https://app.powerbigov.us/groups/143c548e-6a8f-440c-ba0f-0aac7881a9a4/datasets/e08fd27d-2d9c-48db-b65d-407568210494","e08fd27d-2d9c-48db-b65d-407568210494","True","2019-10-29T19:50:55.487Z","True","NDIIS_Travel_Clinics","Abf","False",,"@{autoSyncReadOnlyReplicas=True; maxReadOnlyReplicas=0}","False","mbenz@nd.gov","False","https://app.powerbigov.us/reportEmbed?config=eyJjbHVzdGVyVXJsIjoiaHR0cHM6Ly9XQUJJLVVTLUdPVi1JT1dBLXJlZGlyZWN0LmFuYWx5c2lzLnVzZ292Y2xvdWRhcGkubmV0IiwiZW1iZWRGZWF0dXJlcyI6eyJ1c2FnZU1ldHJpY3NWTmV4dCI6dHJ1ZX19","https://app.powerbigov.us/qnaEmbed?config=eyJjbHVzdGVyVXJsIjoiaHR0cHM6Ly9XQUJJLVVTLUdPVi1JT1dBLXJlZGlyZWN0LmFuYWx5c2lzLnVzZ292Y2xvdWRhcGkubmV0IiwiZW1iZWRGZWF0dXJlcyI6eyJ1c2FnZU1ldHJpY3NWTmV4dCI6dHJ1ZX19","System.Object[]","System.Object[]","143c548e-6a8f-440c-ba0f-0aac7881a9a4","DOH-Public Health Informatics"
"https://app.powerbigov.us/groups/143c548e-6a8f-440c-ba0f-0aac7881a9a4/datasets/eff36d64-3061-4020-9b79-0db84ff83446","eff36d64-3061-4020-9b79-0db84ff83446","True","2019-11-18T20:55:05.08Z","True","NDVDRS Dashboard","Abf","False",,"@{autoSyncReadOnlyReplicas=True; maxReadOnlyReplicas=0}","False","mbenz@nd.gov","False","https://app.powerbigov.us/reportEmbed?config=eyJjbHVzdGVyVXJsIjoiaHR0cHM6Ly9XQUJJLVVTLUdPVi1JT1dBLXJlZGlyZWN0LmFuYWx5c2lzLnVzZ292Y2xvdWRhcGkubmV0IiwiZW1iZWRGZWF0dXJlcyI6eyJ1c2FnZU1ldHJpY3NWTmV4dCI6dHJ1ZX19","https://app.powerbigov.us/qnaEmbed?config=eyJjbHVzdGVyVXJsIjoiaHR0cHM6Ly9XQUJJLVVTLUdPVi1JT1dBLXJlZGlyZWN0LmFuYWx5c2lzLnVzZ292Y2xvdWRhcGkubmV0IiwiZW1iZWRGZWF0dXJlcyI6eyJ1c2FnZU1ldHJpY3NWTmV4dCI6dHJ1ZX19","System.Object[]","System.Object[]","143c548e-6a8f-440c-ba0f-0aac7881a9a4","DOH-Public Health Informatics"
"https://app.powerbigov.us/groups/143c548e-6a8f-440c-ba0f-0aac7881a9a4/datasets/a15b9708-a363-4fb5-a15b-087a9e70178b","a15b9708-a363-4fb5-a15b-087a9e70178b","True","2020-09-14T21:43:32.193Z","True","Flu_Website_Data2","Abf","False",,"@{autoSyncReadOnlyReplicas=True; maxReadOnlyReplicas=0}","False","lschlosser@nd.gov","False","https://app.powerbigov.us/reportEmbed?config=eyJjbHVzdGVyVXJsIjoiaHR0cHM6Ly9XQUJJLVVTLUdPVi1JT1dBLXJlZGlyZWN0LmFuYWx5c2lzLnVzZ292Y2xvdWRhcGkubmV0IiwiZW1iZWRGZWF0dXJlcyI6eyJ1c2FnZU1ldHJpY3NWTmV4dCI6dHJ1ZX19","https://app.powerbigov.us/qnaEmbed?config=eyJjbHVzdGVyVXJsIjoiaHR0cHM6Ly9XQUJJLVVTLUdPVi1JT1dBLXJlZGlyZWN0LmFuYWx5c2lzLnVzZ292Y2xvdWRhcGkubmV0IiwiZW1iZWRGZWF0dXJlcyI6eyJ1c2FnZU1ldHJpY3NWTmV4dCI6dHJ1ZX19","System.Object[]","System.Object[]","143c548e-6a8f-440c-ba0f-0aac7881a9a4","DOH-Public Health Informatics"
"https://app.powerbigov.us/groups/143c548e-6a8f-440c-ba0f-0aac7881a9a4/datasets/c7e51692-9cdb-4848-937a-3528096acb05","c7e51692-9cdb-4848-937a-3528096acb05","True","2020-10-01T19:25:39.8Z","True","Influenza_Weekly_Report","Abf","False",,"@{autoSyncReadOnlyReplicas=True; maxReadOnlyReplicas=0}","False","lschlosser@nd.gov","False","https://app.powerbigov.us/reportEmbed?config=eyJjbHVzdGVyVXJsIjoiaHR0cHM6Ly9XQUJJLVVTLUdPVi1JT1dBLXJlZGlyZWN0LmFuYWx5c2lzLnVzZ292Y2xvdWRhcGkubmV0IiwiZW1iZWRGZWF0dXJlcyI6eyJ1c2FnZU1ldHJpY3NWTmV4dCI6dHJ1ZX19","https://app.powerbigov.us/qnaEmbed?config=eyJjbHVzdGVyVXJsIjoiaHR0cHM6Ly9XQUJJLVVTLUdPVi1JT1dBLXJlZGlyZWN0LmFuYWx5c2lzLnVzZ292Y2xvdWRhcGkubmV0IiwiZW1iZWRGZWF0dXJlcyI6eyJ1c2FnZU1ldHJpY3NWTmV4dCI6dHJ1ZX19","System.Object[]","System.Object[]","143c548e-6a8f-440c-ba0f-0aac7881a9a4","DOH-Public Health Informatics"
"https://app.powerbigov.us/groups/143c548e-6a8f-440c-ba0f-0aac7881a9a4/datasets/0300365a-3709-4b3f-b692-55fbbd01bbc8","0300365a-3709-4b3f-b692-55fbbd01bbc8","True","2021-01-04T22:13:15.153Z","False","Smart Restart Dashboard - External","Abf","False",,"@{autoSyncReadOnlyReplicas=True; maxReadOnlyReplicas=0}","False","mbenz@nd.gov","False","https://app.powerbigov.us/reportEmbed?config=eyJjbHVzdGVyVXJsIjoiaHR0cHM6Ly9XQUJJLVVTLUdPVi1JT1dBLXJlZGlyZWN0LmFuYWx5c2lzLnVzZ292Y2xvdWRhcGkubmV0IiwiZW1iZWRGZWF0dXJlcyI6eyJ1c2FnZU1ldHJpY3NWTmV4dCI6dHJ1ZX19","https://app.powerbigov.us/qnaEmbed?config=eyJjbHVzdGVyVXJsIjoiaHR0cHM6Ly9XQUJJLVVTLUdPVi1JT1dBLXJlZGlyZWN0LmFuYWx5c2lzLnVzZ292Y2xvdWRhcGkubmV0IiwiZW1iZWRGZWF0dXJlcyI6eyJ1c2FnZU1ldHJpY3NWTmV4dCI6dHJ1ZX19","System.Object[]","System.Object[]","143c548e-6a8f-440c-ba0f-0aac7881a9a4","DOH-Public Health Informatics"
"https://app.powerbigov.us/groups/143c548e-6a8f-440c-ba0f-0aac7881a9a4/datasets/4e8c1ad2-f957-4bbe-834e-78518017fa92","4e8c1ad2-f957-4bbe-834e-78518017fa92","True","2021-01-04T22:13:45.81Z","False","Smart Restart Dashboard - Internal","Abf","False",,"@{autoSyncReadOnlyReplicas=True; maxReadOnlyReplicas=0}","False","mbenz@nd.gov","False","https://app.powerbigov.us/reportEmbed?config=eyJjbHVzdGVyVXJsIjoiaHR0cHM6Ly9XQUJJLVVTLUdPVi1JT1dBLXJlZGlyZWN0LmFuYWx5c2lzLnVzZ292Y2xvdWRhcGkubmV0IiwiZW1iZWRGZWF0dXJlcyI6eyJ1c2FnZU1ldHJpY3NWTmV4dCI6dHJ1ZX19","https://app.powerbigov.us/qnaEmbed?config=eyJjbHVzdGVyVXJsIjoiaHR0cHM6Ly9XQUJJLVVTLUdPVi1JT1dBLXJlZGlyZWN0LmFuYWx5c2lzLnVzZ292Y2xvdWRhcGkubmV0IiwiZW1iZWRGZWF0dXJlcyI6eyJ1c2FnZU1ldHJpY3NWTmV4dCI6dHJ1ZX19","System.Object[]","System.Object[]","143c548e-6a8f-440c-ba0f-0aac7881a9a4","DOH-Public Health Informatics"
"https://app.powerbigov.us/groups/143c548e-6a8f-440c-ba0f-0aac7881a9a4/datasets/2392a25f-8d77-469f-8a43-2daf58508372","2392a25f-8d77-469f-8a43-2daf58508372","True","2021-01-07T20:29:27.687Z","False","AG vs PCR testing","Abf","False",,"@{autoSyncReadOnlyReplicas=True; maxReadOnlyReplicas=0}","False","mbenz@nd.gov","False","https://app.powerbigov.us/reportEmbed?config=eyJjbHVzdGVyVXJsIjoiaHR0cHM6Ly9XQUJJLVVTLUdPVi1JT1dBLXJlZGlyZWN0LmFuYWx5c2lzLnVzZ292Y2xvdWRhcGkubmV0IiwiZW1iZWRGZWF0dXJlcyI6eyJ1c2FnZU1ldHJpY3NWTmV4dCI6dHJ1ZX19","https://app.powerbigov.us/qnaEmbed?config=eyJjbHVzdGVyVXJsIjoiaHR0cHM6Ly9XQUJJLVVTLUdPVi1JT1dBLXJlZGlyZWN0LmFuYWx5c2lzLnVzZ292Y2xvdWRhcGkubmV0IiwiZW1iZWRGZWF0dXJlcyI6eyJ1c2FnZU1ldHJpY3NWTmV4dCI6dHJ1ZX19","System.Object[]","System.Object[]","143c548e-6a8f-440c-ba0f-0aac7881a9a4","DOH-Public Health Informatics"
"https://app.powerbigov.us/groups/143c548e-6a8f-440c-ba0f-0aac7881a9a4/datasets/af76ea44-335f-4797-8c0e-813b83af5ed0","af76ea44-335f-4797-8c0e-813b83af5ed0","False","2021-01-07T21:30:23.427Z","False","Report Usage Metrics Model","Abf","False",,"@{autoSyncReadOnlyReplicas=True; maxReadOnlyReplicas=0}","False","mbenz@nd.gov","False","https://app.powerbigov.us/reportEmbed?config=eyJjbHVzdGVyVXJsIjoiaHR0cHM6Ly9XQUJJLVVTLUdPVi1JT1dBLXJlZGlyZWN0LmFuYWx5c2lzLnVzZ292Y2xvdWRhcGkubmV0IiwiZW1iZWRGZWF0dXJlcyI6eyJ1c2FnZU1ldHJpY3NWTmV4dCI6dHJ1ZX19","https://app.powerbigov.us/qnaEmbed?config=eyJjbHVzdGVyVXJsIjoiaHR0cHM6Ly9XQUJJLVVTLUdPVi1JT1dBLXJlZGlyZWN0LmFuYWx5c2lzLnVzZ292Y2xvdWRhcGkubmV0IiwiZW1iZWRGZWF0dXJlcyI6eyJ1c2FnZU1ldHJpY3NWTmV4dCI6dHJ1ZX19","System.Object[]","System.Object[]","143c548e-6a8f-440c-ba0f-0aac7881a9a4","DOH-Public Health Informatics"
"https://app.powerbigov.us/groups/143c548e-6a8f-440c-ba0f-0aac7881a9a4/datasets/e22b56ad-6240-4ee3-83d6-ac192936ac5b","e22b56ad-6240-4ee3-83d6-ac192936ac5b","True","2021-01-26T16:06:52.727Z","False","College_Dash","Abf","False",,"@{autoSyncReadOnlyReplicas=True; maxReadOnlyReplicas=0}","False","bschram@nd.gov","False","https://app.powerbigov.us/reportEmbed?config=eyJjbHVzdGVyVXJsIjoiaHR0cHM6Ly9XQUJJLVVTLUdPVi1JT1dBLXJlZGlyZWN0LmFuYWx5c2lzLnVzZ292Y2xvdWRhcGkubmV0IiwiZW1iZWRGZWF0dXJlcyI6eyJ1c2FnZU1ldHJpY3NWTmV4dCI6dHJ1ZX19","https://app.powerbigov.us/qnaEmbed?config=eyJjbHVzdGVyVXJsIjoiaHR0cHM6Ly9XQUJJLVVTLUdPVi1JT1dBLXJlZGlyZWN0LmFuYWx5c2lzLnVzZ292Y2xvdWRhcGkubmV0IiwiZW1iZWRGZWF0dXJlcyI6eyJ1c2FnZU1ldHJpY3NWTmV4dCI6dHJ1ZX19","System.Object[]","System.Object[]","143c548e-6a8f-440c-ba0f-0aac7881a9a4","DOH-Public Health Informatics"
"https://app.powerbigov.us/groups/143c548e-6a8f-440c-ba0f-0aac7881a9a4/datasets/f4a8cb4d-7383-4906-bde8-c474fe4f00bb","f4a8cb4d-7383-4906-bde8-c474fe4f00bb","True","2021-02-05T16:27:43.743Z","False","Auto Weekly Report","Abf","False",,"@{autoSyncReadOnlyReplicas=True; maxReadOnlyReplicas=0}","False","mbenz@nd.gov","False","https://app.powerbigov.us/reportEmbed?config=eyJjbHVzdGVyVXJsIjoiaHR0cHM6Ly9XQUJJLVVTLUdPVi1JT1dBLXJlZGlyZWN0LmFuYWx5c2lzLnVzZ292Y2xvdWRhcGkubmV0IiwiZW1iZWRGZWF0dXJlcyI6eyJ1c2FnZU1ldHJpY3NWTmV4dCI6dHJ1ZX19","https://app.powerbigov.us/qnaEmbed?config=eyJjbHVzdGVyVXJsIjoiaHR0cHM6Ly9XQUJJLVVTLUdPVi1JT1dBLXJlZGlyZWN0LmFuYWx5c2lzLnVzZ292Y2xvdWRhcGkubmV0IiwiZW1iZWRGZWF0dXJlcyI6eyJ1c2FnZU1ldHJpY3NWTmV4dCI6dHJ1ZX19","System.Object[]","System.Object[]","143c548e-6a8f-440c-ba0f-0aac7881a9a4","DOH-Public Health Informatics"
"https://app.powerbigov.us/groups/143c548e-6a8f-440c-ba0f-0aac7881a9a4/datasets/96c40d4a-a203-486e-8a1a-659cb678b951","96c40d4a-a203-486e-8a1a-659cb678b951","True","2021-02-05T21:05:03.967Z","True","Lab Volume Dashboard","Abf","False",,"@{autoSyncReadOnlyReplicas=True; maxReadOnlyReplicas=0}","False","bschram@nd.gov","False","https://app.powerbigov.us/reportEmbed?config=eyJjbHVzdGVyVXJsIjoiaHR0cHM6Ly9XQUJJLVVTLUdPVi1JT1dBLXJlZGlyZWN0LmFuYWx5c2lzLnVzZ292Y2xvdWRhcGkubmV0IiwiZW1iZWRGZWF0dXJlcyI6eyJ1c2FnZU1ldHJpY3NWTmV4dCI6dHJ1ZX19","https://app.powerbigov.us/qnaEmbed?config=eyJjbHVzdGVyVXJsIjoiaHR0cHM6Ly9XQUJJLVVTLUdPVi1JT1dBLXJlZGlyZWN0LmFuYWx5c2lzLnVzZ292Y2xvdWRhcGkubmV0IiwiZW1iZWRGZWF0dXJlcyI6eyJ1c2FnZU1ldHJpY3NWTmV4dCI6dHJ1ZX19","System.Object[]","System.Object[]","143c548e-6a8f-440c-ba0f-0aac7881a9a4","DOH-Public Health Informatics"
"https://app.powerbigov.us/groups/143c548e-6a8f-440c-ba0f-0aac7881a9a4/datasets/97170b33-3db2-4a81-9e6d-1bb7af810851","97170b33-3db2-4a81-9e6d-1bb7af810851","True","2021-02-22T16:10:57.297Z","False","Usage Metrics Report","Abf","False",,"@{autoSyncReadOnlyReplicas=True; maxReadOnlyReplicas=0}","False","bschram@nd.gov","False","https://app.powerbigov.us/reportEmbed?config=eyJjbHVzdGVyVXJsIjoiaHR0cHM6Ly9XQUJJLVVTLUdPVi1JT1dBLXJlZGlyZWN0LmFuYWx5c2lzLnVzZ292Y2xvdWRhcGkubmV0IiwiZW1iZWRGZWF0dXJlcyI6eyJ1c2FnZU1ldHJpY3NWTmV4dCI6dHJ1ZX19","https://app.powerbigov.us/qnaEmbed?config=eyJjbHVzdGVyVXJsIjoiaHR0cHM6Ly9XQUJJLVVTLUdPVi1JT1dBLXJlZGlyZWN0LmFuYWx5c2lzLnVzZ292Y2xvdWRhcGkubmV0IiwiZW1iZWRGZWF0dXJlcyI6eyJ1c2FnZU1ldHJpY3NWTmV4dCI6dHJ1ZX19","System.Object[]","System.Object[]","143c548e-6a8f-440c-ba0f-0aac7881a9a4","DOH-Public Health Informatics"
"https://app.powerbigov.us/groups/143c548e-6a8f-440c-ba0f-0aac7881a9a4/datasets/87256db4-73e9-42be-9b66-f54b22664c74","87256db4-73e9-42be-9b66-f54b22664c74","True","2021-04-28T19:20:10.397Z","False","Autism_Data_Report","Abf","False",,"@{autoSyncReadOnlyReplicas=True; maxReadOnlyReplicas=0}","False","mbenz@nd.gov","False","https://app.powerbigov.us/reportEmbed?config=eyJjbHVzdGVyVXJsIjoiaHR0cHM6Ly9XQUJJLVVTLUdPVi1JT1dBLXJlZGlyZWN0LmFuYWx5c2lzLnVzZ292Y2xvdWRhcGkubmV0IiwiZW1iZWRGZWF0dXJlcyI6eyJ1c2FnZU1ldHJpY3NWTmV4dCI6dHJ1ZX19","https://app.powerbigov.us/qnaEmbed?config=eyJjbHVzdGVyVXJsIjoiaHR0cHM6Ly9XQUJJLVVTLUdPVi1JT1dBLXJlZGlyZWN0LmFuYWx5c2lzLnVzZ292Y2xvdWRhcGkubmV0IiwiZW1iZWRGZWF0dXJlcyI6eyJ1c2FnZU1ldHJpY3NWTmV4dCI6dHJ1ZX19","System.Object[]","System.Object[]","143c548e-6a8f-440c-ba0f-0aac7881a9a4","DOH-Public Health Informatics"
"https://app.powerbigov.us/groups/143c548e-6a8f-440c-ba0f-0aac7881a9a4/datasets/0fce67ae-3d73-47b1-a00b-cf84fdddaec8","0fce67ae-3d73-47b1-a00b-cf84fdddaec8","True","2021-05-05T16:08:40.833Z","False","Weekly Report","Abf","False",,"@{autoSyncReadOnlyReplicas=True; maxReadOnlyReplicas=0}","False","bschram@nd.gov","False","https://app.powerbigov.us/reportEmbed?config=eyJjbHVzdGVyVXJsIjoiaHR0cHM6Ly9XQUJJLVVTLUdPVi1JT1dBLXJlZGlyZWN0LmFuYWx5c2lzLnVzZ292Y2xvdWRhcGkubmV0IiwiZW1iZWRGZWF0dXJlcyI6eyJ1c2FnZU1ldHJpY3NWTmV4dCI6dHJ1ZX19","https://app.powerbigov.us/qnaEmbed?config=eyJjbHVzdGVyVXJsIjoiaHR0cHM6Ly9XQUJJLVVTLUdPVi1JT1dBLXJlZGlyZWN0LmFuYWx5c2lzLnVzZ292Y2xvdWRhcGkubmV0IiwiZW1iZWRGZWF0dXJlcyI6eyJ1c2FnZU1ldHJpY3NWTmV4dCI6dHJ1ZX19","System.Object[]","System.Object[]","143c548e-6a8f-440c-ba0f-0aac7881a9a4","DOH-Public Health Informatics"
"https://app.powerbigov.us/groups/143c548e-6a8f-440c-ba0f-0aac7881a9a4/datasets/86308593-50cc-424b-a492-77a7f20419ea","86308593-50cc-424b-a492-77a7f20419ea","True","2021-05-05T16:46:54.707Z","False","Daily-1-pager","Abf","False",,"@{autoSyncReadOnlyReplicas=True; maxReadOnlyReplicas=0}","False","bschram@nd.gov","False","https://app.powerbigov.us/reportEmbed?config=eyJjbHVzdGVyVXJsIjoiaHR0cHM6Ly9XQUJJLVVTLUdPVi1JT1dBLXJlZGlyZWN0LmFuYWx5c2lzLnVzZ292Y2xvdWRhcGkubmV0IiwiZW1iZWRGZWF0dXJlcyI6eyJ1c2FnZU1ldHJpY3NWTmV4dCI6dHJ1ZX19","https://app.powerbigov.us/qnaEmbed?config=eyJjbHVzdGVyVXJsIjoiaHR0cHM6Ly9XQUJJLVVTLUdPVi1JT1dBLXJlZGlyZWN0LmFuYWx5c2lzLnVzZ292Y2xvdWRhcGkubmV0IiwiZW1iZWRGZWF0dXJlcyI6eyJ1c2FnZU1ldHJpY3NWTmV4dCI6dHJ1ZX19","System.Object[]","System.Object[]","143c548e-6a8f-440c-ba0f-0aac7881a9a4","DOH-Public Health Informatics"
"https://app.powerbigov.us/groups/143c548e-6a8f-440c-ba0f-0aac7881a9a4/datasets/640e30a4-f601-477a-95ff-627c47faf79c","640e30a4-f601-477a-95ff-627c47faf79c","True","2021-06-29T21:01:12.627Z","True","Green Dot Dashboard","Abf","False",,"@{autoSyncReadOnlyReplicas=True; maxReadOnlyReplicas=0}","False","mbenz@nd.gov","False","https://app.powerbigov.us/reportEmbed?config=eyJjbHVzdGVyVXJsIjoiaHR0cHM6Ly9XQUJJLVVTLUdPVi1JT1dBLXJlZGlyZWN0LmFuYWx5c2lzLnVzZ292Y2xvdWRhcGkubmV0IiwiZW1iZWRGZWF0dXJlcyI6eyJ1c2FnZU1ldHJpY3NWTmV4dCI6dHJ1ZX19","https://app.powerbigov.us/qnaEmbed?config=eyJjbHVzdGVyVXJsIjoiaHR0cHM6Ly9XQUJJLVVTLUdPVi1JT1dBLXJlZGlyZWN0LmFuYWx5c2lzLnVzZ292Y2xvdWRhcGkubmV0IiwiZW1iZWRGZWF0dXJlcyI6eyJ1c2FnZU1ldHJpY3NWTmV4dCI6dHJ1ZX19","System.Object[]","System.Object[]","143c548e-6a8f-440c-ba0f-0aac7881a9a4","DOH-Public Health Informatics"
"https://app.powerbigov.us/groups/143c548e-6a8f-440c-ba0f-0aac7881a9a4/datasets/8441bb65-5746-4074-94c6-1e63818c565f","8441bb65-5746-4074-94c6-1e63818c565f","True","2021-06-29T21:02:33.333Z","True","North Dakota Sexual Violence Dashboard","Abf","False",,"@{autoSyncReadOnlyReplicas=True; maxReadOnlyReplicas=0}","False","mbenz@nd.gov","False","https://app.powerbigov.us/reportEmbed?config=eyJjbHVzdGVyVXJsIjoiaHR0cHM6Ly9XQUJJLVVTLUdPVi1JT1dBLXJlZGlyZWN0LmFuYWx5c2lzLnVzZ292Y2xvdWRhcGkubmV0IiwiZW1iZWRGZWF0dXJlcyI6eyJ1c2FnZU1ldHJpY3NWTmV4dCI6dHJ1ZX19","https://app.powerbigov.us/qnaEmbed?config=eyJjbHVzdGVyVXJsIjoiaHR0cHM6Ly9XQUJJLVVTLUdPVi1JT1dBLXJlZGlyZWN0LmFuYWx5c2lzLnVzZ292Y2xvdWRhcGkubmV0IiwiZW1iZWRGZWF0dXJlcyI6eyJ1c2FnZU1ldHJpY3NWTmV4dCI6dHJ1ZX19","System.Object[]","System.Object[]","143c548e-6a8f-440c-ba0f-0aac7881a9a4","DOH-Public Health Informatics"
"https://app.powerbigov.us/groups/143c548e-6a8f-440c-ba0f-0aac7881a9a4/datasets/1bb202ac-5ad0-4221-80df-f74a3a082b01","1bb202ac-5ad0-4221-80df-f74a3a082b01","True","2021-07-02T15:52:29.247Z","True","WNV_Animal","Abf","False",,"@{autoSyncReadOnlyReplicas=True; maxReadOnlyReplicas=0}","False","mbenz@nd.gov","False","https://app.powerbigov.us/reportEmbed?config=eyJjbHVzdGVyVXJsIjoiaHR0cHM6Ly9XQUJJLVVTLUdPVi1JT1dBLXJlZGlyZWN0LmFuYWx5c2lzLnVzZ292Y2xvdWRhcGkubmV0IiwiZW1iZWRGZWF0dXJlcyI6eyJ1c2FnZU1ldHJpY3NWTmV4dCI6dHJ1ZX19","https://app.powerbigov.us/qnaEmbed?config=eyJjbHVzdGVyVXJsIjoiaHR0cHM6Ly9XQUJJLVVTLUdPVi1JT1dBLXJlZGlyZWN0LmFuYWx5c2lzLnVzZ292Y2xvdWRhcGkubmV0IiwiZW1iZWRGZWF0dXJlcyI6eyJ1c2FnZU1ldHJpY3NWTmV4dCI6dHJ1ZX19","System.Object[]","System.Object[]","143c548e-6a8f-440c-ba0f-0aac7881a9a4","DOH-Public Health Informatics"
"https://app.powerbigov.us/groups/143c548e-6a8f-440c-ba0f-0aac7881a9a4/datasets/9a97e2c1-2542-495b-9183-fb8acbb12eac","9a97e2c1-2542-495b-9183-fb8acbb12eac","True","2021-09-20T16:52:59.837Z","True","InfluenzaWeeklyReport","Abf","False",,"@{autoSyncReadOnlyReplicas=True; maxReadOnlyReplicas=0}","False","lschlosser@nd.gov","False","https://app.powerbigov.us/reportEmbed?config=eyJjbHVzdGVyVXJsIjoiaHR0cHM6Ly9XQUJJLVVTLUdPVi1JT1dBLXJlZGlyZWN0LmFuYWx5c2lzLnVzZ292Y2xvdWRhcGkubmV0IiwiZW1iZWRGZWF0dXJlcyI6eyJ1c2FnZU1ldHJpY3NWTmV4dCI6dHJ1ZX19","https://app.powerbigov.us/qnaEmbed?config=eyJjbHVzdGVyVXJsIjoiaHR0cHM6Ly9XQUJJLVVTLUdPVi1JT1dBLXJlZGlyZWN0LmFuYWx5c2lzLnVzZ292Y2xvdWRhcGkubmV0IiwiZW1iZWRGZWF0dXJlcyI6eyJ1c2FnZU1ldHJpY3NWTmV4dCI6dHJ1ZX19","System.Object[]","System.Object[]","143c548e-6a8f-440c-ba0f-0aac7881a9a4","DOH-Public Health Informatics"
"https://app.powerbigov.us/groups/143c548e-6a8f-440c-ba0f-0aac7881a9a4/datasets/4f696006-afba-4682-8af5-576349a8c4f8","4f696006-afba-4682-8af5-576349a8c4f8","True","2022-01-25T04:56:23.78Z","False","COVID-19 Case Dasbhoard Internal","Abf","False",,"@{autoSyncReadOnlyReplicas=True; maxReadOnlyReplicas=0}","False","mbenz@nd.gov","False","https://app.powerbigov.us/reportEmbed?config=eyJjbHVzdGVyVXJsIjoiaHR0cHM6Ly9XQUJJLVVTLUdPVi1JT1dBLXJlZGlyZWN0LmFuYWx5c2lzLnVzZ292Y2xvdWRhcGkubmV0IiwiZW1iZWRGZWF0dXJlcyI6eyJ1c2FnZU1ldHJpY3NWTmV4dCI6dHJ1ZX19","https://app.powerbigov.us/qnaEmbed?config=eyJjbHVzdGVyVXJsIjoiaHR0cHM6Ly9XQUJJLVVTLUdPVi1JT1dBLXJlZGlyZWN0LmFuYWx5c2lzLnVzZ292Y2xvdWRhcGkubmV0IiwiZW1iZWRGZWF0dXJlcyI6eyJ1c2FnZU1ldHJpY3NWTmV4dCI6dHJ1ZX19","System.Object[]","System.Object[]","143c548e-6a8f-440c-ba0f-0aac7881a9a4","DOH-Public Health Informatics"
"https://app.powerbigov.us/groups/143c548e-6a8f-440c-ba0f-0aac7881a9a4/datasets/5e4f316b-efbf-422d-a213-73be58150fe2","5e4f316b-efbf-422d-a213-73be58150fe2","True","2022-03-17T13:46:27.363Z","True","Suicide Dashboard","Abf","False",,"@{autoSyncReadOnlyReplicas=True; maxReadOnlyReplicas=0}","False","tarahaugen@nd.gov","False","https://app.powerbigov.us/reportEmbed?config=eyJjbHVzdGVyVXJsIjoiaHR0cHM6Ly9XQUJJLVVTLUdPVi1JT1dBLXJlZGlyZWN0LmFuYWx5c2lzLnVzZ292Y2xvdWRhcGkubmV0IiwiZW1iZWRGZWF0dXJlcyI6eyJ1c2FnZU1ldHJpY3NWTmV4dCI6dHJ1ZX19","https://app.powerbigov.us/qnaEmbed?config=eyJjbHVzdGVyVXJsIjoiaHR0cHM6Ly9XQUJJLVVTLUdPVi1JT1dBLXJlZGlyZWN0LmFuYWx5c2lzLnVzZ292Y2xvdWRhcGkubmV0IiwiZW1iZWRGZWF0dXJlcyI6eyJ1c2FnZU1ldHJpY3NWTmV4dCI6dHJ1ZX19","System.Object[]","System.Object[]","143c548e-6a8f-440c-ba0f-0aac7881a9a4","DOH-Public Health Informatics"
"https://app.powerbigov.us/groups/143c548e-6a8f-440c-ba0f-0aac7881a9a4/datasets/4e67e80a-b043-41ce-a6c0-10686414b2ae","4e67e80a-b043-41ce-a6c0-10686414b2ae","True","2022-03-17T13:48:45.743Z","True","Drug Overdose Dashboard","Abf","False",,"@{autoSyncReadOnlyReplicas=True; maxReadOnlyReplicas=0}","False","tarahaugen@nd.gov","False","https://app.powerbigov.us/reportEmbed?config=eyJjbHVzdGVyVXJsIjoiaHR0cHM6Ly9XQUJJLVVTLUdPVi1JT1dBLXJlZGlyZWN0LmFuYWx5c2lzLnVzZ292Y2xvdWRhcGkubmV0IiwiZW1iZWRGZWF0dXJlcyI6eyJ1c2FnZU1ldHJpY3NWTmV4dCI6dHJ1ZX19","https://app.powerbigov.us/qnaEmbed?config=eyJjbHVzdGVyVXJsIjoiaHR0cHM6Ly9XQUJJLVVTLUdPVi1JT1dBLXJlZGlyZWN0LmFuYWx5c2lzLnVzZ292Y2xvdWRhcGkubmV0IiwiZW1iZWRGZWF0dXJlcyI6eyJ1c2FnZU1ldHJpY3NWTmV4dCI6dHJ1ZX19","System.Object[]","System.Object[]","143c548e-6a8f-440c-ba0f-0aac7881a9a4","DOH-Public Health Informatics"
"https://app.powerbigov.us/groups/143c548e-6a8f-440c-ba0f-0aac7881a9a4/datasets/9e42e06a-df2c-4a21-873f-24ee660c8a5f","9e42e06a-df2c-4a21-873f-24ee660c8a5f","True","2022-05-09T14:12:01.6Z","True","Alzheimer's_Report_FInal","Abf","False",,"@{autoSyncReadOnlyReplicas=True; maxReadOnlyReplicas=0}","False","tkmiller@ND.GOV","False","https://app.powerbigov.us/reportEmbed?config=eyJjbHVzdGVyVXJsIjoiaHR0cHM6Ly9XQUJJLVVTLUdPVi1JT1dBLXJlZGlyZWN0LmFuYWx5c2lzLnVzZ292Y2xvdWRhcGkubmV0IiwiZW1iZWRGZWF0dXJlcyI6eyJ1c2FnZU1ldHJpY3NWTmV4dCI6dHJ1ZX19","https://app.powerbigov.us/qnaEmbed?config=eyJjbHVzdGVyVXJsIjoiaHR0cHM6Ly9XQUJJLVVTLUdPVi1JT1dBLXJlZGlyZWN0LmFuYWx5c2lzLnVzZ292Y2xvdWRhcGkubmV0IiwiZW1iZWRGZWF0dXJlcyI6eyJ1c2FnZU1ldHJpY3NWTmV4dCI6dHJ1ZX19","System.Object[]","System.Object[]","143c548e-6a8f-440c-ba0f-0aac7881a9a4","DOH-Public Health Informatics"
"https://app.powerbigov.us/groups/143c548e-6a8f-440c-ba0f-0aac7881a9a4/datasets/aab12263-5d14-47f3-906d-a70dc6719b50","aab12263-5d14-47f3-906d-a70dc6719b50","True","2022-05-13T21:40:23.93Z","True","Alzheimer's_Report","Abf","False",,"@{autoSyncReadOnlyReplicas=True; maxReadOnlyReplicas=0}","False","tkmiller@ND.GOV","False","https://app.powerbigov.us/reportEmbed?config=eyJjbHVzdGVyVXJsIjoiaHR0cHM6Ly9XQUJJLVVTLUdPVi1JT1dBLXJlZGlyZWN0LmFuYWx5c2lzLnVzZ292Y2xvdWRhcGkubmV0IiwiZW1iZWRGZWF0dXJlcyI6eyJ1c2FnZU1ldHJpY3NWTmV4dCI6dHJ1ZX19","https://app.powerbigov.us/qnaEmbed?config=eyJjbHVzdGVyVXJsIjoiaHR0cHM6Ly9XQUJJLVVTLUdPVi1JT1dBLXJlZGlyZWN0LmFuYWx5c2lzLnVzZ292Y2xvdWRhcGkubmV0IiwiZW1iZWRGZWF0dXJlcyI6eyJ1c2FnZU1ldHJpY3NWTmV4dCI6dHJ1ZX19","System.Object[]","System.Object[]","143c548e-6a8f-440c-ba0f-0aac7881a9a4","DOH-Public Health Informatics"
"https://app.powerbigov.us/groups/143c548e-6a8f-440c-ba0f-0aac7881a9a4/datasets/92588fb6-dcc6-41da-9940-a02091501f71","92588fb6-dcc6-41da-9940-a02091501f71","True","2022-05-17T19:20:05.88Z","False","SchoolDashBoard - INTERNAL","Abf","False",,"@{autoSyncReadOnlyReplicas=True; maxReadOnlyReplicas=0}","False","mbenz@nd.gov","False","https://app.powerbigov.us/reportEmbed?config=eyJjbHVzdGVyVXJsIjoiaHR0cHM6Ly9XQUJJLVVTLUdPVi1JT1dBLXJlZGlyZWN0LmFuYWx5c2lzLnVzZ292Y2xvdWRhcGkubmV0IiwiZW1iZWRGZWF0dXJlcyI6eyJ1c2FnZU1ldHJpY3NWTmV4dCI6dHJ1ZX19","https://app.powerbigov.us/qnaEmbed?config=eyJjbHVzdGVyVXJsIjoiaHR0cHM6Ly9XQUJJLVVTLUdPVi1JT1dBLXJlZGlyZWN0LmFuYWx5c2lzLnVzZ292Y2xvdWRhcGkubmV0IiwiZW1iZWRGZWF0dXJlcyI6eyJ1c2FnZU1ldHJpY3NWTmV4dCI6dHJ1ZX19","System.Object[]","System.Object[]","143c548e-6a8f-440c-ba0f-0aac7881a9a4","DOH-Public Health Informatics"
"https://app.powerbigov.us/groups/143c548e-6a8f-440c-ba0f-0aac7881a9a4/datasets/5033c112-ea6a-4d0a-a019-945436b2b0e9","5033c112-ea6a-4d0a-a019-945436b2b0e9","True","2023-09-20T16:48:45.067Z","True","NDVDRS General Dashboard","Abf","False",,"@{autoSyncReadOnlyReplicas=True; maxReadOnlyReplicas=0}","False","tarahaugen@nd.gov","False","https://app.powerbigov.us/reportEmbed?config=eyJjbHVzdGVyVXJsIjoiaHR0cHM6Ly9XQUJJLVVTLUdPVi1JT1dBLXJlZGlyZWN0LmFuYWx5c2lzLnVzZ292Y2xvdWRhcGkubmV0IiwiZW1iZWRGZWF0dXJlcyI6eyJ1c2FnZU1ldHJpY3NWTmV4dCI6dHJ1ZX19","https://app.powerbigov.us/qnaEmbed?config=eyJjbHVzdGVyVXJsIjoiaHR0cHM6Ly9XQUJJLVVTLUdPVi1JT1dBLXJlZGlyZWN0LmFuYWx5c2lzLnVzZ292Y2xvdWRhcGkubmV0IiwiZW1iZWRGZWF0dXJlcyI6eyJ1c2FnZU1ldHJpY3NWTmV4dCI6dHJ1ZX19","System.Object[]","System.Object[]","143c548e-6a8f-440c-ba0f-0aac7881a9a4","DOH-Public Health Informatics"
"https://app.powerbigov.us/groups/143c548e-6a8f-440c-ba0f-0aac7881a9a4/datasets/93e0415c-0e61-4855-868a-9330a82bd891","93e0415c-0e61-4855-868a-9330a82bd891","True","2023-09-20T18:20:43.33Z","True","RSV_Website_Data","Abf","False",,"@{autoSyncReadOnlyReplicas=True; maxReadOnlyReplicas=0}","False","lschlosser@nd.gov","False","https://app.powerbigov.us/reportEmbed?config=eyJjbHVzdGVyVXJsIjoiaHR0cHM6Ly9XQUJJLVVTLUdPVi1JT1dBLXJlZGlyZWN0LmFuYWx5c2lzLnVzZ292Y2xvdWRhcGkubmV0IiwiZW1iZWRGZWF0dXJlcyI6eyJ1c2FnZU1ldHJpY3NWTmV4dCI6dHJ1ZX19","https://app.powerbigov.us/qnaEmbed?config=eyJjbHVzdGVyVXJsIjoiaHR0cHM6Ly9XQUJJLVVTLUdPVi1JT1dBLXJlZGlyZWN0LmFuYWx5c2lzLnVzZ292Y2xvdWRhcGkubmV0IiwiZW1iZWRGZWF0dXJlcyI6eyJ1c2FnZU1ldHJpY3NWTmV4dCI6dHJ1ZX19","System.Object[]","System.Object[]","143c548e-6a8f-440c-ba0f-0aac7881a9a4","DOH-Public Health Informatics"
"https://app.powerbigov.us/groups/143c548e-6a8f-440c-ba0f-0aac7881a9a4/datasets/ab65aa99-fa31-4e35-b6b5-372426acb1de","ab65aa99-fa31-4e35-b6b5-372426acb1de","True","2024-01-31T16:57:44.057Z","True","Tobacco Dashboard","Abf","False",,"@{autoSyncReadOnlyReplicas=True; maxReadOnlyReplicas=0}","False","cboots@ND.GOV","False","https://app.powerbigov.us/reportEmbed?config=eyJjbHVzdGVyVXJsIjoiaHR0cHM6Ly9XQUJJLVVTLUdPVi1JT1dBLXJlZGlyZWN0LmFuYWx5c2lzLnVzZ292Y2xvdWRhcGkubmV0IiwiZW1iZWRGZWF0dXJlcyI6eyJ1c2FnZU1ldHJpY3NWTmV4dCI6dHJ1ZX19","https://app.powerbigov.us/qnaEmbed?config=eyJjbHVzdGVyVXJsIjoiaHR0cHM6Ly9XQUJJLVVTLUdPVi1JT1dBLXJlZGlyZWN0LmFuYWx5c2lzLnVzZ292Y2xvdWRhcGkubmV0IiwiZW1iZWRGZWF0dXJlcyI6eyJ1c2FnZU1ldHJpY3NWTmV4dCI6dHJ1ZX19","System.Object[]","System.Object[]","143c548e-6a8f-440c-ba0f-0aac7881a9a4","DOH-Public Health Informatics"
"https://app.powerbigov.us/groups/143c548e-6a8f-440c-ba0f-0aac7881a9a4/datasets/e2f41570-25f0-4db5-826c-04887cbeac93","e2f41570-25f0-4db5-826c-04887cbeac93","True","2024-08-06T15:37:57.947Z","True","RespiratoryDashboard","Abf","False",,"@{autoSyncReadOnlyReplicas=True; maxReadOnlyReplicas=0}","False","lschlosser@nd.gov","False","https://app.powerbigov.us/reportEmbed?config=eyJjbHVzdGVyVXJsIjoiaHR0cHM6Ly9XQUJJLVVTLUdPVi1JT1dBLXJlZGlyZWN0LmFuYWx5c2lzLnVzZ292Y2xvdWRhcGkubmV0IiwiZW1iZWRGZWF0dXJlcyI6eyJ1c2FnZU1ldHJpY3NWTmV4dCI6dHJ1ZX19","https://app.powerbigov.us/qnaEmbed?config=eyJjbHVzdGVyVXJsIjoiaHR0cHM6Ly9XQUJJLVVTLUdPVi1JT1dBLXJlZGlyZWN0LmFuYWx5c2lzLnVzZ292Y2xvdWRhcGkubmV0IiwiZW1iZWRGZWF0dXJlcyI6eyJ1c2FnZU1ldHJpY3NWTmV4dCI6dHJ1ZX19","System.Object[]","System.Object[]","143c548e-6a8f-440c-ba0f-0aac7881a9a4","DOH-Public Health Informatics"
"https://app.powerbigov.us/groups/143c548e-6a8f-440c-ba0f-0aac7881a9a4/datasets/457ee65e-27b9-4239-bfb0-1dff2413297d","457ee65e-27b9-4239-bfb0-1dff2413297d","True","2025-01-30T23:58:05.467Z","True","RespiratoryDashboardInternal","Abf","False",,"@{autoSyncReadOnlyReplicas=True; maxReadOnlyReplicas=0}","False","lschlosser@nd.gov","False","https://app.powerbigov.us/reportEmbed?config=eyJjbHVzdGVyVXJsIjoiaHR0cHM6Ly9XQUJJLVVTLUdPVi1JT1dBLXJlZGlyZWN0LmFuYWx5c2lzLnVzZ292Y2xvdWRhcGkubmV0IiwiZW1iZWRGZWF0dXJlcyI6eyJ1c2FnZU1ldHJpY3NWTmV4dCI6dHJ1ZX19","https://app.powerbigov.us/qnaEmbed?config=eyJjbHVzdGVyVXJsIjoiaHR0cHM6Ly9XQUJJLVVTLUdPVi1JT1dBLXJlZGlyZWN0LmFuYWx5c2lzLnVzZ292Y2xvdWRhcGkubmV0IiwiZW1iZWRGZWF0dXJlcyI6eyJ1c2FnZU1ldHJpY3NWTmV4dCI6dHJ1ZX19","System.Object[]","System.Object[]","143c548e-6a8f-440c-ba0f-0aac7881a9a4","DOH-Public Health Informatics"
"https://app.powerbigov.us/groups/7e5a8de5-fd01-49b5-8847-c250cf6cf7e1/datasets/0804de91-9a81-4f0b-b70c-361130edeb0c","0804de91-9a81-4f0b-b70c-361130edeb0c","True","2020-11-12T14:58:46.67Z","True","Smart Restart Dashboard - Website","Abf","False",,"@{autoSyncReadOnlyReplicas=True; maxReadOnlyReplicas=0}","False",,"False","https://app.powerbigov.us/reportEmbed?config=eyJjbHVzdGVyVXJsIjoiaHR0cHM6Ly9XQUJJLVVTLUdPVi1JT1dBLXJlZGlyZWN0LmFuYWx5c2lzLnVzZ292Y2xvdWRhcGkubmV0IiwiZW1iZWRGZWF0dXJlcyI6eyJ1c2FnZU1ldHJpY3NWTmV4dCI6dHJ1ZX19","https://app.powerbigov.us/qnaEmbed?config=eyJjbHVzdGVyVXJsIjoiaHR0cHM6Ly9XQUJJLVVTLUdPVi1JT1dBLXJlZGlyZWN0LmFuYWx5c2lzLnVzZ292Y2xvdWRhcGkubmV0IiwiZW1iZWRGZWF0dXJlcyI6eyJ1c2FnZU1ldHJpY3NWTmV4dCI6dHJ1ZX19","System.Object[]","System.Object[]","7e5a8de5-fd01-49b5-8847-c250cf6cf7e1","DOH-Health Analytics"
"https://app.powerbigov.us/groups/7e5a8de5-fd01-49b5-8847-c250cf6cf7e1/datasets/cb37f30f-f0c9-4db5-a61f-7234188a9767","cb37f30f-f0c9-4db5-a61f-7234188a9767","True","2021-01-06T19:10:52.313Z","True","EPR Timesheet Dashboard","Abf","False",,"@{autoSyncReadOnlyReplicas=True; maxReadOnlyReplicas=0}","False","cwarzecha@nd.gov","False","https://app.powerbigov.us/reportEmbed?config=eyJjbHVzdGVyVXJsIjoiaHR0cHM6Ly9XQUJJLVVTLUdPVi1JT1dBLXJlZGlyZWN0LmFuYWx5c2lzLnVzZ292Y2xvdWRhcGkubmV0IiwiZW1iZWRGZWF0dXJlcyI6eyJ1c2FnZU1ldHJpY3NWTmV4dCI6dHJ1ZX19","https://app.powerbigov.us/qnaEmbed?config=eyJjbHVzdGVyVXJsIjoiaHR0cHM6Ly9XQUJJLVVTLUdPVi1JT1dBLXJlZGlyZWN0LmFuYWx5c2lzLnVzZ292Y2xvdWRhcGkubmV0IiwiZW1iZWRGZWF0dXJlcyI6eyJ1c2FnZU1ldHJpY3NWTmV4dCI6dHJ1ZX19","System.Object[]","System.Object[]","7e5a8de5-fd01-49b5-8847-c250cf6cf7e1","DOH-Health Analytics"
"https://app.powerbigov.us/groups/7e5a8de5-fd01-49b5-8847-c250cf6cf7e1/datasets/9de0dfdd-d8b8-4806-8ead-388799cd5e8e","9de0dfdd-d8b8-4806-8ead-388799cd5e8e","True","2021-04-06T20:35:59.063Z","True","Death Analysis","Abf","False",,"@{autoSyncReadOnlyReplicas=True; maxReadOnlyReplicas=0}","False","btripurapadavala@nd.gov","False","https://app.powerbigov.us/reportEmbed?config=eyJjbHVzdGVyVXJsIjoiaHR0cHM6Ly9XQUJJLVVTLUdPVi1JT1dBLXJlZGlyZWN0LmFuYWx5c2lzLnVzZ292Y2xvdWRhcGkubmV0IiwiZW1iZWRGZWF0dXJlcyI6eyJ1c2FnZU1ldHJpY3NWTmV4dCI6dHJ1ZX19","https://app.powerbigov.us/qnaEmbed?config=eyJjbHVzdGVyVXJsIjoiaHR0cHM6Ly9XQUJJLVVTLUdPVi1JT1dBLXJlZGlyZWN0LmFuYWx5c2lzLnVzZ292Y2xvdWRhcGkubmV0IiwiZW1iZWRGZWF0dXJlcyI6eyJ1c2FnZU1ldHJpY3NWTmV4dCI6dHJ1ZX19","System.Object[]","System.Object[]","7e5a8de5-fd01-49b5-8847-c250cf6cf7e1","DOH-Health Analytics"
"https://app.powerbigov.us/groups/7e5a8de5-fd01-49b5-8847-c250cf6cf7e1/datasets/cfabf73c-5523-4b24-932f-d80a69fec4d8","cfabf73c-5523-4b24-932f-d80a69fec4d8","True","2021-08-19T14:15:07.85Z","True","Hosp Discharge","Abf","False",,"@{autoSyncReadOnlyReplicas=True; maxReadOnlyReplicas=0}","False","btripurapadavala@nd.gov","False","https://app.powerbigov.us/reportEmbed?config=eyJjbHVzdGVyVXJsIjoiaHR0cHM6Ly9XQUJJLVVTLUdPVi1JT1dBLXJlZGlyZWN0LmFuYWx5c2lzLnVzZ292Y2xvdWRhcGkubmV0IiwiZW1iZWRGZWF0dXJlcyI6eyJ1c2FnZU1ldHJpY3NWTmV4dCI6dHJ1ZX19","https://app.powerbigov.us/qnaEmbed?config=eyJjbHVzdGVyVXJsIjoiaHR0cHM6Ly9XQUJJLVVTLUdPVi1JT1dBLXJlZGlyZWN0LmFuYWx5c2lzLnVzZ292Y2xvdWRhcGkubmV0IiwiZW1iZWRGZWF0dXJlcyI6eyJ1c2FnZU1ldHJpY3NWTmV4dCI6dHJ1ZX19","System.Object[]","System.Object[]","7e5a8de5-fd01-49b5-8847-c250cf6cf7e1","DOH-Health Analytics"
"https://app.powerbigov.us/groups/7e5a8de5-fd01-49b5-8847-c250cf6cf7e1/datasets/a24cb522-04a3-4d4a-b004-847457cbe239","a24cb522-04a3-4d4a-b004-847457cbe239","True","2021-09-13T20:14:16.027Z","True","Death Analysis + Hosp Discharge + SVI","Abf","False",,"@{autoSyncReadOnlyReplicas=True; maxReadOnlyReplicas=0}","False","btripurapadavala@nd.gov","False","https://app.powerbigov.us/reportEmbed?config=eyJjbHVzdGVyVXJsIjoiaHR0cHM6Ly9XQUJJLVVTLUdPVi1JT1dBLXJlZGlyZWN0LmFuYWx5c2lzLnVzZ292Y2xvdWRhcGkubmV0IiwiZW1iZWRGZWF0dXJlcyI6eyJ1c2FnZU1ldHJpY3NWTmV4dCI6dHJ1ZX19","https://app.powerbigov.us/qnaEmbed?config=eyJjbHVzdGVyVXJsIjoiaHR0cHM6Ly9XQUJJLVVTLUdPVi1JT1dBLXJlZGlyZWN0LmFuYWx5c2lzLnVzZ292Y2xvdWRhcGkubmV0IiwiZW1iZWRGZWF0dXJlcyI6eyJ1c2FnZU1ldHJpY3NWTmV4dCI6dHJ1ZX19","System.Object[]","System.Object[]","7e5a8de5-fd01-49b5-8847-c250cf6cf7e1","DOH-Health Analytics"
"https://app.powerbigov.us/groups/7e5a8de5-fd01-49b5-8847-c250cf6cf7e1/datasets/ae444f4f-34ca-424f-b9b7-6f8a480240a7","ae444f4f-34ca-424f-b9b7-6f8a480240a7","True","2022-02-09T23:37:33.51Z","False","COVID-19 Case Dasbhoard Internal","Abf","False",,"@{autoSyncReadOnlyReplicas=True; maxReadOnlyReplicas=0}","False","bschram@nd.gov","False","https://app.powerbigov.us/reportEmbed?config=eyJjbHVzdGVyVXJsIjoiaHR0cHM6Ly9XQUJJLVVTLUdPVi1JT1dBLXJlZGlyZWN0LmFuYWx5c2lzLnVzZ292Y2xvdWRhcGkubmV0IiwiZW1iZWRGZWF0dXJlcyI6eyJ1c2FnZU1ldHJpY3NWTmV4dCI6dHJ1ZX19","https://app.powerbigov.us/qnaEmbed?config=eyJjbHVzdGVyVXJsIjoiaHR0cHM6Ly9XQUJJLVVTLUdPVi1JT1dBLXJlZGlyZWN0LmFuYWx5c2lzLnVzZ292Y2xvdWRhcGkubmV0IiwiZW1iZWRGZWF0dXJlcyI6eyJ1c2FnZU1ldHJpY3NWTmV4dCI6dHJ1ZX19","System.Object[]","System.Object[]","7e5a8de5-fd01-49b5-8847-c250cf6cf7e1","DOH-Health Analytics"
"https://app.powerbigov.us/groups/7e5a8de5-fd01-49b5-8847-c250cf6cf7e1/datasets/f09bb23a-e36b-4bca-8cc5-454e9feb490e","f09bb23a-e36b-4bca-8cc5-454e9feb490e","True","2022-06-14T19:14:49.363Z","True","Wastewater Dashboard","Abf","False",,"@{autoSyncReadOnlyReplicas=True; maxReadOnlyReplicas=0}","False","matschmidt@nd.gov","False","https://app.powerbigov.us/reportEmbed?config=eyJjbHVzdGVyVXJsIjoiaHR0cHM6Ly9XQUJJLVVTLUdPVi1JT1dBLXJlZGlyZWN0LmFuYWx5c2lzLnVzZ292Y2xvdWRhcGkubmV0IiwiZW1iZWRGZWF0dXJlcyI6eyJ1c2FnZU1ldHJpY3NWTmV4dCI6dHJ1ZX19","https://app.powerbigov.us/qnaEmbed?config=eyJjbHVzdGVyVXJsIjoiaHR0cHM6Ly9XQUJJLVVTLUdPVi1JT1dBLXJlZGlyZWN0LmFuYWx5c2lzLnVzZ292Y2xvdWRhcGkubmV0IiwiZW1iZWRGZWF0dXJlcyI6eyJ1c2FnZU1ldHJpY3NWTmV4dCI6dHJ1ZX19","System.Object[]","System.Object[]","7e5a8de5-fd01-49b5-8847-c250cf6cf7e1","DOH-Health Analytics"
"https://app.powerbigov.us/groups/7e5a8de5-fd01-49b5-8847-c250cf6cf7e1/datasets/72db2fcb-18f7-4fc9-90db-8b2cfc28cf5f","72db2fcb-18f7-4fc9-90db-8b2cfc28cf5f","True","2022-06-17T21:14:32.36Z","True","BRFSS","Abf","False",,"@{autoSyncReadOnlyReplicas=True; maxReadOnlyReplicas=0}","False","ksriambati@nd.gov","False","https://app.powerbigov.us/reportEmbed?config=eyJjbHVzdGVyVXJsIjoiaHR0cHM6Ly9XQUJJLVVTLUdPVi1JT1dBLXJlZGlyZWN0LmFuYWx5c2lzLnVzZ292Y2xvdWRhcGkubmV0IiwiZW1iZWRGZWF0dXJlcyI6eyJ1c2FnZU1ldHJpY3NWTmV4dCI6dHJ1ZX19","https://app.powerbigov.us/qnaEmbed?config=eyJjbHVzdGVyVXJsIjoiaHR0cHM6Ly9XQUJJLVVTLUdPVi1JT1dBLXJlZGlyZWN0LmFuYWx5c2lzLnVzZ292Y2xvdWRhcGkubmV0IiwiZW1iZWRGZWF0dXJlcyI6eyJ1c2FnZU1ldHJpY3NWTmV4dCI6dHJ1ZX19","System.Object[]","System.Object[]","7e5a8de5-fd01-49b5-8847-c250cf6cf7e1","DOH-Health Analytics"
"https://app.powerbigov.us/groups/7e5a8de5-fd01-49b5-8847-c250cf6cf7e1/datasets/229b9e7b-b3a1-4f47-bd8f-afb18d1468b2","229b9e7b-b3a1-4f47-bd8f-afb18d1468b2","False","2022-07-05T13:58:29.183Z","False","Report Usage Metrics Model","Abf","False",,"@{autoSyncReadOnlyReplicas=True; maxReadOnlyReplicas=0}","False","matschmidt@nd.gov","False","https://app.powerbigov.us/reportEmbed?config=eyJjbHVzdGVyVXJsIjoiaHR0cHM6Ly9XQUJJLVVTLUdPVi1JT1dBLXJlZGlyZWN0LmFuYWx5c2lzLnVzZ292Y2xvdWRhcGkubmV0IiwiZW1iZWRGZWF0dXJlcyI6eyJ1c2FnZU1ldHJpY3NWTmV4dCI6dHJ1ZX19","https://app.powerbigov.us/qnaEmbed?config=eyJjbHVzdGVyVXJsIjoiaHR0cHM6Ly9XQUJJLVVTLUdPVi1JT1dBLXJlZGlyZWN0LmFuYWx5c2lzLnVzZ292Y2xvdWRhcGkubmV0IiwiZW1iZWRGZWF0dXJlcyI6eyJ1c2FnZU1ldHJpY3NWTmV4dCI6dHJ1ZX19","System.Object[]","System.Object[]","7e5a8de5-fd01-49b5-8847-c250cf6cf7e1","DOH-Health Analytics"
"https://app.powerbigov.us/groups/7e5a8de5-fd01-49b5-8847-c250cf6cf7e1/datasets/9c7b2245-7e2b-473b-8f80-603efedb4537","9c7b2245-7e2b-473b-8f80-603efedb4537","True","2022-07-21T20:51:50.74Z","True","BRFSS Cass County","Abf","False",,"@{autoSyncReadOnlyReplicas=True; maxReadOnlyReplicas=0}","False","ksriambati@nd.gov","False","https://app.powerbigov.us/reportEmbed?config=eyJjbHVzdGVyVXJsIjoiaHR0cHM6Ly9XQUJJLVVTLUdPVi1JT1dBLXJlZGlyZWN0LmFuYWx5c2lzLnVzZ292Y2xvdWRhcGkubmV0IiwiZW1iZWRGZWF0dXJlcyI6eyJ1c2FnZU1ldHJpY3NWTmV4dCI6dHJ1ZX19","https://app.powerbigov.us/qnaEmbed?config=eyJjbHVzdGVyVXJsIjoiaHR0cHM6Ly9XQUJJLVVTLUdPVi1JT1dBLXJlZGlyZWN0LmFuYWx5c2lzLnVzZ292Y2xvdWRhcGkubmV0IiwiZW1iZWRGZWF0dXJlcyI6eyJ1c2FnZU1ldHJpY3NWTmV4dCI6dHJ1ZX19","System.Object[]","System.Object[]","7e5a8de5-fd01-49b5-8847-c250cf6cf7e1","DOH-Health Analytics"
"https://app.powerbigov.us/groups/7e5a8de5-fd01-49b5-8847-c250cf6cf7e1/datasets/781dc55b-5d54-459d-ba67-b5b99a0fffd4","781dc55b-5d54-459d-ba67-b5b99a0fffd4","True","2022-08-11T15:36:27.383Z","False","Usage Metrics Report","Abf","False",,"@{autoSyncReadOnlyReplicas=True; maxReadOnlyReplicas=0}","False","bschram@nd.gov","False","https://app.powerbigov.us/reportEmbed?config=eyJjbHVzdGVyVXJsIjoiaHR0cHM6Ly9XQUJJLVVTLUdPVi1JT1dBLXJlZGlyZWN0LmFuYWx5c2lzLnVzZ292Y2xvdWRhcGkubmV0IiwiZW1iZWRGZWF0dXJlcyI6eyJ1c2FnZU1ldHJpY3NWTmV4dCI6dHJ1ZX19","https://app.powerbigov.us/qnaEmbed?config=eyJjbHVzdGVyVXJsIjoiaHR0cHM6Ly9XQUJJLVVTLUdPVi1JT1dBLXJlZGlyZWN0LmFuYWx5c2lzLnVzZ292Y2xvdWRhcGkubmV0IiwiZW1iZWRGZWF0dXJlcyI6eyJ1c2FnZU1ldHJpY3NWTmV4dCI6dHJ1ZX19","System.Object[]","System.Object[]","7e5a8de5-fd01-49b5-8847-c250cf6cf7e1","DOH-Health Analytics"
"https://app.powerbigov.us/groups/7e5a8de5-fd01-49b5-8847-c250cf6cf7e1/datasets/ab74127a-ca07-4517-bdbd-8e012663a56f","ab74127a-ca07-4517-bdbd-8e012663a56f","True","2022-08-24T13:37:11.337Z","True","Stroke PMT","Abf","False",,"@{autoSyncReadOnlyReplicas=True; maxReadOnlyReplicas=0}","False","btripurapadavala@nd.gov","False","https://app.powerbigov.us/reportEmbed?config=eyJjbHVzdGVyVXJsIjoiaHR0cHM6Ly9XQUJJLVVTLUdPVi1JT1dBLXJlZGlyZWN0LmFuYWx5c2lzLnVzZ292Y2xvdWRhcGkubmV0IiwiZW1iZWRGZWF0dXJlcyI6eyJ1c2FnZU1ldHJpY3NWTmV4dCI6dHJ1ZX19","https://app.powerbigov.us/qnaEmbed?config=eyJjbHVzdGVyVXJsIjoiaHR0cHM6Ly9XQUJJLVVTLUdPVi1JT1dBLXJlZGlyZWN0LmFuYWx5c2lzLnVzZ292Y2xvdWRhcGkubmV0IiwiZW1iZWRGZWF0dXJlcyI6eyJ1c2FnZU1ldHJpY3NWTmV4dCI6dHJ1ZX19","System.Object[]","System.Object[]","7e5a8de5-fd01-49b5-8847-c250cf6cf7e1","DOH-Health Analytics"
"https://app.powerbigov.us/groups/7e5a8de5-fd01-49b5-8847-c250cf6cf7e1/datasets/5b41ce11-2fa1-4686-b652-18131246b0e2","5b41ce11-2fa1-4686-b652-18131246b0e2","True","2022-09-28T22:24:40.043Z","True","TestReg Analysis","Abf","False",,"@{autoSyncReadOnlyReplicas=True; maxReadOnlyReplicas=0}","False","matschmidt@nd.gov","False","https://app.powerbigov.us/reportEmbed?config=eyJjbHVzdGVyVXJsIjoiaHR0cHM6Ly9XQUJJLVVTLUdPVi1JT1dBLXJlZGlyZWN0LmFuYWx5c2lzLnVzZ292Y2xvdWRhcGkubmV0IiwiZW1iZWRGZWF0dXJlcyI6eyJ1c2FnZU1ldHJpY3NWTmV4dCI6dHJ1ZX19","https://app.powerbigov.us/qnaEmbed?config=eyJjbHVzdGVyVXJsIjoiaHR0cHM6Ly9XQUJJLVVTLUdPVi1JT1dBLXJlZGlyZWN0LmFuYWx5c2lzLnVzZ292Y2xvdWRhcGkubmV0IiwiZW1iZWRGZWF0dXJlcyI6eyJ1c2FnZU1ldHJpY3NWTmV4dCI6dHJ1ZX19","System.Object[]","System.Object[]","7e5a8de5-fd01-49b5-8847-c250cf6cf7e1","DOH-Health Analytics"
"https://app.powerbigov.us/groups/7e5a8de5-fd01-49b5-8847-c250cf6cf7e1/datasets/f748ba6d-42ac-479d-9f9e-10e549e49cc5","f748ba6d-42ac-479d-9f9e-10e549e49cc5","True","2022-11-09T20:36:27.467Z","True","DOT Hopital discharge data","Abf","False",,"@{autoSyncReadOnlyReplicas=True; maxReadOnlyReplicas=0}","False","btripurapadavala@nd.gov","False","https://app.powerbigov.us/reportEmbed?config=eyJjbHVzdGVyVXJsIjoiaHR0cHM6Ly9XQUJJLVVTLUdPVi1JT1dBLXJlZGlyZWN0LmFuYWx5c2lzLnVzZ292Y2xvdWRhcGkubmV0IiwiZW1iZWRGZWF0dXJlcyI6eyJ1c2FnZU1ldHJpY3NWTmV4dCI6dHJ1ZX19","https://app.powerbigov.us/qnaEmbed?config=eyJjbHVzdGVyVXJsIjoiaHR0cHM6Ly9XQUJJLVVTLUdPVi1JT1dBLXJlZGlyZWN0LmFuYWx5c2lzLnVzZ292Y2xvdWRhcGkubmV0IiwiZW1iZWRGZWF0dXJlcyI6eyJ1c2FnZU1ldHJpY3NWTmV4dCI6dHJ1ZX19","System.Object[]","System.Object[]","7e5a8de5-fd01-49b5-8847-c250cf6cf7e1","DOH-Health Analytics"
"https://app.powerbigov.us/groups/7e5a8de5-fd01-49b5-8847-c250cf6cf7e1/datasets/9b0afa0d-1dc5-4432-a692-391795915f47","9b0afa0d-1dc5-4432-a692-391795915f47","True","2022-12-19T17:03:12.137Z","True","Stroke PMT update","Abf","False",,"@{autoSyncReadOnlyReplicas=True; maxReadOnlyReplicas=0}","False","btripurapadavala@nd.gov","False","https://app.powerbigov.us/reportEmbed?config=eyJjbHVzdGVyVXJsIjoiaHR0cHM6Ly9XQUJJLVVTLUdPVi1JT1dBLXJlZGlyZWN0LmFuYWx5c2lzLnVzZ292Y2xvdWRhcGkubmV0IiwiZW1iZWRGZWF0dXJlcyI6eyJ1c2FnZU1ldHJpY3NWTmV4dCI6dHJ1ZX19","https://app.powerbigov.us/qnaEmbed?config=eyJjbHVzdGVyVXJsIjoiaHR0cHM6Ly9XQUJJLVVTLUdPVi1JT1dBLXJlZGlyZWN0LmFuYWx5c2lzLnVzZ292Y2xvdWRhcGkubmV0IiwiZW1iZWRGZWF0dXJlcyI6eyJ1c2FnZU1ldHJpY3NWTmV4dCI6dHJ1ZX19","System.Object[]","System.Object[]","7e5a8de5-fd01-49b5-8847-c250cf6cf7e1","DOH-Health Analytics"
"https://app.powerbigov.us/groups/7e5a8de5-fd01-49b5-8847-c250cf6cf7e1/datasets/d3f241a8-5614-432a-b4b8-a0ced410f4f0","d3f241a8-5614-432a-b4b8-a0ced410f4f0","True","2023-11-02T15:01:32.603Z","True","OD Dashboard","Abf","False",,"@{autoSyncReadOnlyReplicas=True; maxReadOnlyReplicas=0}","False","ksriambati@nd.gov","False","https://app.powerbigov.us/reportEmbed?config=eyJjbHVzdGVyVXJsIjoiaHR0cHM6Ly9XQUJJLVVTLUdPVi1JT1dBLXJlZGlyZWN0LmFuYWx5c2lzLnVzZ292Y2xvdWRhcGkubmV0IiwiZW1iZWRGZWF0dXJlcyI6eyJ1c2FnZU1ldHJpY3NWTmV4dCI6dHJ1ZX19","https://app.powerbigov.us/qnaEmbed?config=eyJjbHVzdGVyVXJsIjoiaHR0cHM6Ly9XQUJJLVVTLUdPVi1JT1dBLXJlZGlyZWN0LmFuYWx5c2lzLnVzZ292Y2xvdWRhcGkubmV0IiwiZW1iZWRGZWF0dXJlcyI6eyJ1c2FnZU1ldHJpY3NWTmV4dCI6dHJ1ZX19","System.Object[]","System.Object[]","7e5a8de5-fd01-49b5-8847-c250cf6cf7e1","DOH-Health Analytics"
"https://app.powerbigov.us/groups/7e5a8de5-fd01-49b5-8847-c250cf6cf7e1/datasets/462d3759-a29b-4789-a0b4-052b79b0f2bd","462d3759-a29b-4789-a0b4-052b79b0f2bd","True","2024-03-15T17:40:02.567Z","True","Community Health Dashboard","Abf","False",,"@{autoSyncReadOnlyReplicas=True; maxReadOnlyReplicas=0}","False","btripurapadavala@nd.gov","False","https://app.powerbigov.us/reportEmbed?config=eyJjbHVzdGVyVXJsIjoiaHR0cHM6Ly9XQUJJLVVTLUdPVi1JT1dBLXJlZGlyZWN0LmFuYWx5c2lzLnVzZ292Y2xvdWRhcGkubmV0IiwiZW1iZWRGZWF0dXJlcyI6eyJ1c2FnZU1ldHJpY3NWTmV4dCI6dHJ1ZX19","https://app.powerbigov.us/qnaEmbed?config=eyJjbHVzdGVyVXJsIjoiaHR0cHM6Ly9XQUJJLVVTLUdPVi1JT1dBLXJlZGlyZWN0LmFuYWx5c2lzLnVzZ292Y2xvdWRhcGkubmV0IiwiZW1iZWRGZWF0dXJlcyI6eyJ1c2FnZU1ldHJpY3NWTmV4dCI6dHJ1ZX19","System.Object[]","System.Object[]","7e5a8de5-fd01-49b5-8847-c250cf6cf7e1","DOH-Health Analytics"
"https://app.powerbigov.us/groups/7e5a8de5-fd01-49b5-8847-c250cf6cf7e1/datasets/372d4712-8439-4221-a821-aa37432fcf7c","372d4712-8439-4221-a821-aa37432fcf7c","True","2024-03-28T16:35:19.49Z","True","Accidental Firearm Dashboard","Abf","False",,"@{autoSyncReadOnlyReplicas=True; maxReadOnlyReplicas=0}","False","btripurapadavala@nd.gov","False","https://app.powerbigov.us/reportEmbed?config=eyJjbHVzdGVyVXJsIjoiaHR0cHM6Ly9XQUJJLVVTLUdPVi1JT1dBLXJlZGlyZWN0LmFuYWx5c2lzLnVzZ292Y2xvdWRhcGkubmV0IiwiZW1iZWRGZWF0dXJlcyI6eyJ1c2FnZU1ldHJpY3NWTmV4dCI6dHJ1ZX19","https://app.powerbigov.us/qnaEmbed?config=eyJjbHVzdGVyVXJsIjoiaHR0cHM6Ly9XQUJJLVVTLUdPVi1JT1dBLXJlZGlyZWN0LmFuYWx5c2lzLnVzZ292Y2xvdWRhcGkubmV0IiwiZW1iZWRGZWF0dXJlcyI6eyJ1c2FnZU1ldHJpY3NWTmV4dCI6dHJ1ZX19","System.Object[]","System.Object[]","7e5a8de5-fd01-49b5-8847-c250cf6cf7e1","DOH-Health Analytics"
"https://app.powerbigov.us/groups/7e5a8de5-fd01-49b5-8847-c250cf6cf7e1/datasets/f8db4f9d-ab88-46fa-aa27-2cabbd5b826f","f8db4f9d-ab88-46fa-aa27-2cabbd5b826f","True","2024-08-29T20:18:30.68Z","True","PHIG Work Grant Activities for A1","Abf","False",,"@{autoSyncReadOnlyReplicas=True; maxReadOnlyReplicas=0}","False","btripurapadavala@nd.gov","False","https://app.powerbigov.us/reportEmbed?config=eyJjbHVzdGVyVXJsIjoiaHR0cHM6Ly9XQUJJLVVTLUdPVi1JT1dBLXJlZGlyZWN0LmFuYWx5c2lzLnVzZ292Y2xvdWRhcGkubmV0IiwiZW1iZWRGZWF0dXJlcyI6eyJ1c2FnZU1ldHJpY3NWTmV4dCI6dHJ1ZX19","https://app.powerbigov.us/qnaEmbed?config=eyJjbHVzdGVyVXJsIjoiaHR0cHM6Ly9XQUJJLVVTLUdPVi1JT1dBLXJlZGlyZWN0LmFuYWx5c2lzLnVzZ292Y2xvdWRhcGkubmV0IiwiZW1iZWRGZWF0dXJlcyI6eyJ1c2FnZU1ldHJpY3NWTmV4dCI6dHJ1ZX19","System.Object[]","System.Object[]","7e5a8de5-fd01-49b5-8847-c250cf6cf7e1","DOH-Health Analytics"
"https://app.powerbigov.us/groups/7e5a8de5-fd01-49b5-8847-c250cf6cf7e1/datasets/c997a845-5dbd-4fd6-9007-914d7cd85b77","c997a845-5dbd-4fd6-9007-914d7cd85b77","True","2024-08-30T14:31:28.25Z","True","PHIG Dashboard","Abf","False",,"@{autoSyncReadOnlyReplicas=True; maxReadOnlyReplicas=0}","False","btripurapadavala@nd.gov","False","https://app.powerbigov.us/reportEmbed?config=eyJjbHVzdGVyVXJsIjoiaHR0cHM6Ly9XQUJJLVVTLUdPVi1JT1dBLXJlZGlyZWN0LmFuYWx5c2lzLnVzZ292Y2xvdWRhcGkubmV0IiwiZW1iZWRGZWF0dXJlcyI6eyJ1c2FnZU1ldHJpY3NWTmV4dCI6dHJ1ZX19","https://app.powerbigov.us/qnaEmbed?config=eyJjbHVzdGVyVXJsIjoiaHR0cHM6Ly9XQUJJLVVTLUdPVi1JT1dBLXJlZGlyZWN0LmFuYWx5c2lzLnVzZ292Y2xvdWRhcGkubmV0IiwiZW1iZWRGZWF0dXJlcyI6eyJ1c2FnZU1ldHJpY3NWTmV4dCI6dHJ1ZX19","System.Object[]","System.Object[]","7e5a8de5-fd01-49b5-8847-c250cf6cf7e1","DOH-Health Analytics"
"https://app.powerbigov.us/groups/7e5a8de5-fd01-49b5-8847-c250cf6cf7e1/datasets/ffa356b9-ce99-4310-ab6b-e9c06cdc1cdf","ffa356b9-ce99-4310-ab6b-e9c06cdc1cdf","True","2024-09-27T14:18:04.903Z","True","PHIG Dashboard - Copy","Abf","False",,"@{autoSyncReadOnlyReplicas=True; maxReadOnlyReplicas=0}","False","ksriambati@nd.gov","False","https://app.powerbigov.us/reportEmbed?config=eyJjbHVzdGVyVXJsIjoiaHR0cHM6Ly9XQUJJLVVTLUdPVi1JT1dBLXJlZGlyZWN0LmFuYWx5c2lzLnVzZ292Y2xvdWRhcGkubmV0IiwiZW1iZWRGZWF0dXJlcyI6eyJ1c2FnZU1ldHJpY3NWTmV4dCI6dHJ1ZX19","https://app.powerbigov.us/qnaEmbed?config=eyJjbHVzdGVyVXJsIjoiaHR0cHM6Ly9XQUJJLVVTLUdPVi1JT1dBLXJlZGlyZWN0LmFuYWx5c2lzLnVzZ292Y2xvdWRhcGkubmV0IiwiZW1iZWRGZWF0dXJlcyI6eyJ1c2FnZU1ldHJpY3NWTmV4dCI6dHJ1ZX19","System.Object[]","System.Object[]","7e5a8de5-fd01-49b5-8847-c250cf6cf7e1","DOH-Health Analytics"
"https://app.powerbigov.us/groups/7e5a8de5-fd01-49b5-8847-c250cf6cf7e1/datasets/ba8a26ef-9cdf-498e-abcd-e079b8be18c4","ba8a26ef-9cdf-498e-abcd-e079b8be18c4","True","2024-10-01T21:33:57.37Z","True","Final Suicide Dashboard Updated_Page navigator","Abf","False",,"@{autoSyncReadOnlyReplicas=True; maxReadOnlyReplicas=0}","False","zrohrbach@nd.gov","False","https://app.powerbigov.us/reportEmbed?config=eyJjbHVzdGVyVXJsIjoiaHR0cHM6Ly9XQUJJLVVTLUdPVi1JT1dBLXJlZGlyZWN0LmFuYWx5c2lzLnVzZ292Y2xvdWRhcGkubmV0IiwiZW1iZWRGZWF0dXJlcyI6eyJ1c2FnZU1ldHJpY3NWTmV4dCI6dHJ1ZX19","https://app.powerbigov.us/qnaEmbed?config=eyJjbHVzdGVyVXJsIjoiaHR0cHM6Ly9XQUJJLVVTLUdPVi1JT1dBLXJlZGlyZWN0LmFuYWx5c2lzLnVzZ292Y2xvdWRhcGkubmV0IiwiZW1iZWRGZWF0dXJlcyI6eyJ1c2FnZU1ldHJpY3NWTmV4dCI6dHJ1ZX19","System.Object[]","System.Object[]","7e5a8de5-fd01-49b5-8847-c250cf6cf7e1","DOH-Health Analytics"
"https://app.powerbigov.us/groups/7e5a8de5-fd01-49b5-8847-c250cf6cf7e1/datasets/f41552fb-eee3-45c8-a6d1-20e5ce9ef5e4","f41552fb-eee3-45c8-a6d1-20e5ce9ef5e4","True","2024-11-12T21:34:30.873Z","True","OD Dashboard Updated_Page navigator","PremiumFiles","False",,"@{autoSyncReadOnlyReplicas=True; maxReadOnlyReplicas=0}","False","ksriambati@nd.gov","False","https://app.powerbigov.us/reportEmbed?config=eyJjbHVzdGVyVXJsIjoiaHR0cHM6Ly9XQUJJLVVTLUdPVi1JT1dBLXJlZGlyZWN0LmFuYWx5c2lzLnVzZ292Y2xvdWRhcGkubmV0IiwiZW1iZWRGZWF0dXJlcyI6eyJ1c2FnZU1ldHJpY3NWTmV4dCI6dHJ1ZX19","https://app.powerbigov.us/qnaEmbed?config=eyJjbHVzdGVyVXJsIjoiaHR0cHM6Ly9XQUJJLVVTLUdPVi1JT1dBLXJlZGlyZWN0LmFuYWx5c2lzLnVzZ292Y2xvdWRhcGkubmV0IiwiZW1iZWRGZWF0dXJlcyI6eyJ1c2FnZU1ldHJpY3NWTmV4dCI6dHJ1ZX19","System.Object[]","System.Object[]","7e5a8de5-fd01-49b5-8847-c250cf6cf7e1","DOH-Health Analytics"
"https://app.powerbigov.us/groups/7e5a8de5-fd01-49b5-8847-c250cf6cf7e1/datasets/ad00385e-af27-4d84-96be-f4efd84fd930","ad00385e-af27-4d84-96be-f4efd84fd930","True","2024-11-27T16:16:59.823Z","False","Autism_Data_Report","Abf","False",,"@{autoSyncReadOnlyReplicas=True; maxReadOnlyReplicas=0}","False","bschram@nd.gov","False","https://app.powerbigov.us/reportEmbed?config=eyJjbHVzdGVyVXJsIjoiaHR0cHM6Ly9XQUJJLVVTLUdPVi1JT1dBLXJlZGlyZWN0LmFuYWx5c2lzLnVzZ292Y2xvdWRhcGkubmV0IiwiZW1iZWRGZWF0dXJlcyI6eyJ1c2FnZU1ldHJpY3NWTmV4dCI6dHJ1ZX19","https://app.powerbigov.us/qnaEmbed?config=eyJjbHVzdGVyVXJsIjoiaHR0cHM6Ly9XQUJJLVVTLUdPVi1JT1dBLXJlZGlyZWN0LmFuYWx5c2lzLnVzZ292Y2xvdWRhcGkubmV0IiwiZW1iZWRGZWF0dXJlcyI6eyJ1c2FnZU1ldHJpY3NWTmV4dCI6dHJ1ZX19","System.Object[]","System.Object[]","7e5a8de5-fd01-49b5-8847-c250cf6cf7e1","DOH-Health Analytics"
"https://app.powerbigov.us/groups/7e5a8de5-fd01-49b5-8847-c250cf6cf7e1/datasets/a65c8308-c933-48c6-b6a8-7c124274a8c6","a65c8308-c933-48c6-b6a8-7c124274a8c6","True","2025-01-16T18:22:58.86Z","True","North Dakota Sexual Violence Dashboard 1.29.21","Abf","False",,"@{autoSyncReadOnlyReplicas=True; maxReadOnlyReplicas=0}","False","btripurapadavala@nd.gov","False","https://app.powerbigov.us/reportEmbed?config=eyJjbHVzdGVyVXJsIjoiaHR0cHM6Ly9XQUJJLVVTLUdPVi1JT1dBLXJlZGlyZWN0LmFuYWx5c2lzLnVzZ292Y2xvdWRhcGkubmV0IiwiZW1iZWRGZWF0dXJlcyI6eyJ1c2FnZU1ldHJpY3NWTmV4dCI6dHJ1ZX19","https://app.powerbigov.us/qnaEmbed?config=eyJjbHVzdGVyVXJsIjoiaHR0cHM6Ly9XQUJJLVVTLUdPVi1JT1dBLXJlZGlyZWN0LmFuYWx5c2lzLnVzZ292Y2xvdWRhcGkubmV0IiwiZW1iZWRGZWF0dXJlcyI6eyJ1c2FnZU1ldHJpY3NWTmV4dCI6dHJ1ZX19","System.Object[]","System.Object[]","7e5a8de5-fd01-49b5-8847-c250cf6cf7e1","DOH-Health Analytics"
"https://app.powerbigov.us/groups/7e5a8de5-fd01-49b5-8847-c250cf6cf7e1/datasets/3ef7fbc4-7785-4945-b6ac-f22bc57dbcf3","3ef7fbc4-7785-4945-b6ac-f22bc57dbcf3","True","2025-01-16T20:00:50.253Z","True","North Dakota Sexual Violence Dashboard","Abf","False",,"@{autoSyncReadOnlyReplicas=True; maxReadOnlyReplicas=0}","False","btripurapadavala@nd.gov","False","https://app.powerbigov.us/reportEmbed?config=eyJjbHVzdGVyVXJsIjoiaHR0cHM6Ly9XQUJJLVVTLUdPVi1JT1dBLXJlZGlyZWN0LmFuYWx5c2lzLnVzZ292Y2xvdWRhcGkubmV0IiwiZW1iZWRGZWF0dXJlcyI6eyJ1c2FnZU1ldHJpY3NWTmV4dCI6dHJ1ZX19","https://app.powerbigov.us/qnaEmbed?config=eyJjbHVzdGVyVXJsIjoiaHR0cHM6Ly9XQUJJLVVTLUdPVi1JT1dBLXJlZGlyZWN0LmFuYWx5c2lzLnVzZ292Y2xvdWRhcGkubmV0IiwiZW1iZWRGZWF0dXJlcyI6eyJ1c2FnZU1ldHJpY3NWTmV4dCI6dHJ1ZX19","System.Object[]","System.Object[]","7e5a8de5-fd01-49b5-8847-c250cf6cf7e1","DOH-Health Analytics"
"https://app.powerbigov.us/groups/7e5a8de5-fd01-49b5-8847-c250cf6cf7e1/datasets/250f5590-fddb-4958-98d5-0c0a83365d3c","250f5590-fddb-4958-98d5-0c0a83365d3c","True","2025-01-24T16:42:03.677Z","True","Green Dot Dashboard","Abf","False",,"@{autoSyncReadOnlyReplicas=True; maxReadOnlyReplicas=0}","False","btripurapadavala@nd.gov","False","https://app.powerbigov.us/reportEmbed?config=eyJjbHVzdGVyVXJsIjoiaHR0cHM6Ly9XQUJJLVVTLUdPVi1JT1dBLXJlZGlyZWN0LmFuYWx5c2lzLnVzZ292Y2xvdWRhcGkubmV0IiwiZW1iZWRGZWF0dXJlcyI6eyJ1c2FnZU1ldHJpY3NWTmV4dCI6dHJ1ZX19","https://app.powerbigov.us/qnaEmbed?config=eyJjbHVzdGVyVXJsIjoiaHR0cHM6Ly9XQUJJLVVTLUdPVi1JT1dBLXJlZGlyZWN0LmFuYWx5c2lzLnVzZ292Y2xvdWRhcGkubmV0IiwiZW1iZWRGZWF0dXJlcyI6eyJ1c2FnZU1ldHJpY3NWTmV4dCI6dHJ1ZX19","System.Object[]","System.Object[]","7e5a8de5-fd01-49b5-8847-c250cf6cf7e1","DOH-Health Analytics"
"https://app.powerbigov.us/groups/7e5a8de5-fd01-49b5-8847-c250cf6cf7e1/datasets/d7281fe8-c3bf-4556-a92e-7224651c1e4f","d7281fe8-c3bf-4556-a92e-7224651c1e4f","True","2025-02-07T17:10:39.62Z","True","Alzheimer's_Report","Abf","False",,"@{autoSyncReadOnlyReplicas=True; maxReadOnlyReplicas=0}","False","btripurapadavala@nd.gov","False","https://app.powerbigov.us/reportEmbed?config=eyJjbHVzdGVyVXJsIjoiaHR0cHM6Ly9XQUJJLVVTLUdPVi1JT1dBLXJlZGlyZWN0LmFuYWx5c2lzLnVzZ292Y2xvdWRhcGkubmV0IiwiZW1iZWRGZWF0dXJlcyI6eyJ1c2FnZU1ldHJpY3NWTmV4dCI6dHJ1ZX19","https://app.powerbigov.us/qnaEmbed?config=eyJjbHVzdGVyVXJsIjoiaHR0cHM6Ly9XQUJJLVVTLUdPVi1JT1dBLXJlZGlyZWN0LmFuYWx5c2lzLnVzZ292Y2xvdWRhcGkubmV0IiwiZW1iZWRGZWF0dXJlcyI6eyJ1c2FnZU1ldHJpY3NWTmV4dCI6dHJ1ZX19","System.Object[]","System.Object[]","7e5a8de5-fd01-49b5-8847-c250cf6cf7e1","DOH-Health Analytics"
"https://app.powerbigov.us/groups/7e5a8de5-fd01-49b5-8847-c250cf6cf7e1/datasets/e84baeb2-f9b5-482d-a702-5eaaf634a24a","e84baeb2-f9b5-482d-a702-5eaaf634a24a","True","2025-02-24T14:53:48.687Z","True","State Health Assessment Dashboard 2025 copy","Abf","False",,"@{autoSyncReadOnlyReplicas=True; maxReadOnlyReplicas=0}","False","btripurapadavala@nd.gov","False","https://app.powerbigov.us/reportEmbed?config=eyJjbHVzdGVyVXJsIjoiaHR0cHM6Ly9XQUJJLVVTLUdPVi1JT1dBLXJlZGlyZWN0LmFuYWx5c2lzLnVzZ292Y2xvdWRhcGkubmV0IiwiZW1iZWRGZWF0dXJlcyI6eyJ1c2FnZU1ldHJpY3NWTmV4dCI6dHJ1ZX19","https://app.powerbigov.us/qnaEmbed?config=eyJjbHVzdGVyVXJsIjoiaHR0cHM6Ly9XQUJJLVVTLUdPVi1JT1dBLXJlZGlyZWN0LmFuYWx5c2lzLnVzZ292Y2xvdWRhcGkubmV0IiwiZW1iZWRGZWF0dXJlcyI6eyJ1c2FnZU1ldHJpY3NWTmV4dCI6dHJ1ZX19","System.Object[]","System.Object[]","7e5a8de5-fd01-49b5-8847-c250cf6cf7e1","DOH-Health Analytics"
"https://app.powerbigov.us/groups/7e5a8de5-fd01-49b5-8847-c250cf6cf7e1/datasets/ffe238da-51c4-4ee9-b91c-923f8869ab1a","ffe238da-51c4-4ee9-b91c-923f8869ab1a","True","2025-03-18T16:59:31.31Z","True","MPHC Dashboard 2025","Abf","False",,"@{autoSyncReadOnlyReplicas=True; maxReadOnlyReplicas=0}","False","btripurapadavala@nd.gov","False","https://app.powerbigov.us/reportEmbed?config=eyJjbHVzdGVyVXJsIjoiaHR0cHM6Ly9XQUJJLVVTLUdPVi1JT1dBLXJlZGlyZWN0LmFuYWx5c2lzLnVzZ292Y2xvdWRhcGkubmV0IiwiZW1iZWRGZWF0dXJlcyI6eyJ1c2FnZU1ldHJpY3NWTmV4dCI6dHJ1ZX19","https://app.powerbigov.us/qnaEmbed?config=eyJjbHVzdGVyVXJsIjoiaHR0cHM6Ly9XQUJJLVVTLUdPVi1JT1dBLXJlZGlyZWN0LmFuYWx5c2lzLnVzZ292Y2xvdWRhcGkubmV0IiwiZW1iZWRGZWF0dXJlcyI6eyJ1c2FnZU1ldHJpY3NWTmV4dCI6dHJ1ZX19","System.Object[]","System.Object[]","7e5a8de5-fd01-49b5-8847-c250cf6cf7e1","DOH-Health Analytics"
"https://app.powerbigov.us/groups/7e5a8de5-fd01-49b5-8847-c250cf6cf7e1/datasets/19f35236-6667-4e77-bdcb-fd0b46240b52","19f35236-6667-4e77-bdcb-fd0b46240b52","True","2025-03-18T21:07:25.857Z","True","MPHC Goal Groups","Abf","False",,"@{autoSyncReadOnlyReplicas=True; maxReadOnlyReplicas=0}","False","ksriambati@nd.gov","False","https://app.powerbigov.us/reportEmbed?config=eyJjbHVzdGVyVXJsIjoiaHR0cHM6Ly9XQUJJLVVTLUdPVi1JT1dBLXJlZGlyZWN0LmFuYWx5c2lzLnVzZ292Y2xvdWRhcGkubmV0IiwiZW1iZWRGZWF0dXJlcyI6eyJ1c2FnZU1ldHJpY3NWTmV4dCI6dHJ1ZX19","https://app.powerbigov.us/qnaEmbed?config=eyJjbHVzdGVyVXJsIjoiaHR0cHM6Ly9XQUJJLVVTLUdPVi1JT1dBLXJlZGlyZWN0LmFuYWx5c2lzLnVzZ292Y2xvdWRhcGkubmV0IiwiZW1iZWRGZWF0dXJlcyI6eyJ1c2FnZU1ldHJpY3NWTmV4dCI6dHJ1ZX19","System.Object[]","System.Object[]","7e5a8de5-fd01-49b5-8847-c250cf6cf7e1","DOH-Health Analytics"
"https://app.powerbigov.us/groups/7e5a8de5-fd01-49b5-8847-c250cf6cf7e1/datasets/e6727b2d-2b26-46a5-9fe1-801ea0f45fae","e6727b2d-2b26-46a5-9fe1-801ea0f45fae","True","2025-03-19T15:02:09.417Z","True","BRFSS Website Dashboard","Abf","False",,"@{autoSyncReadOnlyReplicas=True; maxReadOnlyReplicas=0}","False","matschmidt@nd.gov","False","https://app.powerbigov.us/reportEmbed?config=eyJjbHVzdGVyVXJsIjoiaHR0cHM6Ly9XQUJJLVVTLUdPVi1JT1dBLXJlZGlyZWN0LmFuYWx5c2lzLnVzZ292Y2xvdWRhcGkubmV0IiwiZW1iZWRGZWF0dXJlcyI6eyJ1c2FnZU1ldHJpY3NWTmV4dCI6dHJ1ZX19","https://app.powerbigov.us/qnaEmbed?config=eyJjbHVzdGVyVXJsIjoiaHR0cHM6Ly9XQUJJLVVTLUdPVi1JT1dBLXJlZGlyZWN0LmFuYWx5c2lzLnVzZ292Y2xvdWRhcGkubmV0IiwiZW1iZWRGZWF0dXJlcyI6eyJ1c2FnZU1ldHJpY3NWTmV4dCI6dHJ1ZX19","System.Object[]","System.Object[]","7e5a8de5-fd01-49b5-8847-c250cf6cf7e1","DOH-Health Analytics"
"https://app.powerbigov.us/groups/7e5a8de5-fd01-49b5-8847-c250cf6cf7e1/datasets/4d69d46a-4e8f-4d4c-babd-f36be99f602d","4d69d46a-4e8f-4d4c-babd-f36be99f602d","True","2025-03-24T17:15:08.52Z","True","Skill Progress","Abf","True",,"@{autoSyncReadOnlyReplicas=True; maxReadOnlyReplicas=0}","False","ksriambati@nd.gov","True","https://app.powerbigov.us/reportEmbed?config=eyJjbHVzdGVyVXJsIjoiaHR0cHM6Ly9XQUJJLVVTLUdPVi1JT1dBLXJlZGlyZWN0LmFuYWx5c2lzLnVzZ292Y2xvdWRhcGkubmV0IiwiZW1iZWRGZWF0dXJlcyI6eyJ1c2FnZU1ldHJpY3NWTmV4dCI6dHJ1ZX19","https://app.powerbigov.us/qnaEmbed?config=eyJjbHVzdGVyVXJsIjoiaHR0cHM6Ly9XQUJJLVVTLUdPVi1JT1dBLXJlZGlyZWN0LmFuYWx5c2lzLnVzZ292Y2xvdWRhcGkubmV0IiwiZW1iZWRGZWF0dXJlcyI6eyJ1c2FnZU1ldHJpY3NWTmV4dCI6dHJ1ZX19","System.Object[]","System.Object[]","7e5a8de5-fd01-49b5-8847-c250cf6cf7e1","DOH-Health Analytics"
"https://app.powerbigov.us/groups/7e5a8de5-fd01-49b5-8847-c250cf6cf7e1/datasets/edfe17c1-face-41d3-9cf1-8ee939a848d6","edfe17c1-face-41d3-9cf1-8ee939a848d6","True","2025-04-15T22:30:37.657Z","True","Alzheimer's_Report - Copy","Abf","False",,"@{autoSyncReadOnlyReplicas=True; maxReadOnlyReplicas=0}","False","ksriambati@nd.gov","False","https://app.powerbigov.us/reportEmbed?config=eyJjbHVzdGVyVXJsIjoiaHR0cHM6Ly9XQUJJLVVTLUdPVi1JT1dBLXJlZGlyZWN0LmFuYWx5c2lzLnVzZ292Y2xvdWRhcGkubmV0IiwiZW1iZWRGZWF0dXJlcyI6eyJ1c2FnZU1ldHJpY3NWTmV4dCI6dHJ1ZX19","https://app.powerbigov.us/qnaEmbed?config=eyJjbHVzdGVyVXJsIjoiaHR0cHM6Ly9XQUJJLVVTLUdPVi1JT1dBLXJlZGlyZWN0LmFuYWx5c2lzLnVzZ292Y2xvdWRhcGkubmV0IiwiZW1iZWRGZWF0dXJlcyI6eyJ1c2FnZU1ldHJpY3NWTmV4dCI6dHJ1ZX19","System.Object[]","System.Object[]","7e5a8de5-fd01-49b5-8847-c250cf6cf7e1","DOH-Health Analytics"
"https://app.powerbigov.us/groups/7e5a8de5-fd01-49b5-8847-c250cf6cf7e1/datasets/490baf3d-2ca6-45e8-85d4-3c92b31e959a","490baf3d-2ca6-45e8-85d4-3c92b31e959a","True","2025-08-04T16:54:00.443Z","True","PHIG Work Grant Activities for A1_8.25","Abf","False",,"@{autoSyncReadOnlyReplicas=True; maxReadOnlyReplicas=0}","False","ksriambati@nd.gov","False","https://app.powerbigov.us/reportEmbed?config=eyJjbHVzdGVyVXJsIjoiaHR0cHM6Ly9XQUJJLVVTLUdPVi1JT1dBLXJlZGlyZWN0LmFuYWx5c2lzLnVzZ292Y2xvdWRhcGkubmV0IiwiZW1iZWRGZWF0dXJlcyI6eyJ1c2FnZU1ldHJpY3NWTmV4dCI6dHJ1ZX19","https://app.powerbigov.us/qnaEmbed?config=eyJjbHVzdGVyVXJsIjoiaHR0cHM6Ly9XQUJJLVVTLUdPVi1JT1dBLXJlZGlyZWN0LmFuYWx5c2lzLnVzZ292Y2xvdWRhcGkubmV0IiwiZW1iZWRGZWF0dXJlcyI6eyJ1c2FnZU1ldHJpY3NWTmV4dCI6dHJ1ZX19","System.Object[]","System.Object[]","7e5a8de5-fd01-49b5-8847-c250cf6cf7e1","DOH-Health Analytics"
"https://app.powerbigov.us/groups/7e5a8de5-fd01-49b5-8847-c250cf6cf7e1/datasets/f86b1fdb-aecc-4bd9-b1aa-3aa7d5ad1242","f86b1fdb-aecc-4bd9-b1aa-3aa7d5ad1242","True","2025-10-22T16:47:30.44Z","True","Editting Commissioners Dashboard","Abf","False",,"@{autoSyncReadOnlyReplicas=True; maxReadOnlyReplicas=0}","False","btripurapadavala@nd.gov","False","https://app.powerbigov.us/reportEmbed?config=eyJjbHVzdGVyVXJsIjoiaHR0cHM6Ly9XQUJJLVVTLUdPVi1JT1dBLXJlZGlyZWN0LmFuYWx5c2lzLnVzZ292Y2xvdWRhcGkubmV0IiwiZW1iZWRGZWF0dXJlcyI6eyJ1c2FnZU1ldHJpY3NWTmV4dCI6dHJ1ZX19","https://app.powerbigov.us/qnaEmbed?config=eyJjbHVzdGVyVXJsIjoiaHR0cHM6Ly9XQUJJLVVTLUdPVi1JT1dBLXJlZGlyZWN0LmFuYWx5c2lzLnVzZ292Y2xvdWRhcGkubmV0IiwiZW1iZWRGZWF0dXJlcyI6eyJ1c2FnZU1ldHJpY3NWTmV4dCI6dHJ1ZX19","System.Object[]","System.Object[]","7e5a8de5-fd01-49b5-8847-c250cf6cf7e1","DOH-Health Analytics"
"https://app.powerbigov.us/groups/7e5a8de5-fd01-49b5-8847-c250cf6cf7e1/datasets/6e93abb2-3cf3-454f-8a5c-1bf0c251455f","6e93abb2-3cf3-454f-8a5c-1bf0c251455f","True","2025-11-28T17:13:00.21Z","True","BDS_Edits_Commissioners Dashboard","Abf","False",,"@{autoSyncReadOnlyReplicas=True; maxReadOnlyReplicas=0}","False","btripurapadavala@nd.gov","False","https://app.powerbigov.us/reportEmbed?config=eyJjbHVzdGVyVXJsIjoiaHR0cHM6Ly9XQUJJLVVTLUdPVi1JT1dBLXJlZGlyZWN0LmFuYWx5c2lzLnVzZ292Y2xvdWRhcGkubmV0IiwiZW1iZWRGZWF0dXJlcyI6eyJ1c2FnZU1ldHJpY3NWTmV4dCI6dHJ1ZX19","https://app.powerbigov.us/qnaEmbed?config=eyJjbHVzdGVyVXJsIjoiaHR0cHM6Ly9XQUJJLVVTLUdPVi1JT1dBLXJlZGlyZWN0LmFuYWx5c2lzLnVzZ292Y2xvdWRhcGkubmV0IiwiZW1iZWRGZWF0dXJlcyI6eyJ1c2FnZU1ldHJpY3NWTmV4dCI6dHJ1ZX19","System.Object[]","System.Object[]","7e5a8de5-fd01-49b5-8847-c250cf6cf7e1","DOH-Health Analytics"
"https://app.powerbigov.us/groups/7e5a8de5-fd01-49b5-8847-c250cf6cf7e1/datasets/2025b678-132e-473c-9b64-da98e3a03842","2025b678-132e-473c-9b64-da98e3a03842","True","2026-01-08T16:50:30.31Z","True","YRBS Website Dashboard","Abf","False",,"@{autoSyncReadOnlyReplicas=True; maxReadOnlyReplicas=0}","False","matschmidt@nd.gov","False","https://app.powerbigov.us/reportEmbed?config=eyJjbHVzdGVyVXJsIjoiaHR0cHM6Ly9XQUJJLVVTLUdPVi1JT1dBLXJlZGlyZWN0LmFuYWx5c2lzLnVzZ292Y2xvdWRhcGkubmV0IiwiZW1iZWRGZWF0dXJlcyI6eyJ1c2FnZU1ldHJpY3NWTmV4dCI6dHJ1ZX19","https://app.powerbigov.us/qnaEmbed?config=eyJjbHVzdGVyVXJsIjoiaHR0cHM6Ly9XQUJJLVVTLUdPVi1JT1dBLXJlZGlyZWN0LmFuYWx5c2lzLnVzZ292Y2xvdWRhcGkubmV0IiwiZW1iZWRGZWF0dXJlcyI6eyJ1c2FnZU1ldHJpY3NWTmV4dCI6dHJ1ZX19","System.Object[]","System.Object[]","7e5a8de5-fd01-49b5-8847-c250cf6cf7e1","DOH-Health Analytics"
"https://app.powerbigov.us/groups/7e5a8de5-fd01-49b5-8847-c250cf6cf7e1/datasets/1cc2b446-9cc3-4b2b-a7c7-7653524ed713","1cc2b446-9cc3-4b2b-a7c7-7653524ed713","True","2026-01-23T21:28:56.99Z","True","PHIG Dashboard LPHU","Abf","False",,"@{autoSyncReadOnlyReplicas=True; maxReadOnlyReplicas=0}","False","ksriambati@nd.gov","False","https://app.powerbigov.us/reportEmbed?config=eyJjbHVzdGVyVXJsIjoiaHR0cHM6Ly9XQUJJLVVTLUdPVi1JT1dBLXJlZGlyZWN0LmFuYWx5c2lzLnVzZ292Y2xvdWRhcGkubmV0IiwiZW1iZWRGZWF0dXJlcyI6eyJ1c2FnZU1ldHJpY3NWTmV4dCI6dHJ1ZX19","https://app.powerbigov.us/qnaEmbed?config=eyJjbHVzdGVyVXJsIjoiaHR0cHM6Ly9XQUJJLVVTLUdPVi1JT1dBLXJlZGlyZWN0LmFuYWx5c2lzLnVzZ292Y2xvdWRhcGkubmV0IiwiZW1iZWRGZWF0dXJlcyI6eyJ1c2FnZU1ldHJpY3NWTmV4dCI6dHJ1ZX19","System.Object[]","System.Object[]","7e5a8de5-fd01-49b5-8847-c250cf6cf7e1","DOH-Health Analytics"
"https://app.powerbigov.us/groups/7e5a8de5-fd01-49b5-8847-c250cf6cf7e1/datasets/dfdb6559-11e3-44ae-ae50-d4a3c8abc508","dfdb6559-11e3-44ae-ae50-d4a3c8abc508","True","2026-01-27T16:47:14.553Z","True","SDM_ND_Suicide","Abf","False",,"@{autoSyncReadOnlyReplicas=True; maxReadOnlyReplicas=0}","False","ksriambati@nd.gov","False","https://app.powerbigov.us/reportEmbed?config=eyJjbHVzdGVyVXJsIjoiaHR0cHM6Ly9XQUJJLVVTLUdPVi1JT1dBLXJlZGlyZWN0LmFuYWx5c2lzLnVzZ292Y2xvdWRhcGkubmV0IiwiZW1iZWRGZWF0dXJlcyI6eyJ1c2FnZU1ldHJpY3NWTmV4dCI6dHJ1ZX19","https://app.powerbigov.us/qnaEmbed?config=eyJjbHVzdGVyVXJsIjoiaHR0cHM6Ly9XQUJJLVVTLUdPVi1JT1dBLXJlZGlyZWN0LmFuYWx5c2lzLnVzZ292Y2xvdWRhcGkubmV0IiwiZW1iZWRGZWF0dXJlcyI6eyJ1c2FnZU1ldHJpY3NWTmV4dCI6dHJ1ZX19","System.Object[]","System.Object[]","7e5a8de5-fd01-49b5-8847-c250cf6cf7e1","DOH-Health Analytics"
"https://app.powerbigov.us/groups/033d46a0-e2e2-4ab9-9405-552ad7fcd3be/datasets/787cd4bf-e69f-4c3d-9d0f-3255daf12614","787cd4bf-e69f-4c3d-9d0f-3255daf12614","True","2024-01-31T16:57:02.317Z","True","Tobacco Dashboard","Abf","False",,"@{autoSyncReadOnlyReplicas=True; maxReadOnlyReplicas=0}","False","cboots@ND.GOV","False","https://app.powerbigov.us/reportEmbed?config=eyJjbHVzdGVyVXJsIjoiaHR0cHM6Ly9XQUJJLVVTLUdPVi1JT1dBLXJlZGlyZWN0LmFuYWx5c2lzLnVzZ292Y2xvdWRhcGkubmV0IiwiZW1iZWRGZWF0dXJlcyI6eyJ1c2FnZU1ldHJpY3NWTmV4dCI6dHJ1ZX19","https://app.powerbigov.us/qnaEmbed?config=eyJjbHVzdGVyVXJsIjoiaHR0cHM6Ly9XQUJJLVVTLUdPVi1JT1dBLXJlZGlyZWN0LmFuYWx5c2lzLnVzZ292Y2xvdWRhcGkubmV0IiwiZW1iZWRGZWF0dXJlcyI6eyJ1c2FnZU1ldHJpY3NWTmV4dCI6dHJ1ZX19","System.Object[]","System.Object[]","033d46a0-e2e2-4ab9-9405-552ad7fcd3be","DOH - Surveillance & Data Management"
"https://app.powerbigov.us/groups/033d46a0-e2e2-4ab9-9405-552ad7fcd3be/datasets/ba9c5464-6a87-414e-a9b5-21f91922f043","ba9c5464-6a87-414e-a9b5-21f91922f043","True","2024-11-20T20:04:20.95Z","True","SDM_ND_Suicide","Abf","False",,"@{autoSyncReadOnlyReplicas=True; maxReadOnlyReplicas=0}","False","tkmiller@ND.GOV","False","https://app.powerbigov.us/reportEmbed?config=eyJjbHVzdGVyVXJsIjoiaHR0cHM6Ly9XQUJJLVVTLUdPVi1JT1dBLXJlZGlyZWN0LmFuYWx5c2lzLnVzZ292Y2xvdWRhcGkubmV0IiwiZW1iZWRGZWF0dXJlcyI6eyJ1c2FnZU1ldHJpY3NWTmV4dCI6dHJ1ZX19","https://app.powerbigov.us/qnaEmbed?config=eyJjbHVzdGVyVXJsIjoiaHR0cHM6Ly9XQUJJLVVTLUdPVi1JT1dBLXJlZGlyZWN0LmFuYWx5c2lzLnVzZ292Y2xvdWRhcGkubmV0IiwiZW1iZWRGZWF0dXJlcyI6eyJ1c2FnZU1ldHJpY3NWTmV4dCI6dHJ1ZX19","System.Object[]","System.Object[]","033d46a0-e2e2-4ab9-9405-552ad7fcd3be","DOH - Surveillance & Data Management"
"https://app.powerbigov.us/groups/033d46a0-e2e2-4ab9-9405-552ad7fcd3be/datasets/7da8d46a-09c6-4f2d-918d-a42dc9f77bde","7da8d46a-09c6-4f2d-918d-a42dc9f77bde","True","2024-12-19T17:27:30.15Z","True","Lead_december","Abf","False",,"@{autoSyncReadOnlyReplicas=True; maxReadOnlyReplicas=0}","False","mnovosel@nd.gov","False","https://app.powerbigov.us/reportEmbed?config=eyJjbHVzdGVyVXJsIjoiaHR0cHM6Ly9XQUJJLVVTLUdPVi1JT1dBLXJlZGlyZWN0LmFuYWx5c2lzLnVzZ292Y2xvdWRhcGkubmV0IiwiZW1iZWRGZWF0dXJlcyI6eyJ1c2FnZU1ldHJpY3NWTmV4dCI6dHJ1ZX19","https://app.powerbigov.us/qnaEmbed?config=eyJjbHVzdGVyVXJsIjoiaHR0cHM6Ly9XQUJJLVVTLUdPVi1JT1dBLXJlZGlyZWN0LmFuYWx5c2lzLnVzZ292Y2xvdWRhcGkubmV0IiwiZW1iZWRGZWF0dXJlcyI6eyJ1c2FnZU1ldHJpY3NWTmV4dCI6dHJ1ZX19","System.Object[]","System.Object[]","033d46a0-e2e2-4ab9-9405-552ad7fcd3be","DOH - Surveillance & Data Management"
"https://app.powerbigov.us/groups/033d46a0-e2e2-4ab9-9405-552ad7fcd3be/datasets/7a314736-c9b6-4659-950d-5e083ae1a1ae","7a314736-c9b6-4659-950d-5e083ae1a1ae","True","2025-08-06T19:48:34.613Z","True","Injury Prevention Dashboard_updated 8.5","PremiumFiles","False",,"@{autoSyncReadOnlyReplicas=True; maxReadOnlyReplicas=0}","False","persingerolivia@nd.gov","False","https://app.powerbigov.us/reportEmbed?config=eyJjbHVzdGVyVXJsIjoiaHR0cHM6Ly9XQUJJLVVTLUdPVi1JT1dBLXJlZGlyZWN0LmFuYWx5c2lzLnVzZ292Y2xvdWRhcGkubmV0IiwiZW1iZWRGZWF0dXJlcyI6eyJ1c2FnZU1ldHJpY3NWTmV4dCI6dHJ1ZX19","https://app.powerbigov.us/qnaEmbed?config=eyJjbHVzdGVyVXJsIjoiaHR0cHM6Ly9XQUJJLVVTLUdPVi1JT1dBLXJlZGlyZWN0LmFuYWx5c2lzLnVzZ292Y2xvdWRhcGkubmV0IiwiZW1iZWRGZWF0dXJlcyI6eyJ1c2FnZU1ldHJpY3NWTmV4dCI6dHJ1ZX19","System.Object[]","System.Object[]","033d46a0-e2e2-4ab9-9405-552ad7fcd3be","DOH - Surveillance & Data Management"
"https://app.powerbigov.us/groups/033d46a0-e2e2-4ab9-9405-552ad7fcd3be/datasets/6e35ac88-065c-4027-8889-c026218f9e60","6e35ac88-065c-4027-8889-c026218f9e60","True","2025-11-14T18:06:48.343Z","True","Injury Prevention Dashboard_updated 8.5.1","PremiumFiles","False",,"@{autoSyncReadOnlyReplicas=True; maxReadOnlyReplicas=0}","False","persingerolivia@nd.gov","False","https://app.powerbigov.us/reportEmbed?config=eyJjbHVzdGVyVXJsIjoiaHR0cHM6Ly9XQUJJLVVTLUdPVi1JT1dBLXJlZGlyZWN0LmFuYWx5c2lzLnVzZ292Y2xvdWRhcGkubmV0IiwiZW1iZWRGZWF0dXJlcyI6eyJ1c2FnZU1ldHJpY3NWTmV4dCI6dHJ1ZX19","https://app.powerbigov.us/qnaEmbed?config=eyJjbHVzdGVyVXJsIjoiaHR0cHM6Ly9XQUJJLVVTLUdPVi1JT1dBLXJlZGlyZWN0LmFuYWx5c2lzLnVzZ292Y2xvdWRhcGkubmV0IiwiZW1iZWRGZWF0dXJlcyI6eyJ1c2FnZU1ldHJpY3NWTmV4dCI6dHJ1ZX19","System.Object[]","System.Object[]","033d46a0-e2e2-4ab9-9405-552ad7fcd3be","DOH - Surveillance & Data Management"
"https://app.powerbigov.us/groups/172d44aa-8bfd-44cd-95e6-0cd4038fd8ab/datasets/d09d7a73-fee8-4b38-b749-906a89814169","d09d7a73-fee8-4b38-b749-906a89814169","True","2022-07-26T19:50:58.157Z","True","Alzheimer's_Report","Abf","False",,"@{autoSyncReadOnlyReplicas=True; maxReadOnlyReplicas=0}","False","sboyer@nd.gov","False","https://app.powerbigov.us/reportEmbed?config=eyJjbHVzdGVyVXJsIjoiaHR0cHM6Ly9XQUJJLVVTLUdPVi1JT1dBLXJlZGlyZWN0LmFuYWx5c2lzLnVzZ292Y2xvdWRhcGkubmV0IiwiZW1iZWRGZWF0dXJlcyI6eyJ1c2FnZU1ldHJpY3NWTmV4dCI6dHJ1ZX19","https://app.powerbigov.us/qnaEmbed?config=eyJjbHVzdGVyVXJsIjoiaHR0cHM6Ly9XQUJJLVVTLUdPVi1JT1dBLXJlZGlyZWN0LmFuYWx5c2lzLnVzZ292Y2xvdWRhcGkubmV0IiwiZW1iZWRGZWF0dXJlcyI6eyJ1c2FnZU1ldHJpY3NWTmV4dCI6dHJ1ZX19","System.Object[]","System.Object[]","172d44aa-8bfd-44cd-95e6-0cd4038fd8ab","DOH - Health Statistics & Performance"
"https://app.powerbigov.us/groups/172d44aa-8bfd-44cd-95e6-0cd4038fd8ab/datasets/7e048c8b-d014-4a0a-9881-8aa98d394c99","7e048c8b-d014-4a0a-9881-8aa98d394c99","True","2022-10-31T17:24:23.017Z","True","EMS","Abf","False",,"@{autoSyncReadOnlyReplicas=True; maxReadOnlyReplicas=0}","False","sboyer@nd.gov","False","https://app.powerbigov.us/reportEmbed?config=eyJjbHVzdGVyVXJsIjoiaHR0cHM6Ly9XQUJJLVVTLUdPVi1JT1dBLXJlZGlyZWN0LmFuYWx5c2lzLnVzZ292Y2xvdWRhcGkubmV0IiwiZW1iZWRGZWF0dXJlcyI6eyJ1c2FnZU1ldHJpY3NWTmV4dCI6dHJ1ZX19","https://app.powerbigov.us/qnaEmbed?config=eyJjbHVzdGVyVXJsIjoiaHR0cHM6Ly9XQUJJLVVTLUdPVi1JT1dBLXJlZGlyZWN0LmFuYWx5c2lzLnVzZ292Y2xvdWRhcGkubmV0IiwiZW1iZWRGZWF0dXJlcyI6eyJ1c2FnZU1ldHJpY3NWTmV4dCI6dHJ1ZX19","System.Object[]","System.Object[]","172d44aa-8bfd-44cd-95e6-0cd4038fd8ab","DOH - Health Statistics & Performance"
"https://app.powerbigov.us/groups/172d44aa-8bfd-44cd-95e6-0cd4038fd8ab/datasets/b1999e32-dc98-43fd-a0fb-a3c6fcef35bb","b1999e32-dc98-43fd-a0fb-a3c6fcef35bb","True","2022-12-05T20:08:31.697Z","True","NBS Internal","Abf","False",,"@{autoSyncReadOnlyReplicas=True; maxReadOnlyReplicas=0}","False","sboyer@nd.gov","False","https://app.powerbigov.us/reportEmbed?config=eyJjbHVzdGVyVXJsIjoiaHR0cHM6Ly9XQUJJLVVTLUdPVi1JT1dBLXJlZGlyZWN0LmFuYWx5c2lzLnVzZ292Y2xvdWRhcGkubmV0IiwiZW1iZWRGZWF0dXJlcyI6eyJ1c2FnZU1ldHJpY3NWTmV4dCI6dHJ1ZX19","https://app.powerbigov.us/qnaEmbed?config=eyJjbHVzdGVyVXJsIjoiaHR0cHM6Ly9XQUJJLVVTLUdPVi1JT1dBLXJlZGlyZWN0LmFuYWx5c2lzLnVzZ292Y2xvdWRhcGkubmV0IiwiZW1iZWRGZWF0dXJlcyI6eyJ1c2FnZU1ldHJpY3NWTmV4dCI6dHJ1ZX19","System.Object[]","System.Object[]","172d44aa-8bfd-44cd-95e6-0cd4038fd8ab","DOH - Health Statistics & Performance"
"https://app.powerbigov.us/groups/172d44aa-8bfd-44cd-95e6-0cd4038fd8ab/datasets/852a2a42-f00e-4462-985c-dd69c127db76","852a2a42-f00e-4462-985c-dd69c127db76","True","2023-04-06T15:40:24.407Z","True","NBS Internal - kavya","Abf","True",,"@{autoSyncReadOnlyReplicas=True; maxReadOnlyReplicas=0}","False","ksriambati@nd.gov","True","https://app.powerbigov.us/reportEmbed?config=eyJjbHVzdGVyVXJsIjoiaHR0cHM6Ly9XQUJJLVVTLUdPVi1JT1dBLXJlZGlyZWN0LmFuYWx5c2lzLnVzZ292Y2xvdWRhcGkubmV0IiwiZW1iZWRGZWF0dXJlcyI6eyJ1c2FnZU1ldHJpY3NWTmV4dCI6dHJ1ZX19","https://app.powerbigov.us/qnaEmbed?config=eyJjbHVzdGVyVXJsIjoiaHR0cHM6Ly9XQUJJLVVTLUdPVi1JT1dBLXJlZGlyZWN0LmFuYWx5c2lzLnVzZ292Y2xvdWRhcGkubmV0IiwiZW1iZWRGZWF0dXJlcyI6eyJ1c2FnZU1ldHJpY3NWTmV4dCI6dHJ1ZX19","System.Object[]","System.Object[]","172d44aa-8bfd-44cd-95e6-0cd4038fd8ab","DOH - Health Statistics & Performance"
"https://app.powerbigov.us/groups/172d44aa-8bfd-44cd-95e6-0cd4038fd8ab/datasets/ac375ec2-4aca-4fec-a644-59c9e96f3838","ac375ec2-4aca-4fec-a644-59c9e96f3838","True","2023-04-10T18:49:43.867Z","True","Men's Health","Abf","False",,"@{autoSyncReadOnlyReplicas=True; maxReadOnlyReplicas=0}","False","tkmiller@ND.GOV","False","https://app.powerbigov.us/reportEmbed?config=eyJjbHVzdGVyVXJsIjoiaHR0cHM6Ly9XQUJJLVVTLUdPVi1JT1dBLXJlZGlyZWN0LmFuYWx5c2lzLnVzZ292Y2xvdWRhcGkubmV0IiwiZW1iZWRGZWF0dXJlcyI6eyJ1c2FnZU1ldHJpY3NWTmV4dCI6dHJ1ZX19","https://app.powerbigov.us/qnaEmbed?config=eyJjbHVzdGVyVXJsIjoiaHR0cHM6Ly9XQUJJLVVTLUdPVi1JT1dBLXJlZGlyZWN0LmFuYWx5c2lzLnVzZ292Y2xvdWRhcGkubmV0IiwiZW1iZWRGZWF0dXJlcyI6eyJ1c2FnZU1ldHJpY3NWTmV4dCI6dHJ1ZX19","System.Object[]","System.Object[]","172d44aa-8bfd-44cd-95e6-0cd4038fd8ab","DOH - Health Statistics & Performance"
"https://app.powerbigov.us/groups/172d44aa-8bfd-44cd-95e6-0cd4038fd8ab/datasets/1527e367-db80-4cf4-919d-0dbf50a6d68e","1527e367-db80-4cf4-919d-0dbf50a6d68e","True","2023-08-01T14:38:41.877Z","True","MCH Dashboard - FAD 2020-2021","Abf","False",,"@{autoSyncReadOnlyReplicas=True; maxReadOnlyReplicas=0}","False","tkmiller@ND.GOV","False","https://app.powerbigov.us/reportEmbed?config=eyJjbHVzdGVyVXJsIjoiaHR0cHM6Ly9XQUJJLVVTLUdPVi1JT1dBLXJlZGlyZWN0LmFuYWx5c2lzLnVzZ292Y2xvdWRhcGkubmV0IiwiZW1iZWRGZWF0dXJlcyI6eyJ1c2FnZU1ldHJpY3NWTmV4dCI6dHJ1ZX19","https://app.powerbigov.us/qnaEmbed?config=eyJjbHVzdGVyVXJsIjoiaHR0cHM6Ly9XQUJJLVVTLUdPVi1JT1dBLXJlZGlyZWN0LmFuYWx5c2lzLnVzZ292Y2xvdWRhcGkubmV0IiwiZW1iZWRGZWF0dXJlcyI6eyJ1c2FnZU1ldHJpY3NWTmV4dCI6dHJ1ZX19","System.Object[]","System.Object[]","172d44aa-8bfd-44cd-95e6-0cd4038fd8ab","DOH - Health Statistics & Performance"
"https://app.powerbigov.us/groups/172d44aa-8bfd-44cd-95e6-0cd4038fd8ab/datasets/9dbe9bdf-5ad4-4f7e-be70-038b0d83fa72","9dbe9bdf-5ad4-4f7e-be70-038b0d83fa72","True","2023-08-04T21:00:39.693Z","False","SHS_NextReview","Abf","False",,"@{autoSyncReadOnlyReplicas=True; maxReadOnlyReplicas=0}","False","mbenz@nd.gov","False","https://app.powerbigov.us/reportEmbed?config=eyJjbHVzdGVyVXJsIjoiaHR0cHM6Ly9XQUJJLVVTLUdPVi1JT1dBLXJlZGlyZWN0LmFuYWx5c2lzLnVzZ292Y2xvdWRhcGkubmV0IiwiZW1iZWRGZWF0dXJlcyI6eyJ1c2FnZU1ldHJpY3NWTmV4dCI6dHJ1ZX19","https://app.powerbigov.us/qnaEmbed?config=eyJjbHVzdGVyVXJsIjoiaHR0cHM6Ly9XQUJJLVVTLUdPVi1JT1dBLXJlZGlyZWN0LmFuYWx5c2lzLnVzZ292Y2xvdWRhcGkubmV0IiwiZW1iZWRGZWF0dXJlcyI6eyJ1c2FnZU1ldHJpY3NWTmV4dCI6dHJ1ZX19","System.Object[]","System.Object[]","172d44aa-8bfd-44cd-95e6-0cd4038fd8ab","DOH - Health Statistics & Performance"
"https://app.powerbigov.us/groups/172d44aa-8bfd-44cd-95e6-0cd4038fd8ab/datasets/98a4e8c8-0336-403f-aaab-2bc5be25495b","98a4e8c8-0336-403f-aaab-2bc5be25495b","True","2023-08-17T19:03:41.26Z","False","SHS_Claims","Abf","False",,"@{autoSyncReadOnlyReplicas=True; maxReadOnlyReplicas=0}","False","mbenz@nd.gov","False","https://app.powerbigov.us/reportEmbed?config=eyJjbHVzdGVyVXJsIjoiaHR0cHM6Ly9XQUJJLVVTLUdPVi1JT1dBLXJlZGlyZWN0LmFuYWx5c2lzLnVzZ292Y2xvdWRhcGkubmV0IiwiZW1iZWRGZWF0dXJlcyI6eyJ1c2FnZU1ldHJpY3NWTmV4dCI6dHJ1ZX19","https://app.powerbigov.us/qnaEmbed?config=eyJjbHVzdGVyVXJsIjoiaHR0cHM6Ly9XQUJJLVVTLUdPVi1JT1dBLXJlZGlyZWN0LmFuYWx5c2lzLnVzZ292Y2xvdWRhcGkubmV0IiwiZW1iZWRGZWF0dXJlcyI6eyJ1c2FnZU1ldHJpY3NWTmV4dCI6dHJ1ZX19","System.Object[]","System.Object[]","172d44aa-8bfd-44cd-95e6-0cd4038fd8ab","DOH - Health Statistics & Performance"
"https://app.powerbigov.us/groups/172d44aa-8bfd-44cd-95e6-0cd4038fd8ab/datasets/8c99d649-34fc-41ce-b115-0c03a2703b11","8c99d649-34fc-41ce-b115-0c03a2703b11","True","2023-08-17T19:10:45.197Z","False","SHS_PaidClaims","Abf","False",,"@{autoSyncReadOnlyReplicas=True; maxReadOnlyReplicas=0}","False","mbenz@nd.gov","False","https://app.powerbigov.us/reportEmbed?config=eyJjbHVzdGVyVXJsIjoiaHR0cHM6Ly9XQUJJLVVTLUdPVi1JT1dBLXJlZGlyZWN0LmFuYWx5c2lzLnVzZ292Y2xvdWRhcGkubmV0IiwiZW1iZWRGZWF0dXJlcyI6eyJ1c2FnZU1ldHJpY3NWTmV4dCI6dHJ1ZX19","https://app.powerbigov.us/qnaEmbed?config=eyJjbHVzdGVyVXJsIjoiaHR0cHM6Ly9XQUJJLVVTLUdPVi1JT1dBLXJlZGlyZWN0LmFuYWx5c2lzLnVzZ292Y2xvdWRhcGkubmV0IiwiZW1iZWRGZWF0dXJlcyI6eyJ1c2FnZU1ldHJpY3NWTmV4dCI6dHJ1ZX19","System.Object[]","System.Object[]","172d44aa-8bfd-44cd-95e6-0cd4038fd8ab","DOH - Health Statistics & Performance"
"https://app.powerbigov.us/groups/172d44aa-8bfd-44cd-95e6-0cd4038fd8ab/datasets/ad9c8799-8e93-4810-a0b1-0a800ccca895","ad9c8799-8e93-4810-a0b1-0a800ccca895","True","2023-08-24T13:38:01.223Z","False","SHS_ProgramData","Abf","False",,"@{autoSyncReadOnlyReplicas=True; maxReadOnlyReplicas=0}","False","mbenz@nd.gov","False","https://app.powerbigov.us/reportEmbed?config=eyJjbHVzdGVyVXJsIjoiaHR0cHM6Ly9XQUJJLVVTLUdPVi1JT1dBLXJlZGlyZWN0LmFuYWx5c2lzLnVzZ292Y2xvdWRhcGkubmV0IiwiZW1iZWRGZWF0dXJlcyI6eyJ1c2FnZU1ldHJpY3NWTmV4dCI6dHJ1ZX19","https://app.powerbigov.us/qnaEmbed?config=eyJjbHVzdGVyVXJsIjoiaHR0cHM6Ly9XQUJJLVVTLUdPVi1JT1dBLXJlZGlyZWN0LmFuYWx5c2lzLnVzZ292Y2xvdWRhcGkubmV0IiwiZW1iZWRGZWF0dXJlcyI6eyJ1c2FnZU1ldHJpY3NWTmV4dCI6dHJ1ZX19","System.Object[]","System.Object[]","172d44aa-8bfd-44cd-95e6-0cd4038fd8ab","DOH - Health Statistics & Performance"
"https://app.powerbigov.us/groups/172d44aa-8bfd-44cd-95e6-0cd4038fd8ab/datasets/b68a1cde-5783-431f-b6c7-3fe8ad85e978","b68a1cde-5783-431f-b6c7-3fe8ad85e978","True","2023-10-20T19:27:32.117Z","False","SHS_Insurance","Abf","False",,"@{autoSyncReadOnlyReplicas=True; maxReadOnlyReplicas=0}","False","mbenz@nd.gov","False","https://app.powerbigov.us/reportEmbed?config=eyJjbHVzdGVyVXJsIjoiaHR0cHM6Ly9XQUJJLVVTLUdPVi1JT1dBLXJlZGlyZWN0LmFuYWx5c2lzLnVzZ292Y2xvdWRhcGkubmV0IiwiZW1iZWRGZWF0dXJlcyI6eyJ1c2FnZU1ldHJpY3NWTmV4dCI6dHJ1ZX19","https://app.powerbigov.us/qnaEmbed?config=eyJjbHVzdGVyVXJsIjoiaHR0cHM6Ly9XQUJJLVVTLUdPVi1JT1dBLXJlZGlyZWN0LmFuYWx5c2lzLnVzZ292Y2xvdWRhcGkubmV0IiwiZW1iZWRGZWF0dXJlcyI6eyJ1c2FnZU1ldHJpY3NWTmV4dCI6dHJ1ZX19","System.Object[]","System.Object[]","172d44aa-8bfd-44cd-95e6-0cd4038fd8ab","DOH - Health Statistics & Performance"
"https://app.powerbigov.us/groups/172d44aa-8bfd-44cd-95e6-0cd4038fd8ab/datasets/c1793710-29f7-4de2-b423-a1ef1b97d677","c1793710-29f7-4de2-b423-a1ef1b97d677","True","2023-12-28T19:29:23.977Z","False","SHS_CostShare","Abf","False",,"@{autoSyncReadOnlyReplicas=True; maxReadOnlyReplicas=0}","False","mbenz@nd.gov","False","https://app.powerbigov.us/reportEmbed?config=eyJjbHVzdGVyVXJsIjoiaHR0cHM6Ly9XQUJJLVVTLUdPVi1JT1dBLXJlZGlyZWN0LmFuYWx5c2lzLnVzZ292Y2xvdWRhcGkubmV0IiwiZW1iZWRGZWF0dXJlcyI6eyJ1c2FnZU1ldHJpY3NWTmV4dCI6dHJ1ZX19","https://app.powerbigov.us/qnaEmbed?config=eyJjbHVzdGVyVXJsIjoiaHR0cHM6Ly9XQUJJLVVTLUdPVi1JT1dBLXJlZGlyZWN0LmFuYWx5c2lzLnVzZ292Y2xvdWRhcGkubmV0IiwiZW1iZWRGZWF0dXJlcyI6eyJ1c2FnZU1ldHJpY3NWTmV4dCI6dHJ1ZX19","System.Object[]","System.Object[]","172d44aa-8bfd-44cd-95e6-0cd4038fd8ab","DOH - Health Statistics & Performance"
"https://app.powerbigov.us/groups/172d44aa-8bfd-44cd-95e6-0cd4038fd8ab/datasets/f91cff45-5840-4ddc-812e-0aba315fd79a","f91cff45-5840-4ddc-812e-0aba315fd79a","True","2024-11-27T20:28:19.57Z","False","Untitled Scorecard","Abf","False",,"@{autoSyncReadOnlyReplicas=True; maxReadOnlyReplicas=0}","False","bschram@nd.gov","False","https://app.powerbigov.us/reportEmbed?config=eyJjbHVzdGVyVXJsIjoiaHR0cHM6Ly9XQUJJLVVTLUdPVi1JT1dBLXJlZGlyZWN0LmFuYWx5c2lzLnVzZ292Y2xvdWRhcGkubmV0IiwiZW1iZWRGZWF0dXJlcyI6eyJ1c2FnZU1ldHJpY3NWTmV4dCI6dHJ1ZX19","https://app.powerbigov.us/qnaEmbed?config=eyJjbHVzdGVyVXJsIjoiaHR0cHM6Ly9XQUJJLVVTLUdPVi1JT1dBLXJlZGlyZWN0LmFuYWx5c2lzLnVzZ292Y2xvdWRhcGkubmV0IiwiZW1iZWRGZWF0dXJlcyI6eyJ1c2FnZU1ldHJpY3NWTmV4dCI6dHJ1ZX19","System.Object[]","System.Object[]","172d44aa-8bfd-44cd-95e6-0cd4038fd8ab","DOH - Health Statistics & Performance"
"https://app.powerbigov.us/groups/172d44aa-8bfd-44cd-95e6-0cd4038fd8ab/datasets/7a9c8e2c-2a9b-4312-a5ba-338ad4d22555","7a9c8e2c-2a9b-4312-a5ba-338ad4d22555","True","2025-04-10T19:39:53.217Z","False","Test Strategic Plan","Abf","False",,"@{autoSyncReadOnlyReplicas=True; maxReadOnlyReplicas=0}","False","bschram@nd.gov","False","https://app.powerbigov.us/reportEmbed?config=eyJjbHVzdGVyVXJsIjoiaHR0cHM6Ly9XQUJJLVVTLUdPVi1JT1dBLXJlZGlyZWN0LmFuYWx5c2lzLnVzZ292Y2xvdWRhcGkubmV0IiwiZW1iZWRGZWF0dXJlcyI6eyJ1c2FnZU1ldHJpY3NWTmV4dCI6dHJ1ZX19","https://app.powerbigov.us/qnaEmbed?config=eyJjbHVzdGVyVXJsIjoiaHR0cHM6Ly9XQUJJLVVTLUdPVi1JT1dBLXJlZGlyZWN0LmFuYWx5c2lzLnVzZ292Y2xvdWRhcGkubmV0IiwiZW1iZWRGZWF0dXJlcyI6eyJ1c2FnZU1ldHJpY3NWTmV4dCI6dHJ1ZX19","System.Object[]","System.Object[]","172d44aa-8bfd-44cd-95e6-0cd4038fd8ab","DOH - Health Statistics & Performance"
"https://app.powerbigov.us/groups/172d44aa-8bfd-44cd-95e6-0cd4038fd8ab/datasets/d8ad7e43-f1aa-42a3-9b21-fc4dab65e6e9","d8ad7e43-f1aa-42a3-9b21-fc4dab65e6e9","True","2025-04-10T20:06:16.153Z","False","Demo Progress Tracking","Abf","False",,"@{autoSyncReadOnlyReplicas=True; maxReadOnlyReplicas=0}","False","bschram@nd.gov","False","https://app.powerbigov.us/reportEmbed?config=eyJjbHVzdGVyVXJsIjoiaHR0cHM6Ly9XQUJJLVVTLUdPVi1JT1dBLXJlZGlyZWN0LmFuYWx5c2lzLnVzZ292Y2xvdWRhcGkubmV0IiwiZW1iZWRGZWF0dXJlcyI6eyJ1c2FnZU1ldHJpY3NWTmV4dCI6dHJ1ZX19","https://app.powerbigov.us/qnaEmbed?config=eyJjbHVzdGVyVXJsIjoiaHR0cHM6Ly9XQUJJLVVTLUdPVi1JT1dBLXJlZGlyZWN0LmFuYWx5c2lzLnVzZ292Y2xvdWRhcGkubmV0IiwiZW1iZWRGZWF0dXJlcyI6eyJ1c2FnZU1ldHJpY3NWTmV4dCI6dHJ1ZX19","System.Object[]","System.Object[]","172d44aa-8bfd-44cd-95e6-0cd4038fd8ab","DOH - Health Statistics & Performance"
"https://app.powerbigov.us/groups/172d44aa-8bfd-44cd-95e6-0cd4038fd8ab/datasets/74191dce-31e6-425c-9366-389be3e9fdf4","74191dce-31e6-425c-9366-389be3e9fdf4","True","2025-05-08T14:32:59.797Z","True","Occupational Health Dashboard","PremiumFiles","False",,"@{autoSyncReadOnlyReplicas=True; maxReadOnlyReplicas=0}","False","eshuvaeva@nd.gov","False","https://app.powerbigov.us/reportEmbed?config=eyJjbHVzdGVyVXJsIjoiaHR0cHM6Ly9XQUJJLVVTLUdPVi1JT1dBLXJlZGlyZWN0LmFuYWx5c2lzLnVzZ292Y2xvdWRhcGkubmV0IiwiZW1iZWRGZWF0dXJlcyI6eyJ1c2FnZU1ldHJpY3NWTmV4dCI6dHJ1ZX19","https://app.powerbigov.us/qnaEmbed?config=eyJjbHVzdGVyVXJsIjoiaHR0cHM6Ly9XQUJJLVVTLUdPVi1JT1dBLXJlZGlyZWN0LmFuYWx5c2lzLnVzZ292Y2xvdWRhcGkubmV0IiwiZW1iZWRGZWF0dXJlcyI6eyJ1c2FnZU1ldHJpY3NWTmV4dCI6dHJ1ZX19","System.Object[]","System.Object[]","172d44aa-8bfd-44cd-95e6-0cd4038fd8ab","DOH - Health Statistics & Performance"
"https://app.powerbigov.us/groups/172d44aa-8bfd-44cd-95e6-0cd4038fd8ab/datasets/9e482995-e194-4fb7-b101-c88d70823dad","9e482995-e194-4fb7-b101-c88d70823dad","True","2025-06-16T21:40:15.167Z","False","Poison Control Internal Dashboard","PremiumFiles","False",,"@{autoSyncReadOnlyReplicas=True; maxReadOnlyReplicas=0}","False","zrohrbach@nd.gov","False","https://app.powerbigov.us/reportEmbed?config=eyJjbHVzdGVyVXJsIjoiaHR0cHM6Ly9XQUJJLVVTLUdPVi1JT1dBLXJlZGlyZWN0LmFuYWx5c2lzLnVzZ292Y2xvdWRhcGkubmV0IiwiZW1iZWRGZWF0dXJlcyI6eyJ1c2FnZU1ldHJpY3NWTmV4dCI6dHJ1ZX19","https://app.powerbigov.us/qnaEmbed?config=eyJjbHVzdGVyVXJsIjoiaHR0cHM6Ly9XQUJJLVVTLUdPVi1JT1dBLXJlZGlyZWN0LmFuYWx5c2lzLnVzZ292Y2xvdWRhcGkubmV0IiwiZW1iZWRGZWF0dXJlcyI6eyJ1c2FnZU1ldHJpY3NWTmV4dCI6dHJ1ZX19","System.Object[]","System.Object[]","172d44aa-8bfd-44cd-95e6-0cd4038fd8ab","DOH - Health Statistics & Performance"
"https://app.powerbigov.us/groups/172d44aa-8bfd-44cd-95e6-0cd4038fd8ab/datasets/9df5b056-4d7e-4038-a058-e62dffcd5cea","9df5b056-4d7e-4038-a058-e62dffcd5cea","True","2026-02-19T16:55:34.403Z","True","ND Moves Together Metrics","Abf","False",,"@{autoSyncReadOnlyReplicas=True; maxReadOnlyReplicas=0}","False","wternes@nd.gov","False","https://app.powerbigov.us/reportEmbed?config=eyJjbHVzdGVyVXJsIjoiaHR0cHM6Ly9XQUJJLVVTLUdPVi1JT1dBLXJlZGlyZWN0LmFuYWx5c2lzLnVzZ292Y2xvdWRhcGkubmV0IiwiZW1iZWRGZWF0dXJlcyI6eyJ1c2FnZU1ldHJpY3NWTmV4dCI6dHJ1ZX19","https://app.powerbigov.us/qnaEmbed?config=eyJjbHVzdGVyVXJsIjoiaHR0cHM6Ly9XQUJJLVVTLUdPVi1JT1dBLXJlZGlyZWN0LmFuYWx5c2lzLnVzZ292Y2xvdWRhcGkubmV0IiwiZW1iZWRGZWF0dXJlcyI6eyJ1c2FnZU1ldHJpY3NWTmV4dCI6dHJ1ZX19","System.Object[]","System.Object[]","172d44aa-8bfd-44cd-95e6-0cd4038fd8ab","DOH - Health Statistics & Performance"
"https://app.powerbigov.us/groups/172d44aa-8bfd-44cd-95e6-0cd4038fd8ab/datasets/0c029b93-e884-4ef9-81bc-c269035bb0a8","0c029b93-e884-4ef9-81bc-c269035bb0a8","True","2026-03-11T22:03:39.487Z","False","Usage Metrics Report","Abf","False",,"@{autoSyncReadOnlyReplicas=True; maxReadOnlyReplicas=0}","False","bschram@nd.gov","False","https://app.powerbigov.us/reportEmbed?config=eyJjbHVzdGVyVXJsIjoiaHR0cHM6Ly9XQUJJLVVTLUdPVi1JT1dBLXJlZGlyZWN0LmFuYWx5c2lzLnVzZ292Y2xvdWRhcGkubmV0IiwiZW1iZWRGZWF0dXJlcyI6eyJ1c2FnZU1ldHJpY3NWTmV4dCI6dHJ1ZX19","https://app.powerbigov.us/qnaEmbed?config=eyJjbHVzdGVyVXJsIjoiaHR0cHM6Ly9XQUJJLVVTLUdPVi1JT1dBLXJlZGlyZWN0LmFuYWx5c2lzLnVzZ292Y2xvdWRhcGkubmV0IiwiZW1iZWRGZWF0dXJlcyI6eyJ1c2FnZU1ldHJpY3NWTmV4dCI6dHJ1ZX19","System.Object[]","System.Object[]","172d44aa-8bfd-44cd-95e6-0cd4038fd8ab","DOH - Health Statistics & Performance"
"https://app.powerbigov.us/groups/133a4bce-010e-4e8c-b875-d6c8e33b6573/datasets/60ccb310-506e-4c5f-846b-d2364a2f3c4f","60ccb310-506e-4c5f-846b-d2364a2f3c4f","True","2023-06-26T15:07:37.767Z","True","LTBI Pen Dash.- Sandy-DOH102394","Abf","False",,"@{autoSyncReadOnlyReplicas=True; maxReadOnlyReplicas=0}","False","snasr@nd.gov","False","https://app.powerbigov.us/reportEmbed?config=eyJjbHVzdGVyVXJsIjoiaHR0cHM6Ly9XQUJJLVVTLUdPVi1JT1dBLXJlZGlyZWN0LmFuYWx5c2lzLnVzZ292Y2xvdWRhcGkubmV0IiwiZW1iZWRGZWF0dXJlcyI6eyJ1c2FnZU1ldHJpY3NWTmV4dCI6dHJ1ZX19","https://app.powerbigov.us/qnaEmbed?config=eyJjbHVzdGVyVXJsIjoiaHR0cHM6Ly9XQUJJLVVTLUdPVi1JT1dBLXJlZGlyZWN0LmFuYWx5c2lzLnVzZ292Y2xvdWRhcGkubmV0IiwiZW1iZWRGZWF0dXJlcyI6eyJ1c2FnZU1ldHJpY3NWTmV4dCI6dHJ1ZX19","System.Object[]","System.Object[]","133a4bce-010e-4e8c-b875-d6c8e33b6573","DOH-STI & Bloodborne Diseases Unit"
"https://app.powerbigov.us/groups/133a4bce-010e-4e8c-b875-d6c8e33b6573/datasets/331369d6-8ad4-48ba-984d-56af3a9844eb","331369d6-8ad4-48ba-984d-56af3a9844eb","True","2023-08-14T17:27:44.277Z","True","Services & ADAP_GC","Abf","False",,"@{autoSyncReadOnlyReplicas=True; maxReadOnlyReplicas=0}","False","snasr@nd.gov","False","https://app.powerbigov.us/reportEmbed?config=eyJjbHVzdGVyVXJsIjoiaHR0cHM6Ly9XQUJJLVVTLUdPVi1JT1dBLXJlZGlyZWN0LmFuYWx5c2lzLnVzZ292Y2xvdWRhcGkubmV0IiwiZW1iZWRGZWF0dXJlcyI6eyJ1c2FnZU1ldHJpY3NWTmV4dCI6dHJ1ZX19","https://app.powerbigov.us/qnaEmbed?config=eyJjbHVzdGVyVXJsIjoiaHR0cHM6Ly9XQUJJLVVTLUdPVi1JT1dBLXJlZGlyZWN0LmFuYWx5c2lzLnVzZ292Y2xvdWRhcGkubmV0IiwiZW1iZWRGZWF0dXJlcyI6eyJ1c2FnZU1ldHJpY3NWTmV4dCI6dHJ1ZX19","System.Object[]","System.Object[]","133a4bce-010e-4e8c-b875-d6c8e33b6573","DOH-STI & Bloodborne Diseases Unit"
"https://app.powerbigov.us/groups/133a4bce-010e-4e8c-b875-d6c8e33b6573/datasets/a534bde4-7679-436d-b4c2-2b60d7af15fe","a534bde4-7679-436d-b4c2-2b60d7af15fe","True","2025-01-02T16:23:16.37Z","False","HCV dash auto-update","Abf","False",,"@{autoSyncReadOnlyReplicas=True; maxReadOnlyReplicas=0}","False","snasr@nd.gov","False","https://app.powerbigov.us/reportEmbed?config=eyJjbHVzdGVyVXJsIjoiaHR0cHM6Ly9XQUJJLVVTLUdPVi1JT1dBLXJlZGlyZWN0LmFuYWx5c2lzLnVzZ292Y2xvdWRhcGkubmV0IiwiZW1iZWRGZWF0dXJlcyI6eyJ1c2FnZU1ldHJpY3NWTmV4dCI6dHJ1ZX19","https://app.powerbigov.us/qnaEmbed?config=eyJjbHVzdGVyVXJsIjoiaHR0cHM6Ly9XQUJJLVVTLUdPVi1JT1dBLXJlZGlyZWN0LmFuYWx5c2lzLnVzZ292Y2xvdWRhcGkubmV0IiwiZW1iZWRGZWF0dXJlcyI6eyJ1c2FnZU1ldHJpY3NWTmV4dCI6dHJ1ZX19","System.Object[]","System.Object[]","133a4bce-010e-4e8c-b875-d6c8e33b6573","DOH-STI & Bloodborne Diseases Unit"
"https://app.powerbigov.us/groups/133a4bce-010e-4e8c-b875-d6c8e33b6573/datasets/61ae61d3-c4f4-43c6-8436-1ef7de5e8620","61ae61d3-c4f4-43c6-8436-1ef7de5e8620","True","2025-10-01T16:52:18.16Z","True","Dash for HIV plan","Abf","False",,"@{autoSyncReadOnlyReplicas=True; maxReadOnlyReplicas=0}","False","snasr@nd.gov","False","https://app.powerbigov.us/reportEmbed?config=eyJjbHVzdGVyVXJsIjoiaHR0cHM6Ly9XQUJJLVVTLUdPVi1JT1dBLXJlZGlyZWN0LmFuYWx5c2lzLnVzZ292Y2xvdWRhcGkubmV0IiwiZW1iZWRGZWF0dXJlcyI6eyJ1c2FnZU1ldHJpY3NWTmV4dCI6dHJ1ZX19","https://app.powerbigov.us/qnaEmbed?config=eyJjbHVzdGVyVXJsIjoiaHR0cHM6Ly9XQUJJLVVTLUdPVi1JT1dBLXJlZGlyZWN0LmFuYWx5c2lzLnVzZ292Y2xvdWRhcGkubmV0IiwiZW1iZWRGZWF0dXJlcyI6eyJ1c2FnZU1ldHJpY3NWTmV4dCI6dHJ1ZX19","System.Object[]","System.Object[]","133a4bce-010e-4e8c-b875-d6c8e33b6573","DOH-STI & Bloodborne Diseases Unit"
"https://app.powerbigov.us/groups/133a4bce-010e-4e8c-b875-d6c8e33b6573/datasets/0594917e-ac1b-4b3f-b927-dc56fce6b974","0594917e-ac1b-4b3f-b927-dc56fce6b974","True","2025-10-01T16:53:03.837Z","False","STDs Performance Measures auto update","Abf","False",,"@{autoSyncReadOnlyReplicas=True; maxReadOnlyReplicas=0}","False","snasr@nd.gov","False","https://app.powerbigov.us/reportEmbed?config=eyJjbHVzdGVyVXJsIjoiaHR0cHM6Ly9XQUJJLVVTLUdPVi1JT1dBLXJlZGlyZWN0LmFuYWx5c2lzLnVzZ292Y2xvdWRhcGkubmV0IiwiZW1iZWRGZWF0dXJlcyI6eyJ1c2FnZU1ldHJpY3NWTmV4dCI6dHJ1ZX19","https://app.powerbigov.us/qnaEmbed?config=eyJjbHVzdGVyVXJsIjoiaHR0cHM6Ly9XQUJJLVVTLUdPVi1JT1dBLXJlZGlyZWN0LmFuYWx5c2lzLnVzZ292Y2xvdWRhcGkubmV0IiwiZW1iZWRGZWF0dXJlcyI6eyJ1c2FnZU1ldHJpY3NWTmV4dCI6dHJ1ZX19","System.Object[]","System.Object[]","133a4bce-010e-4e8c-b875-d6c8e33b6573","DOH-STI & Bloodborne Diseases Unit"
"https://app.powerbigov.us/groups/133a4bce-010e-4e8c-b875-d6c8e33b6573/datasets/c5b1fce1-c18a-4e30-972d-b7cc6da9903b","c5b1fce1-c18a-4e30-972d-b7cc6da9903b","True","2025-10-01T16:55:00.4Z","False","SSP Dashboards auto-update","Abf","False",,"@{autoSyncReadOnlyReplicas=True; maxReadOnlyReplicas=0}","False","snasr@nd.gov","False","https://app.powerbigov.us/reportEmbed?config=eyJjbHVzdGVyVXJsIjoiaHR0cHM6Ly9XQUJJLVVTLUdPVi1JT1dBLXJlZGlyZWN0LmFuYWx5c2lzLnVzZ292Y2xvdWRhcGkubmV0IiwiZW1iZWRGZWF0dXJlcyI6eyJ1c2FnZU1ldHJpY3NWTmV4dCI6dHJ1ZX19","https://app.powerbigov.us/qnaEmbed?config=eyJjbHVzdGVyVXJsIjoiaHR0cHM6Ly9XQUJJLVVTLUdPVi1JT1dBLXJlZGlyZWN0LmFuYWx5c2lzLnVzZ292Y2xvdWRhcGkubmV0IiwiZW1iZWRGZWF0dXJlcyI6eyJ1c2FnZU1ldHJpY3NWTmV4dCI6dHJ1ZX19","System.Object[]","System.Object[]","133a4bce-010e-4e8c-b875-d6c8e33b6573","DOH-STI & Bloodborne Diseases Unit"
"https://app.powerbigov.us/groups/133a4bce-010e-4e8c-b875-d6c8e33b6573/datasets/9d00fa48-d816-4779-8fd7-dfe76520d2c1","9d00fa48-d816-4779-8fd7-dfe76520d2c1","True","2025-10-01T17:01:30.697Z","False","CTR everyday By sites new, auto-update","Abf","False",,"@{autoSyncReadOnlyReplicas=True; maxReadOnlyReplicas=0}","False","snasr@nd.gov","False","https://app.powerbigov.us/reportEmbed?config=eyJjbHVzdGVyVXJsIjoiaHR0cHM6Ly9XQUJJLVVTLUdPVi1JT1dBLXJlZGlyZWN0LmFuYWx5c2lzLnVzZ292Y2xvdWRhcGkubmV0IiwiZW1iZWRGZWF0dXJlcyI6eyJ1c2FnZU1ldHJpY3NWTmV4dCI6dHJ1ZX19","https://app.powerbigov.us/qnaEmbed?config=eyJjbHVzdGVyVXJsIjoiaHR0cHM6Ly9XQUJJLVVTLUdPVi1JT1dBLXJlZGlyZWN0LmFuYWx5c2lzLnVzZ292Y2xvdWRhcGkubmV0IiwiZW1iZWRGZWF0dXJlcyI6eyJ1c2FnZU1ldHJpY3NWTmV4dCI6dHJ1ZX19","System.Object[]","System.Object[]","133a4bce-010e-4e8c-b875-d6c8e33b6573","DOH-STI & Bloodborne Diseases Unit"
"https://app.powerbigov.us/groups/133a4bce-010e-4e8c-b875-d6c8e33b6573/datasets/e5ac19a0-6606-4c70-9100-84d1fafb1d0f","e5ac19a0-6606-4c70-9100-84d1fafb1d0f","True","2025-10-03T16:12:03.283Z","False","RW Demographics Dashboard","Abf","False",,"@{autoSyncReadOnlyReplicas=True; maxReadOnlyReplicas=0}","False","snasr@nd.gov","False","https://app.powerbigov.us/reportEmbed?config=eyJjbHVzdGVyVXJsIjoiaHR0cHM6Ly9XQUJJLVVTLUdPVi1JT1dBLXJlZGlyZWN0LmFuYWx5c2lzLnVzZ292Y2xvdWRhcGkubmV0IiwiZW1iZWRGZWF0dXJlcyI6eyJ1c2FnZU1ldHJpY3NWTmV4dCI6dHJ1ZX19","https://app.powerbigov.us/qnaEmbed?config=eyJjbHVzdGVyVXJsIjoiaHR0cHM6Ly9XQUJJLVVTLUdPVi1JT1dBLXJlZGlyZWN0LmFuYWx5c2lzLnVzZ292Y2xvdWRhcGkubmV0IiwiZW1iZWRGZWF0dXJlcyI6eyJ1c2FnZU1ldHJpY3NWTmV4dCI6dHJ1ZX19","System.Object[]","System.Object[]","133a4bce-010e-4e8c-b875-d6c8e33b6573","DOH-STI & Bloodborne Diseases Unit"
"https://app.powerbigov.us/groups/133a4bce-010e-4e8c-b875-d6c8e33b6573/datasets/88c84d3c-a34c-49bd-b1b6-d3bfc4d93197","88c84d3c-a34c-49bd-b1b6-d3bfc4d93197","True","2025-11-28T22:49:49.61Z","False","At-Home testing auto-update","Abf","False",,"@{autoSyncReadOnlyReplicas=True; maxReadOnlyReplicas=0}","False","snasr@nd.gov","False","https://app.powerbigov.us/reportEmbed?config=eyJjbHVzdGVyVXJsIjoiaHR0cHM6Ly9XQUJJLVVTLUdPVi1JT1dBLXJlZGlyZWN0LmFuYWx5c2lzLnVzZ292Y2xvdWRhcGkubmV0IiwiZW1iZWRGZWF0dXJlcyI6eyJ1c2FnZU1ldHJpY3NWTmV4dCI6dHJ1ZX19","https://app.powerbigov.us/qnaEmbed?config=eyJjbHVzdGVyVXJsIjoiaHR0cHM6Ly9XQUJJLVVTLUdPVi1JT1dBLXJlZGlyZWN0LmFuYWx5c2lzLnVzZ292Y2xvdWRhcGkubmV0IiwiZW1iZWRGZWF0dXJlcyI6eyJ1c2FnZU1ldHJpY3NWTmV4dCI6dHJ1ZX19","System.Object[]","System.Object[]","133a4bce-010e-4e8c-b875-d6c8e33b6573","DOH-STI & Bloodborne Diseases Unit"
"https://app.powerbigov.us/groups/133a4bce-010e-4e8c-b875-d6c8e33b6573/datasets/6e107ab6-7426-407f-90ae-2fb6ffa237d3","6e107ab6-7426-407f-90ae-2fb6ffa237d3","True","2025-12-30T17:45:08.793Z","True","EpiProfile-AllDiseases","Abf","False",,"@{autoSyncReadOnlyReplicas=True; maxReadOnlyReplicas=0}","False","snasr@nd.gov","False","https://app.powerbigov.us/reportEmbed?config=eyJjbHVzdGVyVXJsIjoiaHR0cHM6Ly9XQUJJLVVTLUdPVi1JT1dBLXJlZGlyZWN0LmFuYWx5c2lzLnVzZ292Y2xvdWRhcGkubmV0IiwiZW1iZWRGZWF0dXJlcyI6eyJ1c2FnZU1ldHJpY3NWTmV4dCI6dHJ1ZX19","https://app.powerbigov.us/qnaEmbed?config=eyJjbHVzdGVyVXJsIjoiaHR0cHM6Ly9XQUJJLVVTLUdPVi1JT1dBLXJlZGlyZWN0LmFuYWx5c2lzLnVzZ292Y2xvdWRhcGkubmV0IiwiZW1iZWRGZWF0dXJlcyI6eyJ1c2FnZU1ldHJpY3NWTmV4dCI6dHJ1ZX19","System.Object[]","System.Object[]","133a4bce-010e-4e8c-b875-d6c8e33b6573","DOH-STI & Bloodborne Diseases Unit"
"https://app.powerbigov.us/groups/133a4bce-010e-4e8c-b875-d6c8e33b6573/datasets/7f407099-dad5-4ba4-93a6-14a087bcba08","7f407099-dad5-4ba4-93a6-14a087bcba08","True","2026-02-10T18:16:28.687Z","False","Syphilis dashboard","Abf","False",,"@{autoSyncReadOnlyReplicas=True; maxReadOnlyReplicas=0}","False","snasr@nd.gov","False","https://app.powerbigov.us/reportEmbed?config=eyJjbHVzdGVyVXJsIjoiaHR0cHM6Ly9XQUJJLVVTLUdPVi1JT1dBLXJlZGlyZWN0LmFuYWx5c2lzLnVzZ292Y2xvdWRhcGkubmV0IiwiZW1iZWRGZWF0dXJlcyI6eyJ1c2FnZU1ldHJpY3NWTmV4dCI6dHJ1ZX19","https://app.powerbigov.us/qnaEmbed?config=eyJjbHVzdGVyVXJsIjoiaHR0cHM6Ly9XQUJJLVVTLUdPVi1JT1dBLXJlZGlyZWN0LmFuYWx5c2lzLnVzZ292Y2xvdWRhcGkubmV0IiwiZW1iZWRGZWF0dXJlcyI6eyJ1c2FnZU1ldHJpY3NWTmV4dCI6dHJ1ZX19","System.Object[]","System.Object[]","133a4bce-010e-4e8c-b875-d6c8e33b6573","DOH-STI & Bloodborne Diseases Unit"
