"ReportEmbedUrl","ReportId","ReportDescription","ReportIsFromPbix","ReportName","DatasetId","DatasetWorkspaceId","ReportWebUrl","ReportIsOwnedByMe","ReportType","format","users","subscriptions","WorkspaceId","WorkspaceName","DatasetName"
"https://app.powerbigov.us/reportEmbed?reportId=8816bbd2-c622-4517-b9cf-00a0fca672b0&groupId=8c51e69e-fdf2-46f5-8ab7-d02ef0bc912d&w=2&config=eyJjbHVzdGVyVXJsIjoiaHR0cHM6Ly9XQUJJLVVTLUdPVi1JT1dBLXJlZGlyZWN0LmFuYWx5c2lzLnVzZ292Y2xvdWRhcGkubmV0IiwiZW1iZWRGZWF0dXJlcyI6eyJ1c2FnZU1ldHJpY3NWTmV4dCI6dHJ1ZX19","8816bbd2-c622-4517-b9cf-00a0fca672b0",,"True","New AGG data","5bfcab80-6adf-40c8-a113-d8ae5431ba47","8c51e69e-fdf2-46f5-8ab7-d02ef0bc912d","https://app.powerbigov.us/groups/8c51e69e-fdf2-46f5-8ab7-d02ef0bc912d/reports/8816bbd2-c622-4517-b9cf-00a0fca672b0","True","PowerBIReport","PBIRLegacy","System.Object[]","System.Object[]","8c51e69e-fdf2-46f5-8ab7-d02ef0bc912d","DOH-Data Stage Test","New AGG data"
"https://app.powerbigov.us/reportEmbed?reportId=e67a8785-8a0f-4f3d-bc64-c2cb29caf2ff&groupId=8c51e69e-fdf2-46f5-8ab7-d02ef0bc912d&w=2&config=eyJjbHVzdGVyVXJsIjoiaHR0cHM6Ly9XQUJJLVVTLUdPVi1JT1dBLXJlZGlyZWN0LmFuYWx5c2lzLnVzZ292Y2xvdWRhcGkubmV0IiwiZW1iZWRGZWF0dXJlcyI6eyJ1c2FnZU1ldHJpY3NWTmV4dCI6dHJ1ZX19","e67a8785-8a0f-4f3d-bc64-c2cb29caf2ff",,"True","MCH FAD Dash","808013ef-6cb3-48c4-b28a-1496eba15957","8c51e69e-fdf2-46f5-8ab7-d02ef0bc912d","https://app.powerbigov.us/groups/8c51e69e-fdf2-46f5-8ab7-d02ef0bc912d/reports/e67a8785-8a0f-4f3d-bc64-c2cb29caf2ff","True","PowerBIReport","PBIRLegacy","System.Object[]","System.Object[]","8c51e69e-fdf2-46f5-8ab7-d02ef0bc912d","DOH-Data Stage Test","MCH FAD Dash"
"https://app.powerbigov.us/rdlEmbed?reportId=d8358059-9e14-4cce-87a9-4e1bfbcb77ad&config=eyJjbHVzdGVyVXJsIjoiaHR0cHM6Ly9XQUJJLVVTLUdPVi1JT1dBLXJlZGlyZWN0LmFuYWx5c2lzLnVzZ292Y2xvdWRhcGkubmV0IiwiZW1iZWRGZWF0dXJlcyI6eyJ1c2FnZU1ldHJpY3NWTmV4dCI6dHJ1ZX19","d8358059-9e14-4cce-87a9-4e1bfbcb77ad",,"False","AGG table data validation",,,"https://app.powerbigov.us/groups/8c51e69e-fdf2-46f5-8ab7-d02ef0bc912d/rdlreports/d8358059-9e14-4cce-87a9-4e1bfbcb77ad","True","PaginatedReport","RDL","System.Object[]","System.Object[]","8c51e69e-fdf2-46f5-8ab7-d02ef0bc912d","DOH-Data Stage Test","Unknown Dataset"
"https://app.powerbigov.us/reportEmbed?reportId=3f93c6a1-1f99-4138-ac3c-c3137d5f878f&groupId=df79e3d9-7c63-4c16-a103-30110fba7302&w=2&config=eyJjbHVzdGVyVXJsIjoiaHR0cHM6Ly9XQUJJLVVTLUdPVi1JT1dBLXJlZGlyZWN0LmFuYWx5c2lzLnVzZ292Y2xvdWRhcGkubmV0IiwiZW1iZWRGZWF0dXJlcyI6eyJ1c2FnZU1ldHJpY3NWTmV4dCI6dHJ1ZX19","3f93c6a1-1f99-4138-ac3c-c3137d5f878f",,"False","Report Usage Metrics Report","fcd03b96-d7ba-41a1-aef0-afda59eca6d1","df79e3d9-7c63-4c16-a103-30110fba7302","https://app.powerbigov.us/groups/df79e3d9-7c63-4c16-a103-30110fba7302/reports/3f93c6a1-1f99-4138-ac3c-c3137d5f878f","True","PowerBIReport","PBIRLegacy","System.Object[]","System.Object[]","df79e3d9-7c63-4c16-a103-30110fba7302","DOH-PBIDashBoards","Report Usage Metrics Model"
"https://app.powerbigov.us/reportEmbed?reportId=6be66b0d-78d9-442b-9086-86eb58ef791a&groupId=df79e3d9-7c63-4c16-a103-30110fba7302&w=2&config=eyJjbHVzdGVyVXJsIjoiaHR0cHM6Ly9XQUJJLVVTLUdPVi1JT1dBLXJlZGlyZWN0LmFuYWx5c2lzLnVzZ292Y2xvdWRhcGkubmV0IiwiZW1iZWRGZWF0dXJlcyI6eyJ1c2FnZU1ldHJpY3NWTmV4dCI6dHJ1ZX19","6be66b0d-78d9-442b-9086-86eb58ef791a",,"True","Usage Metrics Report","76a52d1f-2b89-4d29-bae7-b3ef544ca294","df79e3d9-7c63-4c16-a103-30110fba7302","https://app.powerbigov.us/groups/df79e3d9-7c63-4c16-a103-30110fba7302/reports/6be66b0d-78d9-442b-9086-86eb58ef791a","True","PowerBIReport","PBIRLegacy","System.Object[]","System.Object[]","df79e3d9-7c63-4c16-a103-30110fba7302","DOH-PBIDashBoards","Usage Metrics Report"
"https://app.powerbigov.us/reportEmbed?reportId=9e7d4c84-838c-482e-8948-5cf0c5009761&groupId=df79e3d9-7c63-4c16-a103-30110fba7302&w=2&config=eyJjbHVzdGVyVXJsIjoiaHR0cHM6Ly9XQUJJLVVTLUdPVi1JT1dBLXJlZGlyZWN0LmFuYWx5c2lzLnVzZ292Y2xvdWRhcGkubmV0IiwiZW1iZWRGZWF0dXJlcyI6eyJ1c2FnZU1ldHJpY3NWTmV4dCI6dHJ1ZX19","9e7d4c84-838c-482e-8948-5cf0c5009761",,"True","Tobacco Dashboard","297a02d6-d9d3-4d0f-8b6d-183ef4de27dd","df79e3d9-7c63-4c16-a103-30110fba7302","https://app.powerbigov.us/groups/df79e3d9-7c63-4c16-a103-30110fba7302/reports/9e7d4c84-838c-482e-8948-5cf0c5009761","True","PowerBIReport","PBIRLegacy","System.Object[]","System.Object[]","df79e3d9-7c63-4c16-a103-30110fba7302","DOH-PBIDashBoards","Tobacco Dashboard"
"https://app.powerbigov.us/reportEmbed?reportId=8fd285dc-0bc1-4ea2-986d-5046d25511ba&groupId=df79e3d9-7c63-4c16-a103-30110fba7302&w=2&config=eyJjbHVzdGVyVXJsIjoiaHR0cHM6Ly9XQUJJLVVTLUdPVi1JT1dBLXJlZGlyZWN0LmFuYWx5c2lzLnVzZ292Y2xvdWRhcGkubmV0IiwiZW1iZWRGZWF0dXJlcyI6eyJ1c2FnZU1ldHJpY3NWTmV4dCI6dHJ1ZX19","8fd285dc-0bc1-4ea2-986d-5046d25511ba",,"False","BRFSS Cass County","9c7b2245-7e2b-473b-8f80-603efedb4537","7e5a8de5-fd01-49b5-8847-c250cf6cf7e1","https://app.powerbigov.us/groups/df79e3d9-7c63-4c16-a103-30110fba7302/reports/8fd285dc-0bc1-4ea2-986d-5046d25511ba","True","PowerBIReport","PBIRLegacy","System.Object[]","System.Object[]","df79e3d9-7c63-4c16-a103-30110fba7302","DOH-PBIDashBoards","BRFSS Cass County"
"https://app.powerbigov.us/reportEmbed?reportId=43ed8329-362e-4d31-b945-4215d2e0bc60&groupId=df79e3d9-7c63-4c16-a103-30110fba7302&w=2&config=eyJjbHVzdGVyVXJsIjoiaHR0cHM6Ly9XQUJJLVVTLUdPVi1JT1dBLXJlZGlyZWN0LmFuYWx5c2lzLnVzZ292Y2xvdWRhcGkubmV0IiwiZW1iZWRGZWF0dXJlcyI6eyJ1c2FnZU1ldHJpY3NWTmV4dCI6dHJ1ZX19","43ed8329-362e-4d31-b945-4215d2e0bc60",,"False","Cass County BRFSS Results","9c7b2245-7e2b-473b-8f80-603efedb4537","7e5a8de5-fd01-49b5-8847-c250cf6cf7e1","https://app.powerbigov.us/groups/df79e3d9-7c63-4c16-a103-30110fba7302/reports/43ed8329-362e-4d31-b945-4215d2e0bc60","True","PowerBIReport","PBIRLegacy","System.Object[]","System.Object[]","df79e3d9-7c63-4c16-a103-30110fba7302","DOH-PBIDashBoards","BRFSS Cass County"
"https://app.powerbigov.us/reportEmbed?reportId=06148b6f-be15-4485-8a58-adf4f8e6e997&groupId=df79e3d9-7c63-4c16-a103-30110fba7302&w=2&config=eyJjbHVzdGVyVXJsIjoiaHR0cHM6Ly9XQUJJLVVTLUdPVi1JT1dBLXJlZGlyZWN0LmFuYWx5c2lzLnVzZ292Y2xvdWRhcGkubmV0IiwiZW1iZWRGZWF0dXJlcyI6eyJ1c2FnZU1ldHJpY3NWTmV4dCI6dHJ1ZX19","06148b6f-be15-4485-8a58-adf4f8e6e997",,"True","DC_Public_Data_Report","39bd95cd-e5c7-443f-80a7-2433cb89bc42","df79e3d9-7c63-4c16-a103-30110fba7302","https://app.powerbigov.us/groups/df79e3d9-7c63-4c16-a103-30110fba7302/reports/06148b6f-be15-4485-8a58-adf4f8e6e997","True","PowerBIReport","PBIRLegacy","System.Object[]","System.Object[]","df79e3d9-7c63-4c16-a103-30110fba7302","DOH-PBIDashBoards","DC_Public_Data_Report"
"https://app.powerbigov.us/reportEmbed?reportId=9e09233a-cc05-40e1-8c79-c063836b708f&groupId=df79e3d9-7c63-4c16-a103-30110fba7302&w=2&config=eyJjbHVzdGVyVXJsIjoiaHR0cHM6Ly9XQUJJLVVTLUdPVi1JT1dBLXJlZGlyZWN0LmFuYWx5c2lzLnVzZ292Y2xvdWRhcGkubmV0IiwiZW1iZWRGZWF0dXJlcyI6eyJ1c2FnZU1ldHJpY3NWTmV4dCI6dHJ1ZX19","9e09233a-cc05-40e1-8c79-c063836b708f",,"True","NBS Internal","ea3f0a93-1fbf-490d-9469-4c22aef84088","df79e3d9-7c63-4c16-a103-30110fba7302","https://app.powerbigov.us/groups/df79e3d9-7c63-4c16-a103-30110fba7302/reports/9e09233a-cc05-40e1-8c79-c063836b708f","True","PowerBIReport","PBIRLegacy","System.Object[]","System.Object[]","df79e3d9-7c63-4c16-a103-30110fba7302","DOH-PBIDashBoards","NBS Internal"
"https://app.powerbigov.us/reportEmbed?reportId=8e725c58-2978-4bf2-835b-917a52e98931&groupId=df79e3d9-7c63-4c16-a103-30110fba7302&w=2&config=eyJjbHVzdGVyVXJsIjoiaHR0cHM6Ly9XQUJJLVVTLUdPVi1JT1dBLXJlZGlyZWN0LmFuYWx5c2lzLnVzZ292Y2xvdWRhcGkubmV0IiwiZW1iZWRGZWF0dXJlcyI6eyJ1c2FnZU1ldHJpY3NWTmV4dCI6dHJ1ZX19","8e725c58-2978-4bf2-835b-917a52e98931",,"True","Men's Health","790f285b-b855-4197-be1f-54fafc524a48","df79e3d9-7c63-4c16-a103-30110fba7302","https://app.powerbigov.us/groups/df79e3d9-7c63-4c16-a103-30110fba7302/reports/8e725c58-2978-4bf2-835b-917a52e98931","True","PowerBIReport","PBIRLegacy","System.Object[]","System.Object[]","df79e3d9-7c63-4c16-a103-30110fba7302","DOH-PBIDashBoards","Men's Health"
"https://app.powerbigov.us/reportEmbed?reportId=9465288a-cb63-464a-9096-873371a541af&groupId=df79e3d9-7c63-4c16-a103-30110fba7302&w=2&config=eyJjbHVzdGVyVXJsIjoiaHR0cHM6Ly9XQUJJLVVTLUdPVi1JT1dBLXJlZGlyZWN0LmFuYWx5c2lzLnVzZ292Y2xvdWRhcGkubmV0IiwiZW1iZWRGZWF0dXJlcyI6eyJ1c2FnZU1ldHJpY3NWTmV4dCI6dHJ1ZX19","9465288a-cb63-464a-9096-873371a541af",,"True","FoodLodging_Safety_Inspections_Internal","24f4e445-b372-46d5-96dc-0f8f841891fb","df79e3d9-7c63-4c16-a103-30110fba7302","https://app.powerbigov.us/groups/df79e3d9-7c63-4c16-a103-30110fba7302/reports/9465288a-cb63-464a-9096-873371a541af","True","PowerBIReport","PBIRLegacy","System.Object[]","System.Object[]","df79e3d9-7c63-4c16-a103-30110fba7302","DOH-PBIDashBoards","FoodLodging_Safety_Inspections_Internal"
"https://app.powerbigov.us/reportEmbed?reportId=f77b76e5-66d4-4d4a-865a-750c21d04cc6&groupId=df79e3d9-7c63-4c16-a103-30110fba7302&w=2&config=eyJjbHVzdGVyVXJsIjoiaHR0cHM6Ly9XQUJJLVVTLUdPVi1JT1dBLXJlZGlyZWN0LmFuYWx5c2lzLnVzZ292Y2xvdWRhcGkubmV0IiwiZW1iZWRGZWF0dXJlcyI6eyJ1c2FnZU1ldHJpY3NWTmV4dCI6dHJ1ZX19","f77b76e5-66d4-4d4a-865a-750c21d04cc6",,"True","FoodLodging_Safety_Retail","5997e996-0a09-495e-aec0-9a246ce3e6f0","df79e3d9-7c63-4c16-a103-30110fba7302","https://app.powerbigov.us/groups/df79e3d9-7c63-4c16-a103-30110fba7302/reports/f77b76e5-66d4-4d4a-865a-750c21d04cc6","True","PowerBIReport","PBIRLegacy","System.Object[]","System.Object[]","df79e3d9-7c63-4c16-a103-30110fba7302","DOH-PBIDashBoards","FoodLodging_Safety_Retail"
"https://app.powerbigov.us/reportEmbed?reportId=b9c04ee3-54c4-41d9-b729-92f75367edc6&groupId=df79e3d9-7c63-4c16-a103-30110fba7302&w=2&config=eyJjbHVzdGVyVXJsIjoiaHR0cHM6Ly9XQUJJLVVTLUdPVi1JT1dBLXJlZGlyZWN0LmFuYWx5c2lzLnVzZ292Y2xvdWRhcGkubmV0IiwiZW1iZWRGZWF0dXJlcyI6eyJ1c2FnZU1ldHJpY3NWTmV4dCI6dHJ1ZX19","b9c04ee3-54c4-41d9-b729-92f75367edc6",,"True","FoodLodging_Safety_Complaint","6fbc9876-2be2-42bc-9387-af65fd6b0632","df79e3d9-7c63-4c16-a103-30110fba7302","https://app.powerbigov.us/groups/df79e3d9-7c63-4c16-a103-30110fba7302/reports/b9c04ee3-54c4-41d9-b729-92f75367edc6","True","PowerBIReport","PBIRLegacy","System.Object[]","System.Object[]","df79e3d9-7c63-4c16-a103-30110fba7302","DOH-PBIDashBoards","FoodLodging_Safety_Complaint"
"https://app.powerbigov.us/reportEmbed?reportId=bb49a7f3-4261-4b02-bf92-35ac22c40769&groupId=df79e3d9-7c63-4c16-a103-30110fba7302&w=2&config=eyJjbHVzdGVyVXJsIjoiaHR0cHM6Ly9XQUJJLVVTLUdPVi1JT1dBLXJlZGlyZWN0LmFuYWx5c2lzLnVzZ292Y2xvdWRhcGkubmV0IiwiZW1iZWRGZWF0dXJlcyI6eyJ1c2FnZU1ldHJpY3NWTmV4dCI6dHJ1ZX19","bb49a7f3-4261-4b02-bf92-35ac22c40769",,"True","External - State Health Assessment","5110cf0e-84d5-40b8-aa9e-451f6cca74fd","df79e3d9-7c63-4c16-a103-30110fba7302","https://app.powerbigov.us/groups/df79e3d9-7c63-4c16-a103-30110fba7302/reports/bb49a7f3-4261-4b02-bf92-35ac22c40769","True","PowerBIReport","PBIRLegacy","System.Object[]","System.Object[]","df79e3d9-7c63-4c16-a103-30110fba7302","DOH-PBIDashBoards","External - State Health Assessment"
"https://app.powerbigov.us/reportEmbed?reportId=29cf4a55-c701-4747-a1f5-1d3c5e698325&groupId=df79e3d9-7c63-4c16-a103-30110fba7302&w=2&config=eyJjbHVzdGVyVXJsIjoiaHR0cHM6Ly9XQUJJLVVTLUdPVi1JT1dBLXJlZGlyZWN0LmFuYWx5c2lzLnVzZ292Y2xvdWRhcGkubmV0IiwiZW1iZWRGZWF0dXJlcyI6eyJ1c2FnZU1ldHJpY3NWTmV4dCI6dHJ1ZX19","29cf4a55-c701-4747-a1f5-1d3c5e698325",,"True","SHA Dashboard Final","ce77b259-c7a9-4aa8-a07d-97b0266bb5a7","df79e3d9-7c63-4c16-a103-30110fba7302","https://app.powerbigov.us/groups/df79e3d9-7c63-4c16-a103-30110fba7302/reports/29cf4a55-c701-4747-a1f5-1d3c5e698325","True","PowerBIReport","PBIRLegacy","System.Object[]","System.Object[]","df79e3d9-7c63-4c16-a103-30110fba7302","DOH-PBIDashBoards","SHA Dashboard Final"
"https://app.powerbigov.us/reportEmbed?reportId=2cb4e4e4-83a9-4c5b-8e06-f415d076a835&groupId=df79e3d9-7c63-4c16-a103-30110fba7302&w=2&config=eyJjbHVzdGVyVXJsIjoiaHR0cHM6Ly9XQUJJLVVTLUdPVi1JT1dBLXJlZGlyZWN0LmFuYWx5c2lzLnVzZ292Y2xvdWRhcGkubmV0IiwiZW1iZWRGZWF0dXJlcyI6eyJ1c2FnZU1ldHJpY3NWTmV4dCI6dHJ1ZX19","2cb4e4e4-83a9-4c5b-8e06-f415d076a835",,"True","MCH Dashboard","58e5c584-cb71-477a-992c-bdaa2a58c5f8","df79e3d9-7c63-4c16-a103-30110fba7302","https://app.powerbigov.us/groups/df79e3d9-7c63-4c16-a103-30110fba7302/reports/2cb4e4e4-83a9-4c5b-8e06-f415d076a835","True","PowerBIReport","PBIRLegacy","System.Object[]","System.Object[]","df79e3d9-7c63-4c16-a103-30110fba7302","DOH-PBIDashBoards","MCH Dashboard"
"https://app.powerbigov.us/reportEmbed?reportId=8b797307-49c5-45d6-9ab4-69cda89e39cd&groupId=df79e3d9-7c63-4c16-a103-30110fba7302&w=2&config=eyJjbHVzdGVyVXJsIjoiaHR0cHM6Ly9XQUJJLVVTLUdPVi1JT1dBLXJlZGlyZWN0LmFuYWx5c2lzLnVzZ292Y2xvdWRhcGkubmV0IiwiZW1iZWRGZWF0dXJlcyI6eyJ1c2FnZU1ldHJpY3NWTmV4dCI6dHJ1ZX19","8b797307-49c5-45d6-9ab4-69cda89e39cd",,"True","RW Demographics Dashboard","c6b49629-067c-44e7-98c1-111240c9c408","df79e3d9-7c63-4c16-a103-30110fba7302","https://app.powerbigov.us/groups/df79e3d9-7c63-4c16-a103-30110fba7302/reports/8b797307-49c5-45d6-9ab4-69cda89e39cd","True","PowerBIReport","PBIRLegacy","System.Object[]","System.Object[]","df79e3d9-7c63-4c16-a103-30110fba7302","DOH-PBIDashBoards","RW Demographics Dashboard"
"https://app.powerbigov.us/reportEmbed?reportId=4e4da144-b25f-4ccd-9747-cf2cbdaddb19&groupId=df79e3d9-7c63-4c16-a103-30110fba7302&w=2&config=eyJjbHVzdGVyVXJsIjoiaHR0cHM6Ly9XQUJJLVVTLUdPVi1JT1dBLXJlZGlyZWN0LmFuYWx5c2lzLnVzZ292Y2xvdWRhcGkubmV0IiwiZW1iZWRGZWF0dXJlcyI6eyJ1c2FnZU1ldHJpY3NWTmV4dCI6dHJ1ZX19","4e4da144-b25f-4ccd-9747-cf2cbdaddb19",,"True","SDM_ND_Suicide","88e638cb-4c31-4908-8978-63c903bb3c6c","df79e3d9-7c63-4c16-a103-30110fba7302","https://app.powerbigov.us/groups/df79e3d9-7c63-4c16-a103-30110fba7302/reports/4e4da144-b25f-4ccd-9747-cf2cbdaddb19","True","PowerBIReport","PBIRLegacy","System.Object[]","System.Object[]","df79e3d9-7c63-4c16-a103-30110fba7302","DOH-PBIDashBoards","SDM_ND_Suicide"
"https://app.powerbigov.us/reportEmbed?reportId=a845d415-fefe-4ca4-9ad4-f83501f97522&groupId=df79e3d9-7c63-4c16-a103-30110fba7302&w=2&config=eyJjbHVzdGVyVXJsIjoiaHR0cHM6Ly9XQUJJLVVTLUdPVi1JT1dBLXJlZGlyZWN0LmFuYWx5c2lzLnVzZ292Y2xvdWRhcGkubmV0IiwiZW1iZWRGZWF0dXJlcyI6eyJ1c2FnZU1ldHJpY3NWTmV4dCI6dHJ1ZX19","a845d415-fefe-4ca4-9ad4-f83501f97522",,"True","Autism_Data_Report","236eadf7-870b-4527-b2da-638cac05910e","df79e3d9-7c63-4c16-a103-30110fba7302","https://app.powerbigov.us/groups/df79e3d9-7c63-4c16-a103-30110fba7302/reports/a845d415-fefe-4ca4-9ad4-f83501f97522","True","PowerBIReport","PBIRLegacy","System.Object[]","System.Object[]","df79e3d9-7c63-4c16-a103-30110fba7302","DOH-PBIDashBoards","Autism_Data_Report"
"https://app.powerbigov.us/reportEmbed?reportId=ef4a0c95-bae1-4655-817e-39ff988cdca8&groupId=df79e3d9-7c63-4c16-a103-30110fba7302&w=2&config=eyJjbHVzdGVyVXJsIjoiaHR0cHM6Ly9XQUJJLVVTLUdPVi1JT1dBLXJlZGlyZWN0LmFuYWx5c2lzLnVzZ292Y2xvdWRhcGkubmV0IiwiZW1iZWRGZWF0dXJlcyI6eyJ1c2FnZU1ldHJpY3NWTmV4dCI6dHJ1ZX19","ef4a0c95-bae1-4655-817e-39ff988cdca8",,"True","A2A Clinic Dashboard","239d1eeb-cfeb-422a-8b2c-622d4e9d9c0f","df79e3d9-7c63-4c16-a103-30110fba7302","https://app.powerbigov.us/groups/df79e3d9-7c63-4c16-a103-30110fba7302/reports/ef4a0c95-bae1-4655-817e-39ff988cdca8","True","PowerBIReport","PBIRLegacy","System.Object[]","System.Object[]","df79e3d9-7c63-4c16-a103-30110fba7302","DOH-PBIDashBoards","A2A Clinic Dashboard"
"https://app.powerbigov.us/reportEmbed?reportId=d2aba7fd-7af5-44fa-80e2-1480762a1e6a&groupId=df79e3d9-7c63-4c16-a103-30110fba7302&w=2&config=eyJjbHVzdGVyVXJsIjoiaHR0cHM6Ly9XQUJJLVVTLUdPVi1JT1dBLXJlZGlyZWN0LmFuYWx5c2lzLnVzZ292Y2xvdWRhcGkubmV0IiwiZW1iZWRGZWF0dXJlcyI6eyJ1c2FnZU1ldHJpY3NWTmV4dCI6dHJ1ZX19","d2aba7fd-7af5-44fa-80e2-1480762a1e6a",,"True","Lead_Dashboard","6ef29f6e-97c4-4ac2-91e2-b5834761413e","df79e3d9-7c63-4c16-a103-30110fba7302","https://app.powerbigov.us/groups/df79e3d9-7c63-4c16-a103-30110fba7302/reports/d2aba7fd-7af5-44fa-80e2-1480762a1e6a","True","PowerBIReport","PBIRLegacy","System.Object[]","System.Object[]","df79e3d9-7c63-4c16-a103-30110fba7302","DOH-PBIDashBoards","Lead_Dashboard"
"https://app.powerbigov.us/reportEmbed?reportId=5687865f-ddc6-4aba-9157-c9f1f59e39e7&groupId=df79e3d9-7c63-4c16-a103-30110fba7302&w=2&config=eyJjbHVzdGVyVXJsIjoiaHR0cHM6Ly9XQUJJLVVTLUdPVi1JT1dBLXJlZGlyZWN0LmFuYWx5c2lzLnVzZ292Y2xvdWRhcGkubmV0IiwiZW1iZWRGZWF0dXJlcyI6eyJ1c2FnZU1ldHJpY3NWTmV4dCI6dHJ1ZX19","5687865f-ddc6-4aba-9157-c9f1f59e39e7",,"True","SDM_Childhood_Lead","02bf1a58-0ad7-46a2-83fc-2b34f24e644a","df79e3d9-7c63-4c16-a103-30110fba7302","https://app.powerbigov.us/groups/df79e3d9-7c63-4c16-a103-30110fba7302/reports/5687865f-ddc6-4aba-9157-c9f1f59e39e7","True","PowerBIReport","PBIRLegacy","System.Object[]","System.Object[]","df79e3d9-7c63-4c16-a103-30110fba7302","DOH-PBIDashBoards","SDM_Childhood_Lead"
"https://app.powerbigov.us/reportEmbed?reportId=a02fce2c-dc3b-4d80-a67a-268a32c773c3&groupId=df79e3d9-7c63-4c16-a103-30110fba7302&w=2&config=eyJjbHVzdGVyVXJsIjoiaHR0cHM6Ly9XQUJJLVVTLUdPVi1JT1dBLXJlZGlyZWN0LmFuYWx5c2lzLnVzZ292Y2xvdWRhcGkubmV0IiwiZW1iZWRGZWF0dXJlcyI6eyJ1c2FnZU1ldHJpY3NWTmV4dCI6dHJ1ZX19","a02fce2c-dc3b-4d80-a67a-268a32c773c3",,"True","Community Health Dashboard","d40be21c-7783-4a3c-8242-69f41bf12151","df79e3d9-7c63-4c16-a103-30110fba7302","https://app.powerbigov.us/groups/df79e3d9-7c63-4c16-a103-30110fba7302/reports/a02fce2c-dc3b-4d80-a67a-268a32c773c3","True","PowerBIReport","PBIRLegacy","System.Object[]","System.Object[]","df79e3d9-7c63-4c16-a103-30110fba7302","DOH-PBIDashBoards","Community Health Dashboard"
"https://app.powerbigov.us/reportEmbed?reportId=cd174367-d3cd-4ffc-9e99-646001fa4660&groupId=df79e3d9-7c63-4c16-a103-30110fba7302&w=2&config=eyJjbHVzdGVyVXJsIjoiaHR0cHM6Ly9XQUJJLVVTLUdPVi1JT1dBLXJlZGlyZWN0LmFuYWx5c2lzLnVzZ292Y2xvdWRhcGkubmV0IiwiZW1iZWRGZWF0dXJlcyI6eyJ1c2FnZU1ldHJpY3NWTmV4dCI6dHJ1ZX19","cd174367-d3cd-4ffc-9e99-646001fa4660",,"True","SDM_Green_Dot_Dashboard","74758d84-b8fa-4fde-921d-658893aa5b41","df79e3d9-7c63-4c16-a103-30110fba7302","https://app.powerbigov.us/groups/df79e3d9-7c63-4c16-a103-30110fba7302/reports/cd174367-d3cd-4ffc-9e99-646001fa4660","True","PowerBIReport","PBIRLegacy","System.Object[]","System.Object[]","df79e3d9-7c63-4c16-a103-30110fba7302","DOH-PBIDashBoards","SDM_Green_Dot_Dashboard"
"https://app.powerbigov.us/reportEmbed?reportId=51adc102-aa2c-4d71-b706-e043b6489e89&groupId=df79e3d9-7c63-4c16-a103-30110fba7302&w=2&config=eyJjbHVzdGVyVXJsIjoiaHR0cHM6Ly9XQUJJLVVTLUdPVi1JT1dBLXJlZGlyZWN0LmFuYWx5c2lzLnVzZ292Y2xvdWRhcGkubmV0IiwiZW1iZWRGZWF0dXJlcyI6eyJ1c2FnZU1ldHJpY3NWTmV4dCI6dHJ1ZX19","51adc102-aa2c-4d71-b706-e043b6489e89",,"True","SDM_ND Sexual Violence Dashboard","1fd21c83-8d35-4d97-8a27-54452585dce5","df79e3d9-7c63-4c16-a103-30110fba7302","https://app.powerbigov.us/groups/df79e3d9-7c63-4c16-a103-30110fba7302/reports/51adc102-aa2c-4d71-b706-e043b6489e89","True","PowerBIReport","PBIRLegacy","System.Object[]","System.Object[]","df79e3d9-7c63-4c16-a103-30110fba7302","DOH-PBIDashBoards","SDM_ND Sexual Violence Dashboard"
"https://app.powerbigov.us/reportEmbed?reportId=bb0b7c3b-d098-4980-ba5e-261828631df3&groupId=df79e3d9-7c63-4c16-a103-30110fba7302&w=2&config=eyJjbHVzdGVyVXJsIjoiaHR0cHM6Ly9XQUJJLVVTLUdPVi1JT1dBLXJlZGlyZWN0LmFuYWx5c2lzLnVzZ292Y2xvdWRhcGkubmV0IiwiZW1iZWRGZWF0dXJlcyI6eyJ1c2FnZU1ldHJpY3NWTmV4dCI6dHJ1ZX19","bb0b7c3b-d098-4980-ba5e-261828631df3",,"True","Poison Control Public Dashboard","81bc4f4c-6073-4324-bc3d-438bf43bf18f","df79e3d9-7c63-4c16-a103-30110fba7302","https://app.powerbigov.us/groups/df79e3d9-7c63-4c16-a103-30110fba7302/reports/bb0b7c3b-d098-4980-ba5e-261828631df3","True","PowerBIReport","PBIRLegacy","System.Object[]","System.Object[]","df79e3d9-7c63-4c16-a103-30110fba7302","DOH-PBIDashBoards","Poison Control Public Dashboard"
"https://app.powerbigov.us/reportEmbed?reportId=15e1eee4-eb11-4e05-a09f-f0766155212b&groupId=df79e3d9-7c63-4c16-a103-30110fba7302&w=2&config=eyJjbHVzdGVyVXJsIjoiaHR0cHM6Ly9XQUJJLVVTLUdPVi1JT1dBLXJlZGlyZWN0LmFuYWx5c2lzLnVzZ292Y2xvdWRhcGkubmV0IiwiZW1iZWRGZWF0dXJlcyI6eyJ1c2FnZU1ldHJpY3NWTmV4dCI6dHJ1ZX19","15e1eee4-eb11-4e05-a09f-f0766155212b",,"True","American Indian Alaskan Native Community Health Dashboard","462a4a39-e908-4dd3-8339-7e439b120c84","df79e3d9-7c63-4c16-a103-30110fba7302","https://app.powerbigov.us/groups/df79e3d9-7c63-4c16-a103-30110fba7302/reports/15e1eee4-eb11-4e05-a09f-f0766155212b","True","PowerBIReport","PBIRLegacy","System.Object[]","System.Object[]","df79e3d9-7c63-4c16-a103-30110fba7302","DOH-PBIDashBoards","American Indian Alaskan Native Community Health Dashboard"
"https://app.powerbigov.us/reportEmbed?reportId=a8bdc094-eb14-4d79-b26a-628c317b73ab&groupId=df79e3d9-7c63-4c16-a103-30110fba7302&w=2&config=eyJjbHVzdGVyVXJsIjoiaHR0cHM6Ly9XQUJJLVVTLUdPVi1JT1dBLXJlZGlyZWN0LmFuYWx5c2lzLnVzZ292Y2xvdWRhcGkubmV0IiwiZW1iZWRGZWF0dXJlcyI6eyJ1c2FnZU1ldHJpY3NWTmV4dCI6dHJ1ZX19","a8bdc094-eb14-4d79-b26a-628c317b73ab",,"True","Skill Progress","8234a90a-2641-4c36-85ad-99ee7980185c","df79e3d9-7c63-4c16-a103-30110fba7302","https://app.powerbigov.us/groups/df79e3d9-7c63-4c16-a103-30110fba7302/reports/a8bdc094-eb14-4d79-b26a-628c317b73ab","True","PowerBIReport","PBIRLegacy","System.Object[]","System.Object[]","df79e3d9-7c63-4c16-a103-30110fba7302","DOH-PBIDashBoards","Skill Progress"
"https://app.powerbigov.us/reportEmbed?reportId=675000c7-1f08-44b7-b8ef-6ade1873676f&groupId=df79e3d9-7c63-4c16-a103-30110fba7302&w=2&config=eyJjbHVzdGVyVXJsIjoiaHR0cHM6Ly9XQUJJLVVTLUdPVi1JT1dBLXJlZGlyZWN0LmFuYWx5c2lzLnVzZ292Y2xvdWRhcGkubmV0IiwiZW1iZWRGZWF0dXJlcyI6eyJ1c2FnZU1ldHJpY3NWTmV4dCI6dHJ1ZX19","675000c7-1f08-44b7-b8ef-6ade1873676f",,"True","FoodLodging_ND Licensing of Food and Lodging Establishments by City","d0a6c21c-b3dc-4d17-9cbb-a049c75f3e45","df79e3d9-7c63-4c16-a103-30110fba7302","https://app.powerbigov.us/groups/df79e3d9-7c63-4c16-a103-30110fba7302/reports/675000c7-1f08-44b7-b8ef-6ade1873676f","True","PowerBIReport","PBIRLegacy","System.Object[]","System.Object[]","df79e3d9-7c63-4c16-a103-30110fba7302","DOH-PBIDashBoards","FoodLodging_ND Licensing of Food and Lodging Establishments by City"
"https://app.powerbigov.us/reportEmbed?reportId=1d9ff619-bcfd-4525-a8f2-8886352dd29f&groupId=df79e3d9-7c63-4c16-a103-30110fba7302&w=2&config=eyJjbHVzdGVyVXJsIjoiaHR0cHM6Ly9XQUJJLVVTLUdPVi1JT1dBLXJlZGlyZWN0LmFuYWx5c2lzLnVzZ292Y2xvdWRhcGkubmV0IiwiZW1iZWRGZWF0dXJlcyI6eyJ1c2FnZU1ldHJpY3NWTmV4dCI6dHJ1ZX19","1d9ff619-bcfd-4525-a8f2-8886352dd29f",,"True","PHIG Work Grant Activities for A1_8.25","5e2c652c-4e32-42c1-a5e7-0937efcc6e03","df79e3d9-7c63-4c16-a103-30110fba7302","https://app.powerbigov.us/groups/df79e3d9-7c63-4c16-a103-30110fba7302/reports/1d9ff619-bcfd-4525-a8f2-8886352dd29f","True","PowerBIReport","PBIRLegacy","System.Object[]","System.Object[]","df79e3d9-7c63-4c16-a103-30110fba7302","DOH-PBIDashBoards","PHIG Work Grant Activities for A1_8.25"
"https://app.powerbigov.us/reportEmbed?reportId=3b5a0ee4-61d6-469d-9426-6dda2f8204d2&groupId=df79e3d9-7c63-4c16-a103-30110fba7302&w=2&config=eyJjbHVzdGVyVXJsIjoiaHR0cHM6Ly9XQUJJLVVTLUdPVi1JT1dBLXJlZGlyZWN0LmFuYWx5c2lzLnVzZ292Y2xvdWRhcGkubmV0IiwiZW1iZWRGZWF0dXJlcyI6eyJ1c2FnZU1ldHJpY3NWTmV4dCI6dHJ1ZX19","3b5a0ee4-61d6-469d-9426-6dda2f8204d2",,"True","PHIG Dashboard LPHU","e658f3bc-ba54-4534-b1c5-cda0d9c012e5","df79e3d9-7c63-4c16-a103-30110fba7302","https://app.powerbigov.us/groups/df79e3d9-7c63-4c16-a103-30110fba7302/reports/3b5a0ee4-61d6-469d-9426-6dda2f8204d2","True","PowerBIReport","PBIRLegacy","System.Object[]","System.Object[]","df79e3d9-7c63-4c16-a103-30110fba7302","DOH-PBIDashBoards","PHIG Dashboard LPHU"
"https://app.powerbigov.us/reportEmbed?reportId=1f718945-e3a6-4cb6-ab00-33874448c7c2&groupId=df79e3d9-7c63-4c16-a103-30110fba7302&w=2&config=eyJjbHVzdGVyVXJsIjoiaHR0cHM6Ly9XQUJJLVVTLUdPVi1JT1dBLXJlZGlyZWN0LmFuYWx5c2lzLnVzZ292Y2xvdWRhcGkubmV0IiwiZW1iZWRGZWF0dXJlcyI6eyJ1c2FnZU1ldHJpY3NWTmV4dCI6dHJ1ZX19","1f718945-e3a6-4cb6-ab00-33874448c7c2",,"True","Food_Safety_Complaint","c0412849-fbfb-4b6f-af0f-567d12b8d399","df79e3d9-7c63-4c16-a103-30110fba7302","https://app.powerbigov.us/groups/df79e3d9-7c63-4c16-a103-30110fba7302/reports/1f718945-e3a6-4cb6-ab00-33874448c7c2","True","PowerBIReport","PBIRLegacy","System.Object[]","System.Object[]","df79e3d9-7c63-4c16-a103-30110fba7302","DOH-PBIDashBoards","Food_Safety_Complaint"
"https://app.powerbigov.us/reportEmbed?reportId=840528fc-38e7-4b2c-aa67-00229c7e7c6b&groupId=df79e3d9-7c63-4c16-a103-30110fba7302&w=2&config=eyJjbHVzdGVyVXJsIjoiaHR0cHM6Ly9XQUJJLVVTLUdPVi1JT1dBLXJlZGlyZWN0LmFuYWx5c2lzLnVzZ292Y2xvdWRhcGkubmV0IiwiZW1iZWRGZWF0dXJlcyI6eyJ1c2FnZU1ldHJpY3NWTmV4dCI6dHJ1ZX19","840528fc-38e7-4b2c-aa67-00229c7e7c6b",,"True","BillIT_Reporting","98ff0fbe-f316-466e-8090-3bea2345ef4e","df79e3d9-7c63-4c16-a103-30110fba7302","https://app.powerbigov.us/groups/df79e3d9-7c63-4c16-a103-30110fba7302/reports/840528fc-38e7-4b2c-aa67-00229c7e7c6b","True","PowerBIReport","PBIR","System.Object[]","System.Object[]","df79e3d9-7c63-4c16-a103-30110fba7302","DOH-PBIDashBoards","BillIT_Reporting"
"https://app.powerbigov.us/reportEmbed?reportId=1a0424a0-9923-4c6e-b10a-64e498280b77&groupId=df79e3d9-7c63-4c16-a103-30110fba7302&w=2&config=eyJjbHVzdGVyVXJsIjoiaHR0cHM6Ly9XQUJJLVVTLUdPVi1JT1dBLXJlZGlyZWN0LmFuYWx5c2lzLnVzZ292Y2xvdWRhcGkubmV0IiwiZW1iZWRGZWF0dXJlcyI6eyJ1c2FnZU1ldHJpY3NWTmV4dCI6dHJ1ZX19","1a0424a0-9923-4c6e-b10a-64e498280b77",,"True","EpiProfile-AllDiseases","04b8b900-a397-4de7-afdc-2695b3e1b9e1","df79e3d9-7c63-4c16-a103-30110fba7302","https://app.powerbigov.us/groups/df79e3d9-7c63-4c16-a103-30110fba7302/reports/1a0424a0-9923-4c6e-b10a-64e498280b77","True","PowerBIReport","PBIRLegacy","System.Object[]","System.Object[]","df79e3d9-7c63-4c16-a103-30110fba7302","DOH-PBIDashBoards","EpiProfile-AllDiseases"
"https://app.powerbigov.us/reportEmbed?reportId=5309883d-820b-47d7-8b25-a5f71908d552&groupId=df79e3d9-7c63-4c16-a103-30110fba7302&w=2&config=eyJjbHVzdGVyVXJsIjoiaHR0cHM6Ly9XQUJJLVVTLUdPVi1JT1dBLXJlZGlyZWN0LmFuYWx5c2lzLnVzZ292Y2xvdWRhcGkubmV0IiwiZW1iZWRGZWF0dXJlcyI6eyJ1c2FnZU1ldHJpY3NWTmV4dCI6dHJ1ZX19","5309883d-820b-47d7-8b25-a5f71908d552",,"True","SDM_Injury_Dashboard","a4f492af-4f34-42c1-829f-992ca31a1a6d","df79e3d9-7c63-4c16-a103-30110fba7302","https://app.powerbigov.us/groups/df79e3d9-7c63-4c16-a103-30110fba7302/reports/5309883d-820b-47d7-8b25-a5f71908d552","True","PowerBIReport","PBIRLegacy","System.Object[]","System.Object[]","df79e3d9-7c63-4c16-a103-30110fba7302","DOH-PBIDashBoards","SDM_Injury_Dashboard"
"https://app.powerbigov.us/reportEmbed?reportId=2b343f17-dd5e-4c7a-8fcb-253cb2514478&groupId=df79e3d9-7c63-4c16-a103-30110fba7302&w=2&config=eyJjbHVzdGVyVXJsIjoiaHR0cHM6Ly9XQUJJLVVTLUdPVi1JT1dBLXJlZGlyZWN0LmFuYWx5c2lzLnVzZ292Y2xvdWRhcGkubmV0IiwiZW1iZWRGZWF0dXJlcyI6eyJ1c2FnZU1ldHJpY3NWTmV4dCI6dHJ1ZX19","2b343f17-dd5e-4c7a-8fcb-253cb2514478",,"True","TBI Dashboard (TEST)","4572e5c7-cd98-4568-92ce-b42b8dd7b934","df79e3d9-7c63-4c16-a103-30110fba7302","https://app.powerbigov.us/groups/df79e3d9-7c63-4c16-a103-30110fba7302/reports/2b343f17-dd5e-4c7a-8fcb-253cb2514478","True","PowerBIReport","PBIRLegacy","System.Object[]","System.Object[]","df79e3d9-7c63-4c16-a103-30110fba7302","DOH-PBIDashBoards","TBI Dashboard (TEST)"
"https://app.powerbigov.us/reportEmbed?reportId=d470a94b-e90b-494f-8935-4bf1e7d79275&groupId=0626e185-b817-4708-9077-adbf093d912c&w=2&config=eyJjbHVzdGVyVXJsIjoiaHR0cHM6Ly9XQUJJLVVTLUdPVi1JT1dBLXJlZGlyZWN0LmFuYWx5c2lzLnVzZ292Y2xvdWRhcGkubmV0IiwiZW1iZWRGZWF0dXJlcyI6eyJ1c2FnZU1ldHJpY3NWTmV4dCI6dHJ1ZX19","d470a94b-e90b-494f-8935-4bf1e7d79275",,"True","Historical_WNV","a2b4bd2d-778a-46f5-8921-912cdedd281d","0626e185-b817-4708-9077-adbf093d912c","https://app.powerbigov.us/groups/0626e185-b817-4708-9077-adbf093d912c/reports/d470a94b-e90b-494f-8935-4bf1e7d79275","True","PowerBIReport","PBIRLegacy","System.Object[]","System.Object[]","0626e185-b817-4708-9077-adbf093d912c","DOH-Medical Services Section","Historical_WNV"
"https://app.powerbigov.us/reportEmbed?reportId=aad6de31-b98c-417d-8ef9-fa53dc4df30b&groupId=0626e185-b817-4708-9077-adbf093d912c&w=2&config=eyJjbHVzdGVyVXJsIjoiaHR0cHM6Ly9XQUJJLVVTLUdPVi1JT1dBLXJlZGlyZWN0LmFuYWx5c2lzLnVzZ292Y2xvdWRhcGkubmV0IiwiZW1iZWRGZWF0dXJlcyI6eyJ1c2FnZU1ldHJpY3NWTmV4dCI6dHJ1ZX19","aad6de31-b98c-417d-8ef9-fa53dc4df30b",,"True","2018-2019 Kindergarten Rates and Exemptions","2c961f9c-99b1-4fd9-9e9d-d6d3e46cb84f","0626e185-b817-4708-9077-adbf093d912c","https://app.powerbigov.us/groups/0626e185-b817-4708-9077-adbf093d912c/reports/aad6de31-b98c-417d-8ef9-fa53dc4df30b","True","PowerBIReport","PBIRLegacy","System.Object[]","System.Object[]","0626e185-b817-4708-9077-adbf093d912c","DOH-Medical Services Section","2018-2019 Kindergarten Rates and Exemptions"
"https://app.powerbigov.us/reportEmbed?reportId=e50a6bf1-9b2b-4195-9802-40e5b727cd44&groupId=0626e185-b817-4708-9077-adbf093d912c&w=2&config=eyJjbHVzdGVyVXJsIjoiaHR0cHM6Ly9XQUJJLVVTLUdPVi1JT1dBLXJlZGlyZWN0LmFuYWx5c2lzLnVzZ292Y2xvdWRhcGkubmV0IiwiZW1iZWRGZWF0dXJlcyI6eyJ1c2FnZU1ldHJpY3NWTmV4dCI6dHJ1ZX19","e50a6bf1-9b2b-4195-9802-40e5b727cd44",,"True","2019 ND Tick Surveillance PowerBi","fa42ccca-5a97-463f-8c5e-72b1bba6b6b1","0626e185-b817-4708-9077-adbf093d912c","https://app.powerbigov.us/groups/0626e185-b817-4708-9077-adbf093d912c/reports/e50a6bf1-9b2b-4195-9802-40e5b727cd44","True","PowerBIReport","PBIRLegacy","System.Object[]","System.Object[]","0626e185-b817-4708-9077-adbf093d912c","DOH-Medical Services Section","2019 ND Tick Surveillance PowerBi"
"https://app.powerbigov.us/reportEmbed?reportId=abf4ab58-25db-4704-9885-abfe81391286&groupId=0626e185-b817-4708-9077-adbf093d912c&w=2&config=eyJjbHVzdGVyVXJsIjoiaHR0cHM6Ly9XQUJJLVVTLUdPVi1JT1dBLXJlZGlyZWN0LmFuYWx5c2lzLnVzZ292Y2xvdWRhcGkubmV0IiwiZW1iZWRGZWF0dXJlcyI6eyJ1c2FnZU1ldHJpY3NWTmV4dCI6dHJ1ZX19","abf4ab58-25db-4704-9885-abfe81391286",,"True","School_Rates","92e9b900-abe9-4880-8ca9-9994b9394c50","0626e185-b817-4708-9077-adbf093d912c","https://app.powerbigov.us/groups/0626e185-b817-4708-9077-adbf093d912c/reports/abf4ab58-25db-4704-9885-abfe81391286","True","PowerBIReport","PBIRLegacy","System.Object[]","System.Object[]","0626e185-b817-4708-9077-adbf093d912c","DOH-Medical Services Section","School_Rates"
"https://app.powerbigov.us/reportEmbed?reportId=8eeb117d-a665-4fb8-a646-d26ff0708a93&groupId=0626e185-b817-4708-9077-adbf093d912c&w=2&config=eyJjbHVzdGVyVXJsIjoiaHR0cHM6Ly9XQUJJLVVTLUdPVi1JT1dBLXJlZGlyZWN0LmFuYWx5c2lzLnVzZ292Y2xvdWRhcGkubmV0IiwiZW1iZWRGZWF0dXJlcyI6eyJ1c2FnZU1ldHJpY3NWTmV4dCI6dHJ1ZX19","8eeb117d-a665-4fb8-a646-d26ff0708a93",,"True","Rabies Historical","21a29dc3-e135-4982-bc4b-82850cb26dfa","0626e185-b817-4708-9077-adbf093d912c","https://app.powerbigov.us/groups/0626e185-b817-4708-9077-adbf093d912c/reports/8eeb117d-a665-4fb8-a646-d26ff0708a93","True","PowerBIReport","PBIRLegacy","System.Object[]","System.Object[]","0626e185-b817-4708-9077-adbf093d912c","DOH-Medical Services Section","Rabies Historical"
"https://app.powerbigov.us/reportEmbed?reportId=5828291d-9cc4-420a-aac8-c31a9e466a03&groupId=0626e185-b817-4708-9077-adbf093d912c&w=2&config=eyJjbHVzdGVyVXJsIjoiaHR0cHM6Ly9XQUJJLVVTLUdPVi1JT1dBLXJlZGlyZWN0LmFuYWx5c2lzLnVzZ292Y2xvdWRhcGkubmV0IiwiZW1iZWRGZWF0dXJlcyI6eyJ1c2FnZU1ldHJpY3NWTmV4dCI6dHJ1ZX19","5828291d-9cc4-420a-aac8-c31a9e466a03",,"True","Infant","483c8d18-956b-4295-b132-2fb8323bfe3b","0626e185-b817-4708-9077-adbf093d912c","https://app.powerbigov.us/groups/0626e185-b817-4708-9077-adbf093d912c/reports/5828291d-9cc4-420a-aac8-c31a9e466a03","True","PowerBIReport","PBIRLegacy","System.Object[]","System.Object[]","0626e185-b817-4708-9077-adbf093d912c","DOH-Medical Services Section","Infant"
"https://app.powerbigov.us/reportEmbed?reportId=70d51aa9-bc5b-4eb2-971d-015656174971&groupId=0626e185-b817-4708-9077-adbf093d912c&w=2&config=eyJjbHVzdGVyVXJsIjoiaHR0cHM6Ly9XQUJJLVVTLUdPVi1JT1dBLXJlZGlyZWN0LmFuYWx5c2lzLnVzZ292Y2xvdWRhcGkubmV0IiwiZW1iZWRGZWF0dXJlcyI6eyJ1c2FnZU1ldHJpY3NWTmV4dCI6dHJ1ZX19","70d51aa9-bc5b-4eb2-971d-015656174971",,"True","Influenza","5cdd6e5b-c2d2-4550-bb43-ecaaef334653","0626e185-b817-4708-9077-adbf093d912c","https://app.powerbigov.us/groups/0626e185-b817-4708-9077-adbf093d912c/reports/70d51aa9-bc5b-4eb2-971d-015656174971","True","PowerBIReport","PBIRLegacy","System.Object[]","System.Object[]","0626e185-b817-4708-9077-adbf093d912c","DOH-Medical Services Section","Influenza"
"https://app.powerbigov.us/reportEmbed?reportId=5a411862-6218-4397-a8b9-1f629b0a24db&groupId=0626e185-b817-4708-9077-adbf093d912c&w=2&config=eyJjbHVzdGVyVXJsIjoiaHR0cHM6Ly9XQUJJLVVTLUdPVi1JT1dBLXJlZGlyZWN0LmFuYWx5c2lzLnVzZ292Y2xvdWRhcGkubmV0IiwiZW1iZWRGZWF0dXJlcyI6eyJ1c2FnZU1ldHJpY3NWTmV4dCI6dHJ1ZX19","5a411862-6218-4397-a8b9-1f629b0a24db",,"True","Adult","dace1871-db8e-4003-8b14-37e3f1d33a9b","0626e185-b817-4708-9077-adbf093d912c","https://app.powerbigov.us/groups/0626e185-b817-4708-9077-adbf093d912c/reports/5a411862-6218-4397-a8b9-1f629b0a24db","True","PowerBIReport","PBIRLegacy","System.Object[]","System.Object[]","0626e185-b817-4708-9077-adbf093d912c","DOH-Medical Services Section","Adult"
"https://app.powerbigov.us/reportEmbed?reportId=8b258f43-8000-40d8-bbc2-bb4a08112b0a&groupId=0626e185-b817-4708-9077-adbf093d912c&w=2&config=eyJjbHVzdGVyVXJsIjoiaHR0cHM6Ly9XQUJJLVVTLUdPVi1JT1dBLXJlZGlyZWN0LmFuYWx5c2lzLnVzZ292Y2xvdWRhcGkubmV0IiwiZW1iZWRGZWF0dXJlcyI6eyJ1c2FnZU1ldHJpY3NWTmV4dCI6dHJ1ZX19","8b258f43-8000-40d8-bbc2-bb4a08112b0a",,"True","Adolescent","2c8c55f3-e6d7-4a3d-b80b-f60cedc12d50","0626e185-b817-4708-9077-adbf093d912c","https://app.powerbigov.us/groups/0626e185-b817-4708-9077-adbf093d912c/reports/8b258f43-8000-40d8-bbc2-bb4a08112b0a","True","PowerBIReport","PBIRLegacy","System.Object[]","System.Object[]","0626e185-b817-4708-9077-adbf093d912c","DOH-Medical Services Section","Adolescent"
"https://app.powerbigov.us/reportEmbed?reportId=f694f77d-c671-44f4-abf7-3312f578c3f5&groupId=0626e185-b817-4708-9077-adbf093d912c&w=2&config=eyJjbHVzdGVyVXJsIjoiaHR0cHM6Ly9XQUJJLVVTLUdPVi1JT1dBLXJlZGlyZWN0LmFuYWx5c2lzLnVzZ292Y2xvdWRhcGkubmV0IiwiZW1iZWRGZWF0dXJlcyI6eyJ1c2FnZU1ldHJpY3NWTmV4dCI6dHJ1ZX19","f694f77d-c671-44f4-abf7-3312f578c3f5",,"True","Corona_All_Tests","971fb32c-fe2d-4458-8f1e-7ab7a24a785b","0626e185-b817-4708-9077-adbf093d912c","https://app.powerbigov.us/groups/0626e185-b817-4708-9077-adbf093d912c/reports/f694f77d-c671-44f4-abf7-3312f578c3f5","True","PowerBIReport","PBIRLegacy","System.Object[]","System.Object[]","0626e185-b817-4708-9077-adbf093d912c","DOH-Medical Services Section","Corona_All_Tests"
"https://app.powerbigov.us/reportEmbed?reportId=cba0f604-5f42-441b-b768-d97bf0c87343&groupId=0626e185-b817-4708-9077-adbf093d912c&w=2&config=eyJjbHVzdGVyVXJsIjoiaHR0cHM6Ly9XQUJJLVVTLUdPVi1JT1dBLXJlZGlyZWN0LmFuYWx5c2lzLnVzZ292Y2xvdWRhcGkubmV0IiwiZW1iZWRGZWF0dXJlcyI6eyJ1c2FnZU1ldHJpY3NWTmV4dCI6dHJ1ZX19","cba0f604-5f42-441b-b768-d97bf0c87343",,"True","WNV_Data_Human","3ed688fc-b91d-406a-8664-d6acc96d8209","0626e185-b817-4708-9077-adbf093d912c","https://app.powerbigov.us/groups/0626e185-b817-4708-9077-adbf093d912c/reports/cba0f604-5f42-441b-b768-d97bf0c87343","True","PowerBIReport","PBIRLegacy","System.Object[]","System.Object[]","0626e185-b817-4708-9077-adbf093d912c","DOH-Medical Services Section","WNV_Data_Human"
"https://app.powerbigov.us/reportEmbed?reportId=06333b8b-69ee-40a7-b4dd-0ce998250956&groupId=0626e185-b817-4708-9077-adbf093d912c&w=2&config=eyJjbHVzdGVyVXJsIjoiaHR0cHM6Ly9XQUJJLVVTLUdPVi1JT1dBLXJlZGlyZWN0LmFuYWx5c2lzLnVzZ292Y2xvdWRhcGkubmV0IiwiZW1iZWRGZWF0dXJlcyI6eyJ1c2FnZU1ldHJpY3NWTmV4dCI6dHJ1ZX19","06333b8b-69ee-40a7-b4dd-0ce998250956",,"True","WNV_Animal","6a9fe8ac-0466-43ee-8d34-62245cf94072","0626e185-b817-4708-9077-adbf093d912c","https://app.powerbigov.us/groups/0626e185-b817-4708-9077-adbf093d912c/reports/06333b8b-69ee-40a7-b4dd-0ce998250956","True","PowerBIReport","PBIRLegacy","System.Object[]","System.Object[]","0626e185-b817-4708-9077-adbf093d912c","DOH-Medical Services Section","WNV_Animal"
"https://app.powerbigov.us/reportEmbed?reportId=e1177254-8470-47f0-a326-9057454ea3ed&groupId=0626e185-b817-4708-9077-adbf093d912c&w=2&config=eyJjbHVzdGVyVXJsIjoiaHR0cHM6Ly9XQUJJLVVTLUdPVi1JT1dBLXJlZGlyZWN0LmFuYWx5c2lzLnVzZ292Y2xvdWRhcGkubmV0IiwiZW1iZWRGZWF0dXJlcyI6eyJ1c2FnZU1ldHJpY3NWTmV4dCI6dHJ1ZX19","e1177254-8470-47f0-a326-9057454ea3ed",,"False","Report Usage Metrics Report","640ed71a-84de-443a-8500-4c7ee878a8d1","0626e185-b817-4708-9077-adbf093d912c","https://app.powerbigov.us/groups/0626e185-b817-4708-9077-adbf093d912c/reports/e1177254-8470-47f0-a326-9057454ea3ed","True","PowerBIReport","PBIRLegacy","System.Object[]","System.Object[]","0626e185-b817-4708-9077-adbf093d912c","DOH-Medical Services Section","Report Usage Metrics Model"
"https://app.powerbigov.us/reportEmbed?reportId=611ae25c-9c5d-469d-a206-5c3ccf7b1bb3&groupId=0626e185-b817-4708-9077-adbf093d912c&w=2&config=eyJjbHVzdGVyVXJsIjoiaHR0cHM6Ly9XQUJJLVVTLUdPVi1JT1dBLXJlZGlyZWN0LmFuYWx5c2lzLnVzZ292Y2xvdWRhcGkubmV0IiwiZW1iZWRGZWF0dXJlcyI6eyJ1c2FnZU1ldHJpY3NWTmV4dCI6dHJ1ZX19","611ae25c-9c5d-469d-a206-5c3ccf7b1bb3",,"True","Tick Surveillance","2ab57dbd-f0d7-4a6d-aa53-e51fd208650b","0626e185-b817-4708-9077-adbf093d912c","https://app.powerbigov.us/groups/0626e185-b817-4708-9077-adbf093d912c/reports/611ae25c-9c5d-469d-a206-5c3ccf7b1bb3","True","PowerBIReport","PBIRLegacy","System.Object[]","System.Object[]","0626e185-b817-4708-9077-adbf093d912c","DOH-Medical Services Section","Tick Surveillance"
"https://app.powerbigov.us/reportEmbed?reportId=577c975b-74b3-4901-bbe4-f7fc5b2ae7e7&groupId=0626e185-b817-4708-9077-adbf093d912c&w=2&config=eyJjbHVzdGVyVXJsIjoiaHR0cHM6Ly9XQUJJLVVTLUdPVi1JT1dBLXJlZGlyZWN0LmFuYWx5c2lzLnVzZ292Y2xvdWRhcGkubmV0IiwiZW1iZWRGZWF0dXJlcyI6eyJ1c2FnZU1ldHJpY3NWTmV4dCI6dHJ1ZX19","577c975b-74b3-4901-bbe4-f7fc5b2ae7e7",,"True","BreakthroughDashboard","3883835f-2f95-4414-9752-45a985467c68","0626e185-b817-4708-9077-adbf093d912c","https://app.powerbigov.us/groups/0626e185-b817-4708-9077-adbf093d912c/reports/577c975b-74b3-4901-bbe4-f7fc5b2ae7e7","True","PowerBIReport","PBIRLegacy","System.Object[]","System.Object[]","0626e185-b817-4708-9077-adbf093d912c","DOH-Medical Services Section","BreakthroughDashboard"
"https://app.powerbigov.us/reportEmbed?reportId=ab13dbae-0dc7-4591-892a-154d5055852c&groupId=0626e185-b817-4708-9077-adbf093d912c&w=2&config=eyJjbHVzdGVyVXJsIjoiaHR0cHM6Ly9XQUJJLVVTLUdPVi1JT1dBLXJlZGlyZWN0LmFuYWx5c2lzLnVzZ292Y2xvdWRhcGkubmV0IiwiZW1iZWRGZWF0dXJlcyI6eyJ1c2FnZU1ldHJpY3NWTmV4dCI6dHJ1ZX19","ab13dbae-0dc7-4591-892a-154d5055852c",,"True","Usage Metrics Report","a8ebfab5-f715-4a45-b3c9-4fe086a428e9","0626e185-b817-4708-9077-adbf093d912c","https://app.powerbigov.us/groups/0626e185-b817-4708-9077-adbf093d912c/reports/ab13dbae-0dc7-4591-892a-154d5055852c","True","PowerBIReport","PBIRLegacy","System.Object[]","System.Object[]","0626e185-b817-4708-9077-adbf093d912c","DOH-Medical Services Section","Usage Metrics Report"
"https://app.powerbigov.us/reportEmbed?reportId=97ffa25c-6610-4f70-b8d2-91078165fb56&groupId=0626e185-b817-4708-9077-adbf093d912c&w=2&config=eyJjbHVzdGVyVXJsIjoiaHR0cHM6Ly9XQUJJLVVTLUdPVi1JT1dBLXJlZGlyZWN0LmFuYWx5c2lzLnVzZ292Y2xvdWRhcGkubmV0IiwiZW1iZWRGZWF0dXJlcyI6eyJ1c2FnZU1ldHJpY3NWTmV4dCI6dHJ1ZX19","97ffa25c-6610-4f70-b8d2-91078165fb56",,"True","CountyAgThresholdDash","da9ebc5c-9284-41dd-88ca-9253179cfd4e","0626e185-b817-4708-9077-adbf093d912c","https://app.powerbigov.us/groups/0626e185-b817-4708-9077-adbf093d912c/reports/97ffa25c-6610-4f70-b8d2-91078165fb56","True","PowerBIReport","PBIRLegacy","System.Object[]","System.Object[]","0626e185-b817-4708-9077-adbf093d912c","DOH-Medical Services Section","CountyAgThresholdDash"
"https://app.powerbigov.us/reportEmbed?reportId=c52ea728-3885-4298-9afe-07ca85c4b8e7&groupId=0626e185-b817-4708-9077-adbf093d912c&w=2&config=eyJjbHVzdGVyVXJsIjoiaHR0cHM6Ly9XQUJJLVVTLUdPVi1JT1dBLXJlZGlyZWN0LmFuYWx5c2lzLnVzZ292Y2xvdWRhcGkubmV0IiwiZW1iZWRGZWF0dXJlcyI6eyJ1c2FnZU1ldHJpY3NWTmV4dCI6dHJ1ZX19","c52ea728-3885-4298-9afe-07ca85c4b8e7",,"True","COVID-19 CongregateSettingDash","fe42c6ba-93e6-44d3-a200-b1967357bc1f","0626e185-b817-4708-9077-adbf093d912c","https://app.powerbigov.us/groups/0626e185-b817-4708-9077-adbf093d912c/reports/c52ea728-3885-4298-9afe-07ca85c4b8e7","True","PowerBIReport","PBIRLegacy","System.Object[]","System.Object[]","0626e185-b817-4708-9077-adbf093d912c","DOH-Medical Services Section","COVID-19 CongregateSettingDash"
"https://app.powerbigov.us/reportEmbed?reportId=9bc0aa45-316f-46d8-bf20-e3106517005d&groupId=0626e185-b817-4708-9077-adbf093d912c&w=2&config=eyJjbHVzdGVyVXJsIjoiaHR0cHM6Ly9XQUJJLVVTLUdPVi1JT1dBLXJlZGlyZWN0LmFuYWx5c2lzLnVzZ292Y2xvdWRhcGkubmV0IiwiZW1iZWRGZWF0dXJlcyI6eyJ1c2FnZU1ldHJpY3NWTmV4dCI6dHJ1ZX19","9bc0aa45-316f-46d8-bf20-e3106517005d",,"True","COVID-19 Residence and Workplace Dash","3525a8bc-668d-4ecf-a062-c967127e98b3","0626e185-b817-4708-9077-adbf093d912c","https://app.powerbigov.us/groups/0626e185-b817-4708-9077-adbf093d912c/reports/9bc0aa45-316f-46d8-bf20-e3106517005d","True","PowerBIReport","PBIRLegacy","System.Object[]","System.Object[]","0626e185-b817-4708-9077-adbf093d912c","DOH-Medical Services Section","COVID-19 Residence and Workplace Dash"
"https://app.powerbigov.us/reportEmbed?reportId=59801ff2-727a-4c33-bb99-ea4fee4ce493&groupId=0626e185-b817-4708-9077-adbf093d912c&w=2&config=eyJjbHVzdGVyVXJsIjoiaHR0cHM6Ly9XQUJJLVVTLUdPVi1JT1dBLXJlZGlyZWN0LmFuYWx5c2lzLnVzZ292Y2xvdWRhcGkubmV0IiwiZW1iZWRGZWF0dXJlcyI6eyJ1c2FnZU1ldHJpY3NWTmV4dCI6dHJ1ZX19","59801ff2-727a-4c33-bb99-ea4fee4ce493",,"True","MPXV_External_Dashboard_Auto","36368c0a-fddf-4ec9-8bca-92076fd5935b","0626e185-b817-4708-9077-adbf093d912c","https://app.powerbigov.us/groups/0626e185-b817-4708-9077-adbf093d912c/reports/59801ff2-727a-4c33-bb99-ea4fee4ce493","True","PowerBIReport","PBIRLegacy","System.Object[]","System.Object[]","0626e185-b817-4708-9077-adbf093d912c","DOH-Medical Services Section","MPXV_External_Dashboard_Auto"
"https://app.powerbigov.us/reportEmbed?reportId=c926fd16-e8af-4c88-b337-a45e250445db&groupId=0626e185-b817-4708-9077-adbf093d912c&w=2&config=eyJjbHVzdGVyVXJsIjoiaHR0cHM6Ly9XQUJJLVVTLUdPVi1JT1dBLXJlZGlyZWN0LmFuYWx5c2lzLnVzZ292Y2xvdWRhcGkubmV0IiwiZW1iZWRGZWF0dXJlcyI6eyJ1c2FnZU1ldHJpY3NWTmV4dCI6dHJ1ZX19","c926fd16-e8af-4c88-b337-a45e250445db",,"True","MSS_Data_Report_DD","be7d7762-8f06-4cc0-9ff0-54e4e531a07a","0626e185-b817-4708-9077-adbf093d912c","https://app.powerbigov.us/groups/0626e185-b817-4708-9077-adbf093d912c/reports/c926fd16-e8af-4c88-b337-a45e250445db","True","PowerBIReport","PBIRLegacy","System.Object[]","System.Object[]","0626e185-b817-4708-9077-adbf093d912c","DOH-Medical Services Section","MSS_Data_Report_DD"
"https://app.powerbigov.us/reportEmbed?reportId=ea26f2c3-2aff-4d15-968a-649d8c189d07&groupId=0626e185-b817-4708-9077-adbf093d912c&w=2&config=eyJjbHVzdGVyVXJsIjoiaHR0cHM6Ly9XQUJJLVVTLUdPVi1JT1dBLXJlZGlyZWN0LmFuYWx5c2lzLnVzZ292Y2xvdWRhcGkubmV0IiwiZW1iZWRGZWF0dXJlcyI6eyJ1c2FnZU1ldHJpY3NWTmV4dCI6dHJ1ZX19","ea26f2c3-2aff-4d15-968a-649d8c189d07",,"True","Influenza_Weekly_Report","422ac87e-5a4e-4b04-8fc5-ad7f379519fa","0626e185-b817-4708-9077-adbf093d912c","https://app.powerbigov.us/groups/0626e185-b817-4708-9077-adbf093d912c/reports/ea26f2c3-2aff-4d15-968a-649d8c189d07","True","PowerBIReport","PBIRLegacy","System.Object[]","System.Object[]","0626e185-b817-4708-9077-adbf093d912c","DOH-Medical Services Section","Influenza_Weekly_Report"
"https://app.powerbigov.us/reportEmbed?reportId=7ed6ecfc-3ae7-4d53-a685-9c1982e13cfe&groupId=0626e185-b817-4708-9077-adbf093d912c&w=2&config=eyJjbHVzdGVyVXJsIjoiaHR0cHM6Ly9XQUJJLVVTLUdPVi1JT1dBLXJlZGlyZWN0LmFuYWx5c2lzLnVzZ292Y2xvdWRhcGkubmV0IiwiZW1iZWRGZWF0dXJlcyI6eyJ1c2FnZU1ldHJpY3NWTmV4dCI6dHJ1ZX19","7ed6ecfc-3ae7-4d53-a685-9c1982e13cfe",,"True","DC_Internal_Dashboard","56968f58-f7b1-43ed-8c7e-01c7dcfaefc1","0626e185-b817-4708-9077-adbf093d912c","https://app.powerbigov.us/groups/0626e185-b817-4708-9077-adbf093d912c/reports/7ed6ecfc-3ae7-4d53-a685-9c1982e13cfe","True","PowerBIReport","PBIRLegacy","System.Object[]","System.Object[]","0626e185-b817-4708-9077-adbf093d912c","DOH-Medical Services Section","DC_Internal_Dashboard"
"https://app.powerbigov.us/reportEmbed?reportId=fcf3fb38-1777-4f6e-8012-c334188916a0&groupId=0626e185-b817-4708-9077-adbf093d912c&w=2&config=eyJjbHVzdGVyVXJsIjoiaHR0cHM6Ly9XQUJJLVVTLUdPVi1JT1dBLXJlZGlyZWN0LmFuYWx5c2lzLnVzZ292Y2xvdWRhcGkubmV0IiwiZW1iZWRGZWF0dXJlcyI6eyJ1c2FnZU1ldHJpY3NWTmV4dCI6dHJ1ZX19","fcf3fb38-1777-4f6e-8012-c334188916a0",,"True","NDIIS Interoperability","eaea7eec-23e2-4e4e-a2a8-e41d1d15011b","0626e185-b817-4708-9077-adbf093d912c","https://app.powerbigov.us/groups/0626e185-b817-4708-9077-adbf093d912c/reports/fcf3fb38-1777-4f6e-8012-c334188916a0","True","PowerBIReport","PBIRLegacy","System.Object[]","System.Object[]","0626e185-b817-4708-9077-adbf093d912c","DOH-Medical Services Section","NDIIS Interoperability"
"https://app.powerbigov.us/reportEmbed?reportId=6c9b0144-f74f-43f6-b957-2fa5b638b5cd&groupId=0626e185-b817-4708-9077-adbf093d912c&w=2&config=eyJjbHVzdGVyVXJsIjoiaHR0cHM6Ly9XQUJJLVVTLUdPVi1JT1dBLXJlZGlyZWN0LmFuYWx5c2lzLnVzZ292Y2xvdWRhcGkubmV0IiwiZW1iZWRGZWF0dXJlcyI6eyJ1c2FnZU1ldHJpY3NWTmV4dCI6dHJ1ZX19","6c9b0144-f74f-43f6-b957-2fa5b638b5cd",,"True","HBIG dashboard","706d88f7-6ed7-4b32-afe9-e68923a985c7","0626e185-b817-4708-9077-adbf093d912c","https://app.powerbigov.us/groups/0626e185-b817-4708-9077-adbf093d912c/reports/6c9b0144-f74f-43f6-b957-2fa5b638b5cd","True","PowerBIReport","PBIRLegacy","System.Object[]","System.Object[]","0626e185-b817-4708-9077-adbf093d912c","DOH-Medical Services Section","HBIG dashboard"
"https://app.powerbigov.us/reportEmbed?reportId=3cd96192-ba5b-4cba-9f83-2cad8cc2d474&groupId=0626e185-b817-4708-9077-adbf093d912c&w=2&config=eyJjbHVzdGVyVXJsIjoiaHR0cHM6Ly9XQUJJLVVTLUdPVi1JT1dBLXJlZGlyZWN0LmFuYWx5c2lzLnVzZ292Y2xvdWRhcGkubmV0IiwiZW1iZWRGZWF0dXJlcyI6eyJ1c2FnZU1ldHJpY3NWTmV4dCI6dHJ1ZX19","3cd96192-ba5b-4cba-9f83-2cad8cc2d474",,"True","MavenUsers","ef38eff2-877d-4a34-ac86-c39ea1660c35","0626e185-b817-4708-9077-adbf093d912c","https://app.powerbigov.us/groups/0626e185-b817-4708-9077-adbf093d912c/reports/3cd96192-ba5b-4cba-9f83-2cad8cc2d474","True","PowerBIReport","PBIRLegacy","System.Object[]","System.Object[]","0626e185-b817-4708-9077-adbf093d912c","DOH-Medical Services Section","MavenUsers"
"https://app.powerbigov.us/reportEmbed?reportId=81227398-dcc8-4d56-84bb-dcb53f4ab637&groupId=0626e185-b817-4708-9077-adbf093d912c&w=2&config=eyJjbHVzdGVyVXJsIjoiaHR0cHM6Ly9XQUJJLVVTLUdPVi1JT1dBLXJlZGlyZWN0LmFuYWx5c2lzLnVzZ292Y2xvdWRhcGkubmV0IiwiZW1iZWRGZWF0dXJlcyI6eyJ1c2FnZU1ldHJpY3NWTmV4dCI6dHJ1ZX19","81227398-dcc8-4d56-84bb-dcb53f4ab637",,"True","Immunization Honor Roll","972eef46-a809-4b50-b135-388be8418bc3","0626e185-b817-4708-9077-adbf093d912c","https://app.powerbigov.us/groups/0626e185-b817-4708-9077-adbf093d912c/reports/81227398-dcc8-4d56-84bb-dcb53f4ab637","True","PowerBIReport","PBIRLegacy","System.Object[]","System.Object[]","0626e185-b817-4708-9077-adbf093d912c","DOH-Medical Services Section","Immunization Honor Roll"
"https://app.powerbigov.us/reportEmbed?reportId=59c798a0-1c6c-4ca0-ae49-0a1ea2ceee15&groupId=0626e185-b817-4708-9077-adbf093d912c&w=2&config=eyJjbHVzdGVyVXJsIjoiaHR0cHM6Ly9XQUJJLVVTLUdPVi1JT1dBLXJlZGlyZWN0LmFuYWx5c2lzLnVzZ292Y2xvdWRhcGkubmV0IiwiZW1iZWRGZWF0dXJlcyI6eyJ1c2FnZU1ldHJpY3NWTmV4dCI6dHJ1ZX19","59c798a0-1c6c-4ca0-ae49-0a1ea2ceee15",,"True","Immunization - NDIIS DQ Dashboard","e3049edf-2965-4588-a8c2-b1d133869ec7","0626e185-b817-4708-9077-adbf093d912c","https://app.powerbigov.us/groups/0626e185-b817-4708-9077-adbf093d912c/reports/59c798a0-1c6c-4ca0-ae49-0a1ea2ceee15","True","PowerBIReport","PBIRLegacy","System.Object[]","System.Object[]","0626e185-b817-4708-9077-adbf093d912c","DOH-Medical Services Section","Immunization - NDIIS DQ Dashboard"
"https://app.powerbigov.us/reportEmbed?reportId=3c9a938d-150d-49d4-9fad-d66ae6400c23&groupId=0626e185-b817-4708-9077-adbf093d912c&w=2&config=eyJjbHVzdGVyVXJsIjoiaHR0cHM6Ly9XQUJJLVVTLUdPVi1JT1dBLXJlZGlyZWN0LmFuYWx5c2lzLnVzZ292Y2xvdWRhcGkubmV0IiwiZW1iZWRGZWF0dXJlcyI6eyJ1c2FnZU1ldHJpY3NWTmV4dCI6dHJ1ZX19","3c9a938d-150d-49d4-9fad-d66ae6400c23",,"True","COVID-19 CongregateSettingDQ Dash","993d73bb-4bc7-442f-9b2f-80bc3b4d8003","0626e185-b817-4708-9077-adbf093d912c","https://app.powerbigov.us/groups/0626e185-b817-4708-9077-adbf093d912c/reports/3c9a938d-150d-49d4-9fad-d66ae6400c23","True","PowerBIReport","PBIRLegacy","System.Object[]","System.Object[]","0626e185-b817-4708-9077-adbf093d912c","DOH-Medical Services Section","COVID-19 CongregateSettingDQ Dash"
"https://app.powerbigov.us/reportEmbed?reportId=655b7b9d-aee5-4990-ae0b-8f7b28f839b4&groupId=0626e185-b817-4708-9077-adbf093d912c&w=2&config=eyJjbHVzdGVyVXJsIjoiaHR0cHM6Ly9XQUJJLVVTLUdPVi1JT1dBLXJlZGlyZWN0LmFuYWx5c2lzLnVzZ292Y2xvdWRhcGkubmV0IiwiZW1iZWRGZWF0dXJlcyI6eyJ1c2FnZU1ldHJpY3NWTmV4dCI6dHJ1ZX19","655b7b9d-aee5-4990-ae0b-8f7b28f839b4",,"True","Pertussis","91370b8d-8fcf-472c-b44b-1a101bc82810","0626e185-b817-4708-9077-adbf093d912c","https://app.powerbigov.us/groups/0626e185-b817-4708-9077-adbf093d912c/reports/655b7b9d-aee5-4990-ae0b-8f7b28f839b4","True","PowerBIReport","PBIRLegacy","System.Object[]","System.Object[]","0626e185-b817-4708-9077-adbf093d912c","DOH-Medical Services Section","Pertussis"
"https://app.powerbigov.us/reportEmbed?reportId=a28b5912-c1a5-4d1a-bbdb-6c3a5b47a17e&groupId=0626e185-b817-4708-9077-adbf093d912c&w=2&config=eyJjbHVzdGVyVXJsIjoiaHR0cHM6Ly9XQUJJLVVTLUdPVi1JT1dBLXJlZGlyZWN0LmFuYWx5c2lzLnVzZ292Y2xvdWRhcGkubmV0IiwiZW1iZWRGZWF0dXJlcyI6eyJ1c2FnZU1ldHJpY3NWTmV4dCI6dHJ1ZX19","a28b5912-c1a5-4d1a-bbdb-6c3a5b47a17e",,"True","MMR rates by zip code","2367212b-1631-4544-8961-480fe3196aaa","0626e185-b817-4708-9077-adbf093d912c","https://app.powerbigov.us/groups/0626e185-b817-4708-9077-adbf093d912c/reports/a28b5912-c1a5-4d1a-bbdb-6c3a5b47a17e","True","PowerBIReport","PBIRLegacy","System.Object[]","System.Object[]","0626e185-b817-4708-9077-adbf093d912c","DOH-Medical Services Section","MMR rates by zip code"
"https://app.powerbigov.us/reportEmbed?reportId=be72c170-1b55-4d56-a4c9-0b21ffd98829&groupId=0626e185-b817-4708-9077-adbf093d912c&w=2&config=eyJjbHVzdGVyVXJsIjoiaHR0cHM6Ly9XQUJJLVVTLUdPVi1JT1dBLXJlZGlyZWN0LmFuYWx5c2lzLnVzZ292Y2xvdWRhcGkubmV0IiwiZW1iZWRGZWF0dXJlcyI6eyJ1c2FnZU1ldHJpY3NWTmV4dCI6dHJ1ZX19","be72c170-1b55-4d56-a4c9-0b21ffd98829",,"True","GenV2_Comparison_4","6712e43f-7ac0-460b-a279-c045b233e0ad","0626e185-b817-4708-9077-adbf093d912c","https://app.powerbigov.us/groups/0626e185-b817-4708-9077-adbf093d912c/reports/be72c170-1b55-4d56-a4c9-0b21ffd98829","True","PowerBIReport","PBIRLegacy","System.Object[]","System.Object[]","0626e185-b817-4708-9077-adbf093d912c","DOH-Medical Services Section","GenV2_Comparison_4"
"https://app.powerbigov.us/reportEmbed?reportId=dbfe4718-4708-4726-9ab9-b10551b03123&groupId=0626e185-b817-4708-9077-adbf093d912c&w=2&config=eyJjbHVzdGVyVXJsIjoiaHR0cHM6Ly9XQUJJLVVTLUdPVi1JT1dBLXJlZGlyZWN0LmFuYWx5c2lzLnVzZ292Y2xvdWRhcGkubmV0IiwiZW1iZWRGZWF0dXJlcyI6eyJ1c2FnZU1ldHJpY3NWTmV4dCI6dHJ1ZX19","dbfe4718-4708-4726-9ab9-b10551b03123",,"True","Field Epis","48e24474-e8c0-4790-b1db-52e1f23c6b5a","0626e185-b817-4708-9077-adbf093d912c","https://app.powerbigov.us/groups/0626e185-b817-4708-9077-adbf093d912c/reports/dbfe4718-4708-4726-9ab9-b10551b03123","True","PowerBIReport","PBIRLegacy","System.Object[]","System.Object[]","0626e185-b817-4708-9077-adbf093d912c","DOH-Medical Services Section","Field Epis"
"https://app.powerbigov.us/reportEmbed?reportId=19116ec0-6e6a-4f0b-ab02-50d019585c5f&groupId=0626e185-b817-4708-9077-adbf093d912c&w=2&config=eyJjbHVzdGVyVXJsIjoiaHR0cHM6Ly9XQUJJLVVTLUdPVi1JT1dBLXJlZGlyZWN0LmFuYWx5c2lzLnVzZ292Y2xvdWRhcGkubmV0IiwiZW1iZWRGZWF0dXJlcyI6eyJ1c2FnZU1ldHJpY3NWTmV4dCI6dHJ1ZX19","19116ec0-6e6a-4f0b-ab02-50d019585c5f",,"True","eCR DQ Dashboard 2","5a00bfba-7d50-47c3-8551-6fa50d77c037","0626e185-b817-4708-9077-adbf093d912c","https://app.powerbigov.us/groups/0626e185-b817-4708-9077-adbf093d912c/reports/19116ec0-6e6a-4f0b-ab02-50d019585c5f","True","PowerBIReport","PBIRLegacy","System.Object[]","System.Object[]","0626e185-b817-4708-9077-adbf093d912c","DOH-Medical Services Section","eCR DQ Dashboard 2"
"https://app.powerbigov.us/reportEmbed?reportId=123a456e-8b09-4c05-bb9d-9b27032f2843&groupId=0626e185-b817-4708-9077-adbf093d912c&w=2&config=eyJjbHVzdGVyVXJsIjoiaHR0cHM6Ly9XQUJJLVVTLUdPVi1JT1dBLXJlZGlyZWN0LmFuYWx5c2lzLnVzZ292Y2xvdWRhcGkubmV0IiwiZW1iZWRGZWF0dXJlcyI6eyJ1c2FnZU1ldHJpY3NWTmV4dCI6dHJ1ZX19","123a456e-8b09-4c05-bb9d-9b27032f2843",,"True","ND all vaccine locator","cdc22923-a0f3-449d-a732-85d2165b0cae","0626e185-b817-4708-9077-adbf093d912c","https://app.powerbigov.us/groups/0626e185-b817-4708-9077-adbf093d912c/reports/123a456e-8b09-4c05-bb9d-9b27032f2843","True","PowerBIReport","PBIRLegacy","System.Object[]","System.Object[]","0626e185-b817-4708-9077-adbf093d912c","DOH-Medical Services Section","ND all vaccine locator"
"https://app.powerbigov.us/reportEmbed?reportId=172a9998-1395-434d-9fd4-b650fa628ee8&groupId=0626e185-b817-4708-9077-adbf093d912c&w=2&config=eyJjbHVzdGVyVXJsIjoiaHR0cHM6Ly9XQUJJLVVTLUdPVi1JT1dBLXJlZGlyZWN0LmFuYWx5c2lzLnVzZ292Y2xvdWRhcGkubmV0IiwiZW1iZWRGZWF0dXJlcyI6eyJ1c2FnZU1ldHJpY3NWTmV4dCI6dHJ1ZX19","172a9998-1395-434d-9fd4-b650fa628ee8",,"True","Respiratory Vax","f7df70d3-3b94-4da3-b954-40654cd3dd80","0626e185-b817-4708-9077-adbf093d912c","https://app.powerbigov.us/groups/0626e185-b817-4708-9077-adbf093d912c/reports/172a9998-1395-434d-9fd4-b650fa628ee8","True","PowerBIReport","PBIRLegacy","System.Object[]","System.Object[]","0626e185-b817-4708-9077-adbf093d912c","DOH-Medical Services Section","Respiratory Vax"
"https://app.powerbigov.us/reportEmbed?reportId=7b31c8db-8d6c-4624-8569-1b1a5ba771cb&groupId=0626e185-b817-4708-9077-adbf093d912c&w=2&config=eyJjbHVzdGVyVXJsIjoiaHR0cHM6Ly9XQUJJLVVTLUdPVi1JT1dBLXJlZGlyZWN0LmFuYWx5c2lzLnVzZ292Y2xvdWRhcGkubmV0IiwiZW1iZWRGZWF0dXJlcyI6eyJ1c2FnZU1ldHJpY3NWTmV4dCI6dHJ1ZX19","7b31c8db-8d6c-4624-8569-1b1a5ba771cb",,"True","condition numbers per event year","0dadcab0-9c5d-4792-96c8-a35571705e4a","0626e185-b817-4708-9077-adbf093d912c","https://app.powerbigov.us/groups/0626e185-b817-4708-9077-adbf093d912c/reports/7b31c8db-8d6c-4624-8569-1b1a5ba771cb","True","PowerBIReport","PBIRLegacy","System.Object[]","System.Object[]","0626e185-b817-4708-9077-adbf093d912c","DOH-Medical Services Section","condition numbers per event year"
"https://app.powerbigov.us/reportEmbed?reportId=01bebb76-fa26-41b9-9f4c-3266ee605a0f&groupId=0626e185-b817-4708-9077-adbf093d912c&w=2&config=eyJjbHVzdGVyVXJsIjoiaHR0cHM6Ly9XQUJJLVVTLUdPVi1JT1dBLXJlZGlyZWN0LmFuYWx5c2lzLnVzZ292Y2xvdWRhcGkubmV0IiwiZW1iZWRGZWF0dXJlcyI6eyJ1c2FnZU1ldHJpY3NWTmV4dCI6dHJ1ZX19","01bebb76-fa26-41b9-9f4c-3266ee605a0f",,"True","School Immunizations","697695d6-cacc-4d34-922e-b5f95a2fe005","0626e185-b817-4708-9077-adbf093d912c","https://app.powerbigov.us/groups/0626e185-b817-4708-9077-adbf093d912c/reports/01bebb76-fa26-41b9-9f4c-3266ee605a0f","True","PowerBIReport","PBIRLegacy","System.Object[]","System.Object[]","0626e185-b817-4708-9077-adbf093d912c","DOH-Medical Services Section","School Immunizations"
"https://app.powerbigov.us/reportEmbed?reportId=06dcc559-cdfa-4da5-9432-7d7cfe5c4d6f&groupId=0626e185-b817-4708-9077-adbf093d912c&w=2&config=eyJjbHVzdGVyVXJsIjoiaHR0cHM6Ly9XQUJJLVVTLUdPVi1JT1dBLXJlZGlyZWN0LmFuYWx5c2lzLnVzZ292Y2xvdWRhcGkubmV0IiwiZW1iZWRGZWF0dXJlcyI6eyJ1c2FnZU1ldHJpY3NWTmV4dCI6dHJ1ZX19","06dcc559-cdfa-4da5-9432-7d7cfe5c4d6f",,"True","RespiratoryDashboard","d912cf3e-06df-4fc3-a674-524080612697","0626e185-b817-4708-9077-adbf093d912c","https://app.powerbigov.us/groups/0626e185-b817-4708-9077-adbf093d912c/reports/06dcc559-cdfa-4da5-9432-7d7cfe5c4d6f","True","PowerBIReport","PBIRLegacy","System.Object[]","System.Object[]","0626e185-b817-4708-9077-adbf093d912c","DOH-Medical Services Section","RespiratoryDashboard"
"https://app.powerbigov.us/reportEmbed?reportId=59fb95db-afa5-4f8d-9af8-799bffb5d10f&groupId=0626e185-b817-4708-9077-adbf093d912c&w=2&config=eyJjbHVzdGVyVXJsIjoiaHR0cHM6Ly9XQUJJLVVTLUdPVi1JT1dBLXJlZGlyZWN0LmFuYWx5c2lzLnVzZ292Y2xvdWRhcGkubmV0IiwiZW1iZWRGZWF0dXJlcyI6eyJ1c2FnZU1ldHJpY3NWTmV4dCI6dHJ1ZX19","59fb95db-afa5-4f8d-9af8-799bffb5d10f",,"True","RespiratoryDashboardInternal","1858a006-9597-4977-9984-a05063690d6d","0626e185-b817-4708-9077-adbf093d912c","https://app.powerbigov.us/groups/0626e185-b817-4708-9077-adbf093d912c/reports/59fb95db-afa5-4f8d-9af8-799bffb5d10f","True","PowerBIReport","PBIRLegacy","System.Object[]","System.Object[]","0626e185-b817-4708-9077-adbf093d912c","DOH-Medical Services Section","RespiratoryDashboardInternal"
"https://app.powerbigov.us/reportEmbed?reportId=578e8862-dc87-4232-a809-f862c042aecc&groupId=0626e185-b817-4708-9077-adbf093d912c&w=2&config=eyJjbHVzdGVyVXJsIjoiaHR0cHM6Ly9XQUJJLVVTLUdPVi1JT1dBLXJlZGlyZWN0LmFuYWx5c2lzLnVzZ292Y2xvdWRhcGkubmV0IiwiZW1iZWRGZWF0dXJlcyI6eyJ1c2FnZU1ldHJpY3NWTmV4dCI6dHJ1ZX19","578e8862-dc87-4232-a809-f862c042aecc",,"True","GenV2 DQ","c59bbcd2-5ba4-4196-b557-a9e96f99e4a4","0626e185-b817-4708-9077-adbf093d912c","https://app.powerbigov.us/groups/0626e185-b817-4708-9077-adbf093d912c/reports/578e8862-dc87-4232-a809-f862c042aecc","True","PowerBIReport","PBIRLegacy","System.Object[]","System.Object[]","0626e185-b817-4708-9077-adbf093d912c","DOH-Medical Services Section","GenV2 DQ"
"https://app.powerbigov.us/reportEmbed?reportId=0ab1f225-0447-4b7d-879b-d1ad5537b1ca&groupId=0626e185-b817-4708-9077-adbf093d912c&w=2&config=eyJjbHVzdGVyVXJsIjoiaHR0cHM6Ly9XQUJJLVVTLUdPVi1JT1dBLXJlZGlyZWN0LmFuYWx5c2lzLnVzZ292Y2xvdWRhcGkubmV0IiwiZW1iZWRGZWF0dXJlcyI6eyJ1c2FnZU1ldHJpY3NWTmV4dCI6dHJ1ZX19","0ab1f225-0447-4b7d-879b-d1ad5537b1ca",,"True","ELC Milestone Tracking BP1","5064c1dc-7777-41c6-bfc3-172a6e632c7b","0626e185-b817-4708-9077-adbf093d912c","https://app.powerbigov.us/groups/0626e185-b817-4708-9077-adbf093d912c/reports/0ab1f225-0447-4b7d-879b-d1ad5537b1ca","True","PowerBIReport","PBIRLegacy","System.Object[]","System.Object[]","0626e185-b817-4708-9077-adbf093d912c","DOH-Medical Services Section","ELC Milestone Tracking BP1"
"https://app.powerbigov.us/reportEmbed?reportId=ccf783d4-883d-4314-93f9-a4e7569c9b7c&groupId=0626e185-b817-4708-9077-adbf093d912c&w=2&config=eyJjbHVzdGVyVXJsIjoiaHR0cHM6Ly9XQUJJLVVTLUdPVi1JT1dBLXJlZGlyZWN0LmFuYWx5c2lzLnVzZ292Y2xvdWRhcGkubmV0IiwiZW1iZWRGZWF0dXJlcyI6eyJ1c2FnZU1ldHJpY3NWTmV4dCI6dHJ1ZX19","ccf783d4-883d-4314-93f9-a4e7569c9b7c",,"True","Financial Report BP1","4ea24fbb-ecbf-480e-a3bf-5fa8275ddad9","0626e185-b817-4708-9077-adbf093d912c","https://app.powerbigov.us/groups/0626e185-b817-4708-9077-adbf093d912c/reports/ccf783d4-883d-4314-93f9-a4e7569c9b7c","True","PowerBIReport","PBIRLegacy","System.Object[]","System.Object[]","0626e185-b817-4708-9077-adbf093d912c","DOH-Medical Services Section","Financial Report BP1"
"https://app.powerbigov.us/reportEmbed?reportId=0a4a80ba-1618-49c4-859f-d700704d856f&groupId=0626e185-b817-4708-9077-adbf093d912c&w=2&config=eyJjbHVzdGVyVXJsIjoiaHR0cHM6Ly9XQUJJLVVTLUdPVi1JT1dBLXJlZGlyZWN0LmFuYWx5c2lzLnVzZ292Y2xvdWRhcGkubmV0IiwiZW1iZWRGZWF0dXJlcyI6eyJ1c2FnZU1ldHJpY3NWTmV4dCI6dHJ1ZX19","0a4a80ba-1618-49c4-859f-d700704d856f",,"True","HL7 ELR Dashboard","bc3923ea-c551-4ec5-a5a0-994826b0e513","0626e185-b817-4708-9077-adbf093d912c","https://app.powerbigov.us/groups/0626e185-b817-4708-9077-adbf093d912c/reports/0a4a80ba-1618-49c4-859f-d700704d856f","True","PowerBIReport","PBIRLegacy","System.Object[]","System.Object[]","0626e185-b817-4708-9077-adbf093d912c","DOH-Medical Services Section","HL7 ELR Dashboard"
"https://app.powerbigov.us/reportEmbed?reportId=8582f7d3-61d2-4c1e-8c24-c0b0d72adaf0&groupId=0626e185-b817-4708-9077-adbf093d912c&w=2&config=eyJjbHVzdGVyVXJsIjoiaHR0cHM6Ly9XQUJJLVVTLUdPVi1JT1dBLXJlZGlyZWN0LmFuYWx5c2lzLnVzZ292Y2xvdWRhcGkubmV0IiwiZW1iZWRGZWF0dXJlcyI6eyJ1c2FnZU1ldHJpY3NWTmV4dCI6dHJ1ZX19","8582f7d3-61d2-4c1e-8c24-c0b0d72adaf0",,"True","2024-2025 school rates","d0390302-4720-48c5-89e3-d86c6c81ac56","0626e185-b817-4708-9077-adbf093d912c","https://app.powerbigov.us/groups/0626e185-b817-4708-9077-adbf093d912c/reports/8582f7d3-61d2-4c1e-8c24-c0b0d72adaf0","True","PowerBIReport","PBIRLegacy","System.Object[]","System.Object[]","0626e185-b817-4708-9077-adbf093d912c","DOH-Medical Services Section","2024-2025 school rates"
"https://app.powerbigov.us/reportEmbed?reportId=b9be2c9d-1929-4593-bc19-1073048c0817&groupId=0626e185-b817-4708-9077-adbf093d912c&w=2&config=eyJjbHVzdGVyVXJsIjoiaHR0cHM6Ly9XQUJJLVVTLUdPVi1JT1dBLXJlZGlyZWN0LmFuYWx5c2lzLnVzZ292Y2xvdWRhcGkubmV0IiwiZW1iZWRGZWF0dXJlcyI6eyJ1c2FnZU1ldHJpY3NWTmV4dCI6dHJ1ZX19","b9be2c9d-1929-4593-bc19-1073048c0817",,"True","SEIR SIM MMR","1359726b-1058-4418-807b-69106406d936","0626e185-b817-4708-9077-adbf093d912c","https://app.powerbigov.us/groups/0626e185-b817-4708-9077-adbf093d912c/reports/b9be2c9d-1929-4593-bc19-1073048c0817","True","PowerBIReport","PBIRLegacy","System.Object[]","System.Object[]","0626e185-b817-4708-9077-adbf093d912c","DOH-Medical Services Section","SEIR SIM MMR"
"https://app.powerbigov.us/reportEmbed?reportId=686dec4a-e90d-4010-ae2d-90a88dffeea1&groupId=0626e185-b817-4708-9077-adbf093d912c&w=2&config=eyJjbHVzdGVyVXJsIjoiaHR0cHM6Ly9XQUJJLVVTLUdPVi1JT1dBLXJlZGlyZWN0LmFuYWx5c2lzLnVzZ292Y2xvdWRhcGkubmV0IiwiZW1iZWRGZWF0dXJlcyI6eyJ1c2FnZU1ldHJpY3NWTmV4dCI6dHJ1ZX19","686dec4a-e90d-4010-ae2d-90a88dffeea1",,"True","VFC Enrolled Providers Dashboard","de7cdd4f-fc72-4ccc-8036-05d31ff75d58","0626e185-b817-4708-9077-adbf093d912c","https://app.powerbigov.us/groups/0626e185-b817-4708-9077-adbf093d912c/reports/686dec4a-e90d-4010-ae2d-90a88dffeea1","True","PowerBIReport","PBIRLegacy","System.Object[]","System.Object[]","0626e185-b817-4708-9077-adbf093d912c","DOH-Medical Services Section","VFC Enrolled Providers Dashboard"
"https://app.powerbigov.us/reportEmbed?reportId=9efa10af-cf62-4305-ae3f-0566cd7ad097&groupId=0626e185-b817-4708-9077-adbf093d912c&w=2&config=eyJjbHVzdGVyVXJsIjoiaHR0cHM6Ly9XQUJJLVVTLUdPVi1JT1dBLXJlZGlyZWN0LmFuYWx5c2lzLnVzZ292Y2xvdWRhcGkubmV0IiwiZW1iZWRGZWF0dXJlcyI6eyJ1c2FnZU1ldHJpY3NWTmV4dCI6dHJ1ZX19","9efa10af-cf62-4305-ae3f-0566cd7ad097",,"True","Mpox Vaccine Dashboard_PUBLIC","13d89f97-d6b1-4f74-8d06-2396c7e95a2d","0626e185-b817-4708-9077-adbf093d912c","https://app.powerbigov.us/groups/0626e185-b817-4708-9077-adbf093d912c/reports/9efa10af-cf62-4305-ae3f-0566cd7ad097","True","PowerBIReport","PBIRLegacy","System.Object[]","System.Object[]","0626e185-b817-4708-9077-adbf093d912c","DOH-Medical Services Section","Mpox Vaccine Dashboard_PUBLIC"
"https://app.powerbigov.us/reportEmbed?reportId=d0160531-08d8-4124-8a03-cddffda052f9&groupId=0626e185-b817-4708-9077-adbf093d912c&w=2&config=eyJjbHVzdGVyVXJsIjoiaHR0cHM6Ly9XQUJJLVVTLUdPVi1JT1dBLXJlZGlyZWN0LmFuYWx5c2lzLnVzZ292Y2xvdWRhcGkubmV0IiwiZW1iZWRGZWF0dXJlcyI6eyJ1c2FnZU1ldHJpY3NWTmV4dCI6dHJ1ZX19","d0160531-08d8-4124-8a03-cddffda052f9",,"True","MPVX Dashboard","e7106033-75f9-4399-b126-f0afe2e616e8","0626e185-b817-4708-9077-adbf093d912c","https://app.powerbigov.us/groups/0626e185-b817-4708-9077-adbf093d912c/reports/d0160531-08d8-4124-8a03-cddffda052f9","True","PowerBIReport","PBIRLegacy","System.Object[]","System.Object[]","0626e185-b817-4708-9077-adbf093d912c","DOH-Medical Services Section","MPVX Dashboard"
"https://app.powerbigov.us/reportEmbed?reportId=e18281ed-fb0f-4e54-af0f-5e0b36a087a4&groupId=0626e185-b817-4708-9077-adbf093d912c&w=2&config=eyJjbHVzdGVyVXJsIjoiaHR0cHM6Ly9XQUJJLVVTLUdPVi1JT1dBLXJlZGlyZWN0LmFuYWx5c2lzLnVzZ292Y2xvdWRhcGkubmV0IiwiZW1iZWRGZWF0dXJlcyI6eyJ1c2FnZU1ldHJpY3NWTmV4dCI6dHJ1ZX19","e18281ed-fb0f-4e54-af0f-5e0b36a087a4",,"True","HL7 Feed Monitoring","58e89f68-256a-46bc-af95-10387a583fc6","0626e185-b817-4708-9077-adbf093d912c","https://app.powerbigov.us/groups/0626e185-b817-4708-9077-adbf093d912c/reports/e18281ed-fb0f-4e54-af0f-5e0b36a087a4","True","PowerBIReport","PBIRLegacy","System.Object[]","System.Object[]","0626e185-b817-4708-9077-adbf093d912c","DOH-Medical Services Section","HL7 Feed Monitoring"
"https://app.powerbigov.us/reportEmbed?reportId=6bddd784-8bba-49a6-9c8c-a6000d507552&groupId=0626e185-b817-4708-9077-adbf093d912c&w=2&config=eyJjbHVzdGVyVXJsIjoiaHR0cHM6Ly9XQUJJLVVTLUdPVi1JT1dBLXJlZGlyZWN0LmFuYWx5c2lzLnVzZ292Y2xvdWRhcGkubmV0IiwiZW1iZWRGZWF0dXJlcyI6eyJ1c2FnZU1ldHJpY3NWTmV4dCI6dHJ1ZX19","6bddd784-8bba-49a6-9c8c-a6000d507552",,"True","Measles Dashboard_Internal","0f94af59-8462-4424-ac5e-4c744674177f","0626e185-b817-4708-9077-adbf093d912c","https://app.powerbigov.us/groups/0626e185-b817-4708-9077-adbf093d912c/reports/6bddd784-8bba-49a6-9c8c-a6000d507552","True","PowerBIReport","PBIRLegacy","System.Object[]","System.Object[]","0626e185-b817-4708-9077-adbf093d912c","DOH-Medical Services Section","Measles Dashboard_Internal"
"https://app.powerbigov.us/reportEmbed?reportId=81edaf7c-984b-4732-83b8-a1edc90195c7&groupId=0626e185-b817-4708-9077-adbf093d912c&w=2&config=eyJjbHVzdGVyVXJsIjoiaHR0cHM6Ly9XQUJJLVVTLUdPVi1JT1dBLXJlZGlyZWN0LmFuYWx5c2lzLnVzZ292Y2xvdWRhcGkubmV0IiwiZW1iZWRGZWF0dXJlcyI6eyJ1c2FnZU1ldHJpY3NWTmV4dCI6dHJ1ZX19","81edaf7c-984b-4732-83b8-a1edc90195c7",,"True","Measles Dashboard_External","4f807740-d9a6-4ed8-90b1-c1da981c9f5e","0626e185-b817-4708-9077-adbf093d912c","https://app.powerbigov.us/groups/0626e185-b817-4708-9077-adbf093d912c/reports/81edaf7c-984b-4732-83b8-a1edc90195c7","True","PowerBIReport","PBIRLegacy","System.Object[]","System.Object[]","0626e185-b817-4708-9077-adbf093d912c","DOH-Medical Services Section","Measles Dashboard_External"
"https://app.powerbigov.us/reportEmbed?reportId=05bc4ed9-3b33-4c44-a638-1504f403196f&groupId=0626e185-b817-4708-9077-adbf093d912c&w=2&config=eyJjbHVzdGVyVXJsIjoiaHR0cHM6Ly9XQUJJLVVTLUdPVi1JT1dBLXJlZGlyZWN0LmFuYWx5c2lzLnVzZ292Y2xvdWRhcGkubmV0IiwiZW1iZWRGZWF0dXJlcyI6eyJ1c2FnZU1ldHJpY3NWTmV4dCI6dHJ1ZX19","05bc4ed9-3b33-4c44-a638-1504f403196f",,"True","internal MMR vax","8f16d8a5-f914-4312-b363-d897475f5dbf","0626e185-b817-4708-9077-adbf093d912c","https://app.powerbigov.us/groups/0626e185-b817-4708-9077-adbf093d912c/reports/05bc4ed9-3b33-4c44-a638-1504f403196f","True","PowerBIReport","PBIRLegacy","System.Object[]","System.Object[]","0626e185-b817-4708-9077-adbf093d912c","DOH-Medical Services Section","internal MMR vax"
"https://app.powerbigov.us/reportEmbed?reportId=4ce21248-0e4c-4bcf-8228-0eb5ea439fc2&groupId=0626e185-b817-4708-9077-adbf093d912c&w=2&config=eyJjbHVzdGVyVXJsIjoiaHR0cHM6Ly9XQUJJLVVTLUdPVi1JT1dBLXJlZGlyZWN0LmFuYWx5c2lzLnVzZ292Y2xvdWRhcGkubmV0IiwiZW1iZWRGZWF0dXJlcyI6eyJ1c2FnZU1ldHJpY3NWTmV4dCI6dHJ1ZX19","4ce21248-0e4c-4bcf-8228-0eb5ea439fc2",,"True","Variant Dashboard","01103e23-9532-4de9-b18b-92c348cf1254","0626e185-b817-4708-9077-adbf093d912c","https://app.powerbigov.us/groups/0626e185-b817-4708-9077-adbf093d912c/reports/4ce21248-0e4c-4bcf-8228-0eb5ea439fc2","True","PowerBIReport","PBIRLegacy","System.Object[]","System.Object[]","0626e185-b817-4708-9077-adbf093d912c","DOH-Medical Services Section","Variant Dashboard"
"https://app.powerbigov.us/reportEmbed?reportId=ec110806-fd7c-4916-802a-37383d0a797a&groupId=0626e185-b817-4708-9077-adbf093d912c&w=2&config=eyJjbHVzdGVyVXJsIjoiaHR0cHM6Ly9XQUJJLVVTLUdPVi1JT1dBLXJlZGlyZWN0LmFuYWx5c2lzLnVzZ292Y2xvdWRhcGkubmV0IiwiZW1iZWRGZWF0dXJlcyI6eyJ1c2FnZU1ldHJpY3NWTmV4dCI6dHJ1ZX19","ec110806-fd7c-4916-802a-37383d0a797a",,"True","ELC Milestone Tracking BP2","d47def9a-3709-4ff8-bb41-72ea8cede3c4","0626e185-b817-4708-9077-adbf093d912c","https://app.powerbigov.us/groups/0626e185-b817-4708-9077-adbf093d912c/reports/ec110806-fd7c-4916-802a-37383d0a797a","True","PowerBIReport","PBIRLegacy","System.Object[]","System.Object[]","0626e185-b817-4708-9077-adbf093d912c","DOH-Medical Services Section","ELC Milestone Tracking BP2"
"https://app.powerbigov.us/reportEmbed?reportId=2b357107-f7fc-4e3c-8998-55089913fdf6&groupId=0626e185-b817-4708-9077-adbf093d912c&w=2&config=eyJjbHVzdGVyVXJsIjoiaHR0cHM6Ly9XQUJJLVVTLUdPVi1JT1dBLXJlZGlyZWN0LmFuYWx5c2lzLnVzZ292Y2xvdWRhcGkubmV0IiwiZW1iZWRGZWF0dXJlcyI6eyJ1c2FnZU1ldHJpY3NWTmV4dCI6dHJ1ZX19","2b357107-f7fc-4e3c-8998-55089913fdf6",,"True","Financial Report BP2","9932c19c-d0ff-4ce7-a3fb-9a11610aae59","0626e185-b817-4708-9077-adbf093d912c","https://app.powerbigov.us/groups/0626e185-b817-4708-9077-adbf093d912c/reports/2b357107-f7fc-4e3c-8998-55089913fdf6","True","PowerBIReport","PBIRLegacy","System.Object[]","System.Object[]","0626e185-b817-4708-9077-adbf093d912c","DOH-Medical Services Section","Financial Report BP2"
"https://app.powerbigov.us/reportEmbed?reportId=b26a5e6a-0397-433f-9874-b8d2765daeac&groupId=0626e185-b817-4708-9077-adbf093d912c&w=2&config=eyJjbHVzdGVyVXJsIjoiaHR0cHM6Ly9XQUJJLVVTLUdPVi1JT1dBLXJlZGlyZWN0LmFuYWx5c2lzLnVzZ292Y2xvdWRhcGkubmV0IiwiZW1iZWRGZWF0dXJlcyI6eyJ1c2FnZU1ldHJpY3NWTmV4dCI6dHJ1ZX19","b26a5e6a-0397-433f-9874-b8d2765daeac",,"True","Medicaid Immunization Dashboard","90dd7fe4-6f05-4c7d-99ee-4a90e01b94fa","0626e185-b817-4708-9077-adbf093d912c","https://app.powerbigov.us/groups/0626e185-b817-4708-9077-adbf093d912c/reports/b26a5e6a-0397-433f-9874-b8d2765daeac","True","PowerBIReport","PBIRLegacy","System.Object[]","System.Object[]","0626e185-b817-4708-9077-adbf093d912c","DOH-Medical Services Section","Medicaid Immunization Dashboard"
"https://app.powerbigov.us/reportEmbed?reportId=a3cebabc-d6e3-41b7-ae8c-1ed1520435ca&groupId=0626e185-b817-4708-9077-adbf093d912c&w=2&config=eyJjbHVzdGVyVXJsIjoiaHR0cHM6Ly9XQUJJLVVTLUdPVi1JT1dBLXJlZGlyZWN0LmFuYWx5c2lzLnVzZ292Y2xvdWRhcGkubmV0IiwiZW1iZWRGZWF0dXJlcyI6eyJ1c2FnZU1ldHJpY3NWTmV4dCI6dHJ1ZX19","a3cebabc-d6e3-41b7-ae8c-1ed1520435ca",,"True","HL7 ELR Dashboard percent","62fac2fd-b8bc-4633-94ef-d52a828a2f7f","0626e185-b817-4708-9077-adbf093d912c","https://app.powerbigov.us/groups/0626e185-b817-4708-9077-adbf093d912c/reports/a3cebabc-d6e3-41b7-ae8c-1ed1520435ca","True","PowerBIReport","PBIRLegacy","System.Object[]","System.Object[]","0626e185-b817-4708-9077-adbf093d912c","DOH-Medical Services Section","HL7 ELR Dashboard percent"
"https://app.powerbigov.us/reportEmbed?reportId=0783cdcd-320d-4e68-9f86-73a7eb3a4c97&groupId=0626e185-b817-4708-9077-adbf093d912c&w=2&config=eyJjbHVzdGVyVXJsIjoiaHR0cHM6Ly9XQUJJLVVTLUdPVi1JT1dBLXJlZGlyZWN0LmFuYWx5c2lzLnVzZ292Y2xvdWRhcGkubmV0IiwiZW1iZWRGZWF0dXJlcyI6eyJ1c2FnZU1ldHJpY3NWTmV4dCI6dHJ1ZX19","0783cdcd-320d-4e68-9f86-73a7eb3a4c97",,"True","SchoolRates_InternalReview","653663d5-075e-418a-b42c-5b6eb04565b4","0626e185-b817-4708-9077-adbf093d912c","https://app.powerbigov.us/groups/0626e185-b817-4708-9077-adbf093d912c/reports/0783cdcd-320d-4e68-9f86-73a7eb3a4c97","True","PowerBIReport","PBIRLegacy","System.Object[]","System.Object[]","0626e185-b817-4708-9077-adbf093d912c","DOH-Medical Services Section","SchoolRates_InternalReview"
"https://app.powerbigov.us/reportEmbed?reportId=59adfbbb-f57e-4303-b203-96aad533a36b&groupId=0626e185-b817-4708-9077-adbf093d912c&w=2&config=eyJjbHVzdGVyVXJsIjoiaHR0cHM6Ly9XQUJJLVVTLUdPVi1JT1dBLXJlZGlyZWN0LmFuYWx5c2lzLnVzZ292Y2xvdWRhcGkubmV0IiwiZW1iZWRGZWF0dXJlcyI6eyJ1c2FnZU1ldHJpY3NWTmV4dCI6dHJ1ZX19","59adfbbb-f57e-4303-b203-96aad533a36b",,"True","School_Immunization","6d37f7ea-b681-47d9-927b-12a95c8e17b6","0626e185-b817-4708-9077-adbf093d912c","https://app.powerbigov.us/groups/0626e185-b817-4708-9077-adbf093d912c/reports/59adfbbb-f57e-4303-b203-96aad533a36b","True","PowerBIReport","PBIRLegacy","System.Object[]","System.Object[]","0626e185-b817-4708-9077-adbf093d912c","DOH-Medical Services Section","School_Immunization"
"https://app.powerbigov.us/reportEmbed?reportId=19ab16d7-cf4e-4acc-86a8-9d27dc9ca37b&groupId=143c548e-6a8f-440c-ba0f-0aac7881a9a4&w=2&config=eyJjbHVzdGVyVXJsIjoiaHR0cHM6Ly9XQUJJLVVTLUdPVi1JT1dBLXJlZGlyZWN0LmFuYWx5c2lzLnVzZ292Y2xvdWRhcGkubmV0IiwiZW1iZWRGZWF0dXJlcyI6eyJ1c2FnZU1ldHJpY3NWTmV4dCI6dHJ1ZX19","19ab16d7-cf4e-4acc-86a8-9d27dc9ca37b",,"True","Vaping Dashboard_1","7d2c526e-b1b5-4195-a5ac-b41489dc9505","143c548e-6a8f-440c-ba0f-0aac7881a9a4","https://app.powerbigov.us/groups/143c548e-6a8f-440c-ba0f-0aac7881a9a4/reports/19ab16d7-cf4e-4acc-86a8-9d27dc9ca37b","True","PowerBIReport","PBIRLegacy","System.Object[]","System.Object[]","143c548e-6a8f-440c-ba0f-0aac7881a9a4","DOH-Public Health Informatics","Vaping Dashboard_1"
"https://app.powerbigov.us/reportEmbed?reportId=6fabd6b2-d852-45ac-91e0-f35c2cbeb6a5&groupId=143c548e-6a8f-440c-ba0f-0aac7881a9a4&w=2&config=eyJjbHVzdGVyVXJsIjoiaHR0cHM6Ly9XQUJJLVVTLUdPVi1JT1dBLXJlZGlyZWN0LmFuYWx5c2lzLnVzZ292Y2xvdWRhcGkubmV0IiwiZW1iZWRGZWF0dXJlcyI6eyJ1c2FnZU1ldHJpY3NWTmV4dCI6dHJ1ZX19","6fabd6b2-d852-45ac-91e0-f35c2cbeb6a5",,"True","Opioid Dashboard","b8e2e094-de20-4c31-a7f1-aff533f92c20","143c548e-6a8f-440c-ba0f-0aac7881a9a4","https://app.powerbigov.us/groups/143c548e-6a8f-440c-ba0f-0aac7881a9a4/reports/6fabd6b2-d852-45ac-91e0-f35c2cbeb6a5","True","PowerBIReport","PBIRLegacy","System.Object[]","System.Object[]","143c548e-6a8f-440c-ba0f-0aac7881a9a4","DOH-Public Health Informatics","Opioid Dashboard"
"https://app.powerbigov.us/reportEmbed?reportId=a4401e3a-3aef-4008-9df2-0cb51e5e3993&groupId=143c548e-6a8f-440c-ba0f-0aac7881a9a4&w=2&config=eyJjbHVzdGVyVXJsIjoiaHR0cHM6Ly9XQUJJLVVTLUdPVi1JT1dBLXJlZGlyZWN0LmFuYWx5c2lzLnVzZ292Y2xvdWRhcGkubmV0IiwiZW1iZWRGZWF0dXJlcyI6eyJ1c2FnZU1ldHJpY3NWTmV4dCI6dHJ1ZX19","a4401e3a-3aef-4008-9df2-0cb51e5e3993",,"True","NDIIS_Interop_Providers","2628414c-b9ba-40e0-86a9-b5998e0eb09e","143c548e-6a8f-440c-ba0f-0aac7881a9a4","https://app.powerbigov.us/groups/143c548e-6a8f-440c-ba0f-0aac7881a9a4/reports/a4401e3a-3aef-4008-9df2-0cb51e5e3993","True","PowerBIReport","PBIRLegacy","System.Object[]","System.Object[]","143c548e-6a8f-440c-ba0f-0aac7881a9a4","DOH-Public Health Informatics","NDIIS_Interop_Providers"
"https://app.powerbigov.us/reportEmbed?reportId=9771d08a-d113-4397-bf1c-05f28dda7ce3&groupId=143c548e-6a8f-440c-ba0f-0aac7881a9a4&w=2&config=eyJjbHVzdGVyVXJsIjoiaHR0cHM6Ly9XQUJJLVVTLUdPVi1JT1dBLXJlZGlyZWN0LmFuYWx5c2lzLnVzZ292Y2xvdWRhcGkubmV0IiwiZW1iZWRGZWF0dXJlcyI6eyJ1c2FnZU1ldHJpY3NWTmV4dCI6dHJ1ZX19","9771d08a-d113-4397-bf1c-05f28dda7ce3",,"True","NDIIS_Travel_Clinics","e08fd27d-2d9c-48db-b65d-407568210494","143c548e-6a8f-440c-ba0f-0aac7881a9a4","https://app.powerbigov.us/groups/143c548e-6a8f-440c-ba0f-0aac7881a9a4/reports/9771d08a-d113-4397-bf1c-05f28dda7ce3","True","PowerBIReport","PBIRLegacy","System.Object[]","System.Object[]","143c548e-6a8f-440c-ba0f-0aac7881a9a4","DOH-Public Health Informatics","NDIIS_Travel_Clinics"
"https://app.powerbigov.us/reportEmbed?reportId=8838ee25-cd13-47ab-a88f-a0d85ea7d721&groupId=143c548e-6a8f-440c-ba0f-0aac7881a9a4&w=2&config=eyJjbHVzdGVyVXJsIjoiaHR0cHM6Ly9XQUJJLVVTLUdPVi1JT1dBLXJlZGlyZWN0LmFuYWx5c2lzLnVzZ292Y2xvdWRhcGkubmV0IiwiZW1iZWRGZWF0dXJlcyI6eyJ1c2FnZU1ldHJpY3NWTmV4dCI6dHJ1ZX19","8838ee25-cd13-47ab-a88f-a0d85ea7d721",,"True","NDVDRS Dashboard","eff36d64-3061-4020-9b79-0db84ff83446","143c548e-6a8f-440c-ba0f-0aac7881a9a4","https://app.powerbigov.us/groups/143c548e-6a8f-440c-ba0f-0aac7881a9a4/reports/8838ee25-cd13-47ab-a88f-a0d85ea7d721","True","PowerBIReport","PBIRLegacy","System.Object[]","System.Object[]","143c548e-6a8f-440c-ba0f-0aac7881a9a4","DOH-Public Health Informatics","NDVDRS Dashboard"
"https://app.powerbigov.us/reportEmbed?reportId=53a1f8c5-76b8-4d06-ac24-a86df8fb9b11&groupId=143c548e-6a8f-440c-ba0f-0aac7881a9a4&w=2&config=eyJjbHVzdGVyVXJsIjoiaHR0cHM6Ly9XQUJJLVVTLUdPVi1JT1dBLXJlZGlyZWN0LmFuYWx5c2lzLnVzZ292Y2xvdWRhcGkubmV0IiwiZW1iZWRGZWF0dXJlcyI6eyJ1c2FnZU1ldHJpY3NWTmV4dCI6dHJ1ZX19","53a1f8c5-76b8-4d06-ac24-a86df8fb9b11",,"True","Flu_Website_Data2","a15b9708-a363-4fb5-a15b-087a9e70178b","143c548e-6a8f-440c-ba0f-0aac7881a9a4","https://app.powerbigov.us/groups/143c548e-6a8f-440c-ba0f-0aac7881a9a4/reports/53a1f8c5-76b8-4d06-ac24-a86df8fb9b11","True","PowerBIReport","PBIRLegacy","System.Object[]","System.Object[]","143c548e-6a8f-440c-ba0f-0aac7881a9a4","DOH-Public Health Informatics","Flu_Website_Data2"
"https://app.powerbigov.us/reportEmbed?reportId=db83f3e6-d2a7-4791-ab5e-72a2f05657fc&groupId=143c548e-6a8f-440c-ba0f-0aac7881a9a4&w=2&config=eyJjbHVzdGVyVXJsIjoiaHR0cHM6Ly9XQUJJLVVTLUdPVi1JT1dBLXJlZGlyZWN0LmFuYWx5c2lzLnVzZ292Y2xvdWRhcGkubmV0IiwiZW1iZWRGZWF0dXJlcyI6eyJ1c2FnZU1ldHJpY3NWTmV4dCI6dHJ1ZX19","db83f3e6-d2a7-4791-ab5e-72a2f05657fc",,"True","Influenza_Weekly_Report","c7e51692-9cdb-4848-937a-3528096acb05","143c548e-6a8f-440c-ba0f-0aac7881a9a4","https://app.powerbigov.us/groups/143c548e-6a8f-440c-ba0f-0aac7881a9a4/reports/db83f3e6-d2a7-4791-ab5e-72a2f05657fc","True","PowerBIReport","PBIRLegacy","System.Object[]","System.Object[]","143c548e-6a8f-440c-ba0f-0aac7881a9a4","DOH-Public Health Informatics","Influenza_Weekly_Report"
"https://app.powerbigov.us/reportEmbed?reportId=782976c4-cacc-4625-ac31-4f245b2fcee9&groupId=143c548e-6a8f-440c-ba0f-0aac7881a9a4&w=2&config=eyJjbHVzdGVyVXJsIjoiaHR0cHM6Ly9XQUJJLVVTLUdPVi1JT1dBLXJlZGlyZWN0LmFuYWx5c2lzLnVzZ292Y2xvdWRhcGkubmV0IiwiZW1iZWRGZWF0dXJlcyI6eyJ1c2FnZU1ldHJpY3NWTmV4dCI6dHJ1ZX19","782976c4-cacc-4625-ac31-4f245b2fcee9",,"True","Smart Restart Dashboard - External","0300365a-3709-4b3f-b692-55fbbd01bbc8","143c548e-6a8f-440c-ba0f-0aac7881a9a4","https://app.powerbigov.us/groups/143c548e-6a8f-440c-ba0f-0aac7881a9a4/reports/782976c4-cacc-4625-ac31-4f245b2fcee9","True","PowerBIReport","PBIRLegacy","System.Object[]","System.Object[]","143c548e-6a8f-440c-ba0f-0aac7881a9a4","DOH-Public Health Informatics","Smart Restart Dashboard - External"
"https://app.powerbigov.us/reportEmbed?reportId=98c0c080-0f8b-43a6-9356-1dff71510bca&groupId=143c548e-6a8f-440c-ba0f-0aac7881a9a4&w=2&config=eyJjbHVzdGVyVXJsIjoiaHR0cHM6Ly9XQUJJLVVTLUdPVi1JT1dBLXJlZGlyZWN0LmFuYWx5c2lzLnVzZ292Y2xvdWRhcGkubmV0IiwiZW1iZWRGZWF0dXJlcyI6eyJ1c2FnZU1ldHJpY3NWTmV4dCI6dHJ1ZX19","98c0c080-0f8b-43a6-9356-1dff71510bca",,"True","Smart Restart Dashboard - Internal","4e8c1ad2-f957-4bbe-834e-78518017fa92","143c548e-6a8f-440c-ba0f-0aac7881a9a4","https://app.powerbigov.us/groups/143c548e-6a8f-440c-ba0f-0aac7881a9a4/reports/98c0c080-0f8b-43a6-9356-1dff71510bca","True","PowerBIReport","PBIRLegacy","System.Object[]","System.Object[]","143c548e-6a8f-440c-ba0f-0aac7881a9a4","DOH-Public Health Informatics","Smart Restart Dashboard - Internal"
"https://app.powerbigov.us/reportEmbed?reportId=6c25fe25-4102-4e33-990c-ad7c34da2fc3&groupId=143c548e-6a8f-440c-ba0f-0aac7881a9a4&w=2&config=eyJjbHVzdGVyVXJsIjoiaHR0cHM6Ly9XQUJJLVVTLUdPVi1JT1dBLXJlZGlyZWN0LmFuYWx5c2lzLnVzZ292Y2xvdWRhcGkubmV0IiwiZW1iZWRGZWF0dXJlcyI6eyJ1c2FnZU1ldHJpY3NWTmV4dCI6dHJ1ZX19","6c25fe25-4102-4e33-990c-ad7c34da2fc3",,"True","AG vs PCR testing","2392a25f-8d77-469f-8a43-2daf58508372","143c548e-6a8f-440c-ba0f-0aac7881a9a4","https://app.powerbigov.us/groups/143c548e-6a8f-440c-ba0f-0aac7881a9a4/reports/6c25fe25-4102-4e33-990c-ad7c34da2fc3","True","PowerBIReport","PBIRLegacy","System.Object[]","System.Object[]","143c548e-6a8f-440c-ba0f-0aac7881a9a4","DOH-Public Health Informatics","AG vs PCR testing"
"https://app.powerbigov.us/reportEmbed?reportId=67284256-a54d-45df-ae95-8008de1fb381&groupId=143c548e-6a8f-440c-ba0f-0aac7881a9a4&w=2&config=eyJjbHVzdGVyVXJsIjoiaHR0cHM6Ly9XQUJJLVVTLUdPVi1JT1dBLXJlZGlyZWN0LmFuYWx5c2lzLnVzZ292Y2xvdWRhcGkubmV0IiwiZW1iZWRGZWF0dXJlcyI6eyJ1c2FnZU1ldHJpY3NWTmV4dCI6dHJ1ZX19","67284256-a54d-45df-ae95-8008de1fb381",,"False","Report Usage Metrics Report","af76ea44-335f-4797-8c0e-813b83af5ed0","143c548e-6a8f-440c-ba0f-0aac7881a9a4","https://app.powerbigov.us/groups/143c548e-6a8f-440c-ba0f-0aac7881a9a4/reports/67284256-a54d-45df-ae95-8008de1fb381","True","PowerBIReport","PBIRLegacy","System.Object[]","System.Object[]","143c548e-6a8f-440c-ba0f-0aac7881a9a4","DOH-Public Health Informatics","Report Usage Metrics Model"
"https://app.powerbigov.us/reportEmbed?reportId=260afdcc-ad6b-413a-a3f0-4e235d34f47a&groupId=143c548e-6a8f-440c-ba0f-0aac7881a9a4&w=2&config=eyJjbHVzdGVyVXJsIjoiaHR0cHM6Ly9XQUJJLVVTLUdPVi1JT1dBLXJlZGlyZWN0LmFuYWx5c2lzLnVzZ292Y2xvdWRhcGkubmV0IiwiZW1iZWRGZWF0dXJlcyI6eyJ1c2FnZU1ldHJpY3NWTmV4dCI6dHJ1ZX19","260afdcc-ad6b-413a-a3f0-4e235d34f47a",,"True","College_Dash","e22b56ad-6240-4ee3-83d6-ac192936ac5b","143c548e-6a8f-440c-ba0f-0aac7881a9a4","https://app.powerbigov.us/groups/143c548e-6a8f-440c-ba0f-0aac7881a9a4/reports/260afdcc-ad6b-413a-a3f0-4e235d34f47a","True","PowerBIReport","PBIRLegacy","System.Object[]","System.Object[]","143c548e-6a8f-440c-ba0f-0aac7881a9a4","DOH-Public Health Informatics","College_Dash"
"https://app.powerbigov.us/reportEmbed?reportId=b5ad5b17-0636-4e56-924f-0564ad4b3ef3&groupId=143c548e-6a8f-440c-ba0f-0aac7881a9a4&w=2&config=eyJjbHVzdGVyVXJsIjoiaHR0cHM6Ly9XQUJJLVVTLUdPVi1JT1dBLXJlZGlyZWN0LmFuYWx5c2lzLnVzZ292Y2xvdWRhcGkubmV0IiwiZW1iZWRGZWF0dXJlcyI6eyJ1c2FnZU1ldHJpY3NWTmV4dCI6dHJ1ZX19","b5ad5b17-0636-4e56-924f-0564ad4b3ef3",,"True","Auto Weekly Report","f4a8cb4d-7383-4906-bde8-c474fe4f00bb","143c548e-6a8f-440c-ba0f-0aac7881a9a4","https://app.powerbigov.us/groups/143c548e-6a8f-440c-ba0f-0aac7881a9a4/reports/b5ad5b17-0636-4e56-924f-0564ad4b3ef3","True","PowerBIReport","PBIRLegacy","System.Object[]","System.Object[]","143c548e-6a8f-440c-ba0f-0aac7881a9a4","DOH-Public Health Informatics","Auto Weekly Report"
"https://app.powerbigov.us/reportEmbed?reportId=7efe6a5b-58f8-4b84-b0bd-3ba1c2269fb0&groupId=143c548e-6a8f-440c-ba0f-0aac7881a9a4&w=2&config=eyJjbHVzdGVyVXJsIjoiaHR0cHM6Ly9XQUJJLVVTLUdPVi1JT1dBLXJlZGlyZWN0LmFuYWx5c2lzLnVzZ292Y2xvdWRhcGkubmV0IiwiZW1iZWRGZWF0dXJlcyI6eyJ1c2FnZU1ldHJpY3NWTmV4dCI6dHJ1ZX19","7efe6a5b-58f8-4b84-b0bd-3ba1c2269fb0",,"True","Lab Volume Dashboard","96c40d4a-a203-486e-8a1a-659cb678b951","143c548e-6a8f-440c-ba0f-0aac7881a9a4","https://app.powerbigov.us/groups/143c548e-6a8f-440c-ba0f-0aac7881a9a4/reports/7efe6a5b-58f8-4b84-b0bd-3ba1c2269fb0","True","PowerBIReport","PBIRLegacy","System.Object[]","System.Object[]","143c548e-6a8f-440c-ba0f-0aac7881a9a4","DOH-Public Health Informatics","Lab Volume Dashboard"
"https://app.powerbigov.us/reportEmbed?reportId=7a7c62c5-4ef4-4bc7-850d-853f63db00cb&groupId=143c548e-6a8f-440c-ba0f-0aac7881a9a4&w=2&config=eyJjbHVzdGVyVXJsIjoiaHR0cHM6Ly9XQUJJLVVTLUdPVi1JT1dBLXJlZGlyZWN0LmFuYWx5c2lzLnVzZ292Y2xvdWRhcGkubmV0IiwiZW1iZWRGZWF0dXJlcyI6eyJ1c2FnZU1ldHJpY3NWTmV4dCI6dHJ1ZX19","7a7c62c5-4ef4-4bc7-850d-853f63db00cb",,"True","Usage Metrics Report","97170b33-3db2-4a81-9e6d-1bb7af810851","143c548e-6a8f-440c-ba0f-0aac7881a9a4","https://app.powerbigov.us/groups/143c548e-6a8f-440c-ba0f-0aac7881a9a4/reports/7a7c62c5-4ef4-4bc7-850d-853f63db00cb","True","PowerBIReport","PBIRLegacy","System.Object[]","System.Object[]","143c548e-6a8f-440c-ba0f-0aac7881a9a4","DOH-Public Health Informatics","Usage Metrics Report"
"https://app.powerbigov.us/reportEmbed?reportId=8449a29e-1944-4f85-b45c-99953fe8e835&groupId=143c548e-6a8f-440c-ba0f-0aac7881a9a4&w=2&config=eyJjbHVzdGVyVXJsIjoiaHR0cHM6Ly9XQUJJLVVTLUdPVi1JT1dBLXJlZGlyZWN0LmFuYWx5c2lzLnVzZ292Y2xvdWRhcGkubmV0IiwiZW1iZWRGZWF0dXJlcyI6eyJ1c2FnZU1ldHJpY3NWTmV4dCI6dHJ1ZX19","8449a29e-1944-4f85-b45c-99953fe8e835",,"True","Autism_Data_Report","87256db4-73e9-42be-9b66-f54b22664c74","143c548e-6a8f-440c-ba0f-0aac7881a9a4","https://app.powerbigov.us/groups/143c548e-6a8f-440c-ba0f-0aac7881a9a4/reports/8449a29e-1944-4f85-b45c-99953fe8e835","True","PowerBIReport","PBIRLegacy","System.Object[]","System.Object[]","143c548e-6a8f-440c-ba0f-0aac7881a9a4","DOH-Public Health Informatics","Autism_Data_Report"
"https://app.powerbigov.us/reportEmbed?reportId=e983f3ce-e587-47e3-b80b-415e45b3d333&groupId=143c548e-6a8f-440c-ba0f-0aac7881a9a4&w=2&config=eyJjbHVzdGVyVXJsIjoiaHR0cHM6Ly9XQUJJLVVTLUdPVi1JT1dBLXJlZGlyZWN0LmFuYWx5c2lzLnVzZ292Y2xvdWRhcGkubmV0IiwiZW1iZWRGZWF0dXJlcyI6eyJ1c2FnZU1ldHJpY3NWTmV4dCI6dHJ1ZX19","e983f3ce-e587-47e3-b80b-415e45b3d333",,"True","Weekly Report","0fce67ae-3d73-47b1-a00b-cf84fdddaec8","143c548e-6a8f-440c-ba0f-0aac7881a9a4","https://app.powerbigov.us/groups/143c548e-6a8f-440c-ba0f-0aac7881a9a4/reports/e983f3ce-e587-47e3-b80b-415e45b3d333","True","PowerBIReport","PBIRLegacy","System.Object[]","System.Object[]","143c548e-6a8f-440c-ba0f-0aac7881a9a4","DOH-Public Health Informatics","Weekly Report"
"https://app.powerbigov.us/reportEmbed?reportId=5783a697-45a1-4351-b244-4dd1c469c647&groupId=143c548e-6a8f-440c-ba0f-0aac7881a9a4&w=2&config=eyJjbHVzdGVyVXJsIjoiaHR0cHM6Ly9XQUJJLVVTLUdPVi1JT1dBLXJlZGlyZWN0LmFuYWx5c2lzLnVzZ292Y2xvdWRhcGkubmV0IiwiZW1iZWRGZWF0dXJlcyI6eyJ1c2FnZU1ldHJpY3NWTmV4dCI6dHJ1ZX19","5783a697-45a1-4351-b244-4dd1c469c647",,"True","Daily-1-pager","86308593-50cc-424b-a492-77a7f20419ea","143c548e-6a8f-440c-ba0f-0aac7881a9a4","https://app.powerbigov.us/groups/143c548e-6a8f-440c-ba0f-0aac7881a9a4/reports/5783a697-45a1-4351-b244-4dd1c469c647","True","PowerBIReport","PBIRLegacy","System.Object[]","System.Object[]","143c548e-6a8f-440c-ba0f-0aac7881a9a4","DOH-Public Health Informatics","Daily-1-pager"
"https://app.powerbigov.us/reportEmbed?reportId=18cdd483-bba0-464f-aed8-efbe2a990e5c&groupId=143c548e-6a8f-440c-ba0f-0aac7881a9a4&w=2&config=eyJjbHVzdGVyVXJsIjoiaHR0cHM6Ly9XQUJJLVVTLUdPVi1JT1dBLXJlZGlyZWN0LmFuYWx5c2lzLnVzZ292Y2xvdWRhcGkubmV0IiwiZW1iZWRGZWF0dXJlcyI6eyJ1c2FnZU1ldHJpY3NWTmV4dCI6dHJ1ZX19","18cdd483-bba0-464f-aed8-efbe2a990e5c",,"True","Green Dot Dashboard","640e30a4-f601-477a-95ff-627c47faf79c","143c548e-6a8f-440c-ba0f-0aac7881a9a4","https://app.powerbigov.us/groups/143c548e-6a8f-440c-ba0f-0aac7881a9a4/reports/18cdd483-bba0-464f-aed8-efbe2a990e5c","True","PowerBIReport","PBIRLegacy","System.Object[]","System.Object[]","143c548e-6a8f-440c-ba0f-0aac7881a9a4","DOH-Public Health Informatics","Green Dot Dashboard"
"https://app.powerbigov.us/reportEmbed?reportId=d71b1986-ce21-4d42-a64c-7d6b81db8b5c&groupId=143c548e-6a8f-440c-ba0f-0aac7881a9a4&w=2&config=eyJjbHVzdGVyVXJsIjoiaHR0cHM6Ly9XQUJJLVVTLUdPVi1JT1dBLXJlZGlyZWN0LmFuYWx5c2lzLnVzZ292Y2xvdWRhcGkubmV0IiwiZW1iZWRGZWF0dXJlcyI6eyJ1c2FnZU1ldHJpY3NWTmV4dCI6dHJ1ZX19","d71b1986-ce21-4d42-a64c-7d6b81db8b5c",,"True","North Dakota Sexual Violence Dashboard","8441bb65-5746-4074-94c6-1e63818c565f","143c548e-6a8f-440c-ba0f-0aac7881a9a4","https://app.powerbigov.us/groups/143c548e-6a8f-440c-ba0f-0aac7881a9a4/reports/d71b1986-ce21-4d42-a64c-7d6b81db8b5c","True","PowerBIReport","PBIRLegacy","System.Object[]","System.Object[]","143c548e-6a8f-440c-ba0f-0aac7881a9a4","DOH-Public Health Informatics","North Dakota Sexual Violence Dashboard"
"https://app.powerbigov.us/reportEmbed?reportId=d346e4de-b8b4-4fc0-abaf-ab3e84d95529&groupId=143c548e-6a8f-440c-ba0f-0aac7881a9a4&w=2&config=eyJjbHVzdGVyVXJsIjoiaHR0cHM6Ly9XQUJJLVVTLUdPVi1JT1dBLXJlZGlyZWN0LmFuYWx5c2lzLnVzZ292Y2xvdWRhcGkubmV0IiwiZW1iZWRGZWF0dXJlcyI6eyJ1c2FnZU1ldHJpY3NWTmV4dCI6dHJ1ZX19","d346e4de-b8b4-4fc0-abaf-ab3e84d95529",,"True","WNV_Animal","1bb202ac-5ad0-4221-80df-f74a3a082b01","143c548e-6a8f-440c-ba0f-0aac7881a9a4","https://app.powerbigov.us/groups/143c548e-6a8f-440c-ba0f-0aac7881a9a4/reports/d346e4de-b8b4-4fc0-abaf-ab3e84d95529","True","PowerBIReport","PBIRLegacy","System.Object[]","System.Object[]","143c548e-6a8f-440c-ba0f-0aac7881a9a4","DOH-Public Health Informatics","WNV_Animal"
"https://app.powerbigov.us/reportEmbed?reportId=02f88ea1-411c-4d09-b1c1-68bdbefbd6c6&groupId=143c548e-6a8f-440c-ba0f-0aac7881a9a4&w=2&config=eyJjbHVzdGVyVXJsIjoiaHR0cHM6Ly9XQUJJLVVTLUdPVi1JT1dBLXJlZGlyZWN0LmFuYWx5c2lzLnVzZ292Y2xvdWRhcGkubmV0IiwiZW1iZWRGZWF0dXJlcyI6eyJ1c2FnZU1ldHJpY3NWTmV4dCI6dHJ1ZX19","02f88ea1-411c-4d09-b1c1-68bdbefbd6c6",,"True","InfluenzaWeeklyReport","9a97e2c1-2542-495b-9183-fb8acbb12eac","143c548e-6a8f-440c-ba0f-0aac7881a9a4","https://app.powerbigov.us/groups/143c548e-6a8f-440c-ba0f-0aac7881a9a4/reports/02f88ea1-411c-4d09-b1c1-68bdbefbd6c6","True","PowerBIReport","PBIRLegacy","System.Object[]","System.Object[]","143c548e-6a8f-440c-ba0f-0aac7881a9a4","DOH-Public Health Informatics","InfluenzaWeeklyReport"
"https://app.powerbigov.us/reportEmbed?reportId=f79d1ebc-8724-4b70-8ef3-82c815c6009e&groupId=143c548e-6a8f-440c-ba0f-0aac7881a9a4&w=2&config=eyJjbHVzdGVyVXJsIjoiaHR0cHM6Ly9XQUJJLVVTLUdPVi1JT1dBLXJlZGlyZWN0LmFuYWx5c2lzLnVzZ292Y2xvdWRhcGkubmV0IiwiZW1iZWRGZWF0dXJlcyI6eyJ1c2FnZU1ldHJpY3NWTmV4dCI6dHJ1ZX19","f79d1ebc-8724-4b70-8ef3-82c815c6009e",,"True","COVID-19 Case Dasbhoard Internal","4f696006-afba-4682-8af5-576349a8c4f8","143c548e-6a8f-440c-ba0f-0aac7881a9a4","https://app.powerbigov.us/groups/143c548e-6a8f-440c-ba0f-0aac7881a9a4/reports/f79d1ebc-8724-4b70-8ef3-82c815c6009e","True","PowerBIReport","PBIRLegacy","System.Object[]","System.Object[]","143c548e-6a8f-440c-ba0f-0aac7881a9a4","DOH-Public Health Informatics","COVID-19 Case Dasbhoard Internal"
"https://app.powerbigov.us/reportEmbed?reportId=618fcc6c-cee2-44b2-ad92-ae29892c9c60&groupId=143c548e-6a8f-440c-ba0f-0aac7881a9a4&w=2&config=eyJjbHVzdGVyVXJsIjoiaHR0cHM6Ly9XQUJJLVVTLUdPVi1JT1dBLXJlZGlyZWN0LmFuYWx5c2lzLnVzZ292Y2xvdWRhcGkubmV0IiwiZW1iZWRGZWF0dXJlcyI6eyJ1c2FnZU1ldHJpY3NWTmV4dCI6dHJ1ZX19","618fcc6c-cee2-44b2-ad92-ae29892c9c60",,"True","Suicide Dashboard","5e4f316b-efbf-422d-a213-73be58150fe2","143c548e-6a8f-440c-ba0f-0aac7881a9a4","https://app.powerbigov.us/groups/143c548e-6a8f-440c-ba0f-0aac7881a9a4/reports/618fcc6c-cee2-44b2-ad92-ae29892c9c60","True","PowerBIReport","PBIRLegacy","System.Object[]","System.Object[]","143c548e-6a8f-440c-ba0f-0aac7881a9a4","DOH-Public Health Informatics","Suicide Dashboard"
"https://app.powerbigov.us/reportEmbed?reportId=3aba5962-6662-4439-9f32-61c0d6a88174&groupId=143c548e-6a8f-440c-ba0f-0aac7881a9a4&w=2&config=eyJjbHVzdGVyVXJsIjoiaHR0cHM6Ly9XQUJJLVVTLUdPVi1JT1dBLXJlZGlyZWN0LmFuYWx5c2lzLnVzZ292Y2xvdWRhcGkubmV0IiwiZW1iZWRGZWF0dXJlcyI6eyJ1c2FnZU1ldHJpY3NWTmV4dCI6dHJ1ZX19","3aba5962-6662-4439-9f32-61c0d6a88174",,"True","Drug Overdose Dashboard","4e67e80a-b043-41ce-a6c0-10686414b2ae","143c548e-6a8f-440c-ba0f-0aac7881a9a4","https://app.powerbigov.us/groups/143c548e-6a8f-440c-ba0f-0aac7881a9a4/reports/3aba5962-6662-4439-9f32-61c0d6a88174","True","PowerBIReport","PBIRLegacy","System.Object[]","System.Object[]","143c548e-6a8f-440c-ba0f-0aac7881a9a4","DOH-Public Health Informatics","Drug Overdose Dashboard"
"https://app.powerbigov.us/reportEmbed?reportId=bdc2185b-7edc-49ea-8374-f2e714d44fc9&groupId=143c548e-6a8f-440c-ba0f-0aac7881a9a4&w=2&config=eyJjbHVzdGVyVXJsIjoiaHR0cHM6Ly9XQUJJLVVTLUdPVi1JT1dBLXJlZGlyZWN0LmFuYWx5c2lzLnVzZ292Y2xvdWRhcGkubmV0IiwiZW1iZWRGZWF0dXJlcyI6eyJ1c2FnZU1ldHJpY3NWTmV4dCI6dHJ1ZX19","bdc2185b-7edc-49ea-8374-f2e714d44fc9",,"True","Alzheimer's_Report_FInal","9e42e06a-df2c-4a21-873f-24ee660c8a5f","143c548e-6a8f-440c-ba0f-0aac7881a9a4","https://app.powerbigov.us/groups/143c548e-6a8f-440c-ba0f-0aac7881a9a4/reports/bdc2185b-7edc-49ea-8374-f2e714d44fc9","True","PowerBIReport","PBIRLegacy","System.Object[]","System.Object[]","143c548e-6a8f-440c-ba0f-0aac7881a9a4","DOH-Public Health Informatics","Alzheimer's_Report_FInal"
"https://app.powerbigov.us/reportEmbed?reportId=1ca5f7ad-7829-48db-ac03-10c54a8576b6&groupId=143c548e-6a8f-440c-ba0f-0aac7881a9a4&w=2&config=eyJjbHVzdGVyVXJsIjoiaHR0cHM6Ly9XQUJJLVVTLUdPVi1JT1dBLXJlZGlyZWN0LmFuYWx5c2lzLnVzZ292Y2xvdWRhcGkubmV0IiwiZW1iZWRGZWF0dXJlcyI6eyJ1c2FnZU1ldHJpY3NWTmV4dCI6dHJ1ZX19","1ca5f7ad-7829-48db-ac03-10c54a8576b6",,"True","Alzheimer's_Report","aab12263-5d14-47f3-906d-a70dc6719b50","143c548e-6a8f-440c-ba0f-0aac7881a9a4","https://app.powerbigov.us/groups/143c548e-6a8f-440c-ba0f-0aac7881a9a4/reports/1ca5f7ad-7829-48db-ac03-10c54a8576b6","True","PowerBIReport","PBIRLegacy","System.Object[]","System.Object[]","143c548e-6a8f-440c-ba0f-0aac7881a9a4","DOH-Public Health Informatics","Alzheimer's_Report"
"https://app.powerbigov.us/reportEmbed?reportId=514b1180-23df-45ea-b319-2b4d94fa835f&groupId=143c548e-6a8f-440c-ba0f-0aac7881a9a4&w=2&config=eyJjbHVzdGVyVXJsIjoiaHR0cHM6Ly9XQUJJLVVTLUdPVi1JT1dBLXJlZGlyZWN0LmFuYWx5c2lzLnVzZ292Y2xvdWRhcGkubmV0IiwiZW1iZWRGZWF0dXJlcyI6eyJ1c2FnZU1ldHJpY3NWTmV4dCI6dHJ1ZX19","514b1180-23df-45ea-b319-2b4d94fa835f",,"True","SchoolDashBoard - INTERNAL","92588fb6-dcc6-41da-9940-a02091501f71","143c548e-6a8f-440c-ba0f-0aac7881a9a4","https://app.powerbigov.us/groups/143c548e-6a8f-440c-ba0f-0aac7881a9a4/reports/514b1180-23df-45ea-b319-2b4d94fa835f","True","PowerBIReport","PBIRLegacy","System.Object[]","System.Object[]","143c548e-6a8f-440c-ba0f-0aac7881a9a4","DOH-Public Health Informatics","SchoolDashBoard - INTERNAL"
"https://app.powerbigov.us/reportEmbed?reportId=0274faff-f115-44ce-92eb-e5083f4638fb&groupId=143c548e-6a8f-440c-ba0f-0aac7881a9a4&w=2&config=eyJjbHVzdGVyVXJsIjoiaHR0cHM6Ly9XQUJJLVVTLUdPVi1JT1dBLXJlZGlyZWN0LmFuYWx5c2lzLnVzZ292Y2xvdWRhcGkubmV0IiwiZW1iZWRGZWF0dXJlcyI6eyJ1c2FnZU1ldHJpY3NWTmV4dCI6dHJ1ZX19","0274faff-f115-44ce-92eb-e5083f4638fb",,"True","NDVDRS General Dashboard","5033c112-ea6a-4d0a-a019-945436b2b0e9","143c548e-6a8f-440c-ba0f-0aac7881a9a4","https://app.powerbigov.us/groups/143c548e-6a8f-440c-ba0f-0aac7881a9a4/reports/0274faff-f115-44ce-92eb-e5083f4638fb","True","PowerBIReport","PBIRLegacy","System.Object[]","System.Object[]","143c548e-6a8f-440c-ba0f-0aac7881a9a4","DOH-Public Health Informatics","NDVDRS General Dashboard"
"https://app.powerbigov.us/reportEmbed?reportId=c3d0d574-7af9-4284-9c9b-98aec17fa4e6&groupId=143c548e-6a8f-440c-ba0f-0aac7881a9a4&w=2&config=eyJjbHVzdGVyVXJsIjoiaHR0cHM6Ly9XQUJJLVVTLUdPVi1JT1dBLXJlZGlyZWN0LmFuYWx5c2lzLnVzZ292Y2xvdWRhcGkubmV0IiwiZW1iZWRGZWF0dXJlcyI6eyJ1c2FnZU1ldHJpY3NWTmV4dCI6dHJ1ZX19","c3d0d574-7af9-4284-9c9b-98aec17fa4e6",,"True","RSV_Website_Data","93e0415c-0e61-4855-868a-9330a82bd891","143c548e-6a8f-440c-ba0f-0aac7881a9a4","https://app.powerbigov.us/groups/143c548e-6a8f-440c-ba0f-0aac7881a9a4/reports/c3d0d574-7af9-4284-9c9b-98aec17fa4e6","True","PowerBIReport","PBIRLegacy","System.Object[]","System.Object[]","143c548e-6a8f-440c-ba0f-0aac7881a9a4","DOH-Public Health Informatics","RSV_Website_Data"
"https://app.powerbigov.us/reportEmbed?reportId=bde0b1cd-b4c2-4b75-842c-bcea135da537&groupId=143c548e-6a8f-440c-ba0f-0aac7881a9a4&w=2&config=eyJjbHVzdGVyVXJsIjoiaHR0cHM6Ly9XQUJJLVVTLUdPVi1JT1dBLXJlZGlyZWN0LmFuYWx5c2lzLnVzZ292Y2xvdWRhcGkubmV0IiwiZW1iZWRGZWF0dXJlcyI6eyJ1c2FnZU1ldHJpY3NWTmV4dCI6dHJ1ZX19","bde0b1cd-b4c2-4b75-842c-bcea135da537",,"True","Tobacco Dashboard","ab65aa99-fa31-4e35-b6b5-372426acb1de","143c548e-6a8f-440c-ba0f-0aac7881a9a4","https://app.powerbigov.us/groups/143c548e-6a8f-440c-ba0f-0aac7881a9a4/reports/bde0b1cd-b4c2-4b75-842c-bcea135da537","True","PowerBIReport","PBIRLegacy","System.Object[]","System.Object[]","143c548e-6a8f-440c-ba0f-0aac7881a9a4","DOH-Public Health Informatics","Tobacco Dashboard"
"https://app.powerbigov.us/reportEmbed?reportId=88cc9640-dfee-497a-b1bd-8cae5a9f6394&groupId=143c548e-6a8f-440c-ba0f-0aac7881a9a4&w=2&config=eyJjbHVzdGVyVXJsIjoiaHR0cHM6Ly9XQUJJLVVTLUdPVi1JT1dBLXJlZGlyZWN0LmFuYWx5c2lzLnVzZ292Y2xvdWRhcGkubmV0IiwiZW1iZWRGZWF0dXJlcyI6eyJ1c2FnZU1ldHJpY3NWTmV4dCI6dHJ1ZX19","88cc9640-dfee-497a-b1bd-8cae5a9f6394",,"True","RespiratoryDashboard","e2f41570-25f0-4db5-826c-04887cbeac93","143c548e-6a8f-440c-ba0f-0aac7881a9a4","https://app.powerbigov.us/groups/143c548e-6a8f-440c-ba0f-0aac7881a9a4/reports/88cc9640-dfee-497a-b1bd-8cae5a9f6394","True","PowerBIReport","PBIRLegacy","System.Object[]","System.Object[]","143c548e-6a8f-440c-ba0f-0aac7881a9a4","DOH-Public Health Informatics","RespiratoryDashboard"
"https://app.powerbigov.us/reportEmbed?reportId=aed78587-c745-47ce-9206-5540933b59f6&groupId=143c548e-6a8f-440c-ba0f-0aac7881a9a4&w=2&config=eyJjbHVzdGVyVXJsIjoiaHR0cHM6Ly9XQUJJLVVTLUdPVi1JT1dBLXJlZGlyZWN0LmFuYWx5c2lzLnVzZ292Y2xvdWRhcGkubmV0IiwiZW1iZWRGZWF0dXJlcyI6eyJ1c2FnZU1ldHJpY3NWTmV4dCI6dHJ1ZX19","aed78587-c745-47ce-9206-5540933b59f6",,"True","RespiratoryDashboardInternal","457ee65e-27b9-4239-bfb0-1dff2413297d","143c548e-6a8f-440c-ba0f-0aac7881a9a4","https://app.powerbigov.us/groups/143c548e-6a8f-440c-ba0f-0aac7881a9a4/reports/aed78587-c745-47ce-9206-5540933b59f6","True","PowerBIReport","PBIRLegacy","System.Object[]","System.Object[]","143c548e-6a8f-440c-ba0f-0aac7881a9a4","DOH-Public Health Informatics","RespiratoryDashboardInternal"
"https://app.powerbigov.us/reportEmbed?reportId=793e020e-bb09-4d08-857d-5014580eb78c&groupId=7e5a8de5-fd01-49b5-8847-c250cf6cf7e1&w=2&config=eyJjbHVzdGVyVXJsIjoiaHR0cHM6Ly9XQUJJLVVTLUdPVi1JT1dBLXJlZGlyZWN0LmFuYWx5c2lzLnVzZ292Y2xvdWRhcGkubmV0IiwiZW1iZWRGZWF0dXJlcyI6eyJ1c2FnZU1ldHJpY3NWTmV4dCI6dHJ1ZX19","793e020e-bb09-4d08-857d-5014580eb78c",,"True","Smart Restart Dashboard - Website","0804de91-9a81-4f0b-b70c-361130edeb0c","7e5a8de5-fd01-49b5-8847-c250cf6cf7e1","https://app.powerbigov.us/groups/7e5a8de5-fd01-49b5-8847-c250cf6cf7e1/reports/793e020e-bb09-4d08-857d-5014580eb78c","True","PowerBIReport","PBIRLegacy","System.Object[]","System.Object[]","7e5a8de5-fd01-49b5-8847-c250cf6cf7e1","DOH-Health Analytics","Smart Restart Dashboard - Website"
"https://app.powerbigov.us/reportEmbed?reportId=c56ca0bb-1aa6-4533-8ba5-eeabd0d56133&groupId=7e5a8de5-fd01-49b5-8847-c250cf6cf7e1&w=2&config=eyJjbHVzdGVyVXJsIjoiaHR0cHM6Ly9XQUJJLVVTLUdPVi1JT1dBLXJlZGlyZWN0LmFuYWx5c2lzLnVzZ292Y2xvdWRhcGkubmV0IiwiZW1iZWRGZWF0dXJlcyI6eyJ1c2FnZU1ldHJpY3NWTmV4dCI6dHJ1ZX19","c56ca0bb-1aa6-4533-8ba5-eeabd0d56133",,"True","EPR Timesheet Dashboard","cb37f30f-f0c9-4db5-a61f-7234188a9767","7e5a8de5-fd01-49b5-8847-c250cf6cf7e1","https://app.powerbigov.us/groups/7e5a8de5-fd01-49b5-8847-c250cf6cf7e1/reports/c56ca0bb-1aa6-4533-8ba5-eeabd0d56133","True","PowerBIReport","PBIRLegacy","System.Object[]","System.Object[]","7e5a8de5-fd01-49b5-8847-c250cf6cf7e1","DOH-Health Analytics","EPR Timesheet Dashboard"
"https://app.powerbigov.us/reportEmbed?reportId=3f0b4dd6-ae7b-4cf8-a691-db88665cc932&groupId=7e5a8de5-fd01-49b5-8847-c250cf6cf7e1&w=2&config=eyJjbHVzdGVyVXJsIjoiaHR0cHM6Ly9XQUJJLVVTLUdPVi1JT1dBLXJlZGlyZWN0LmFuYWx5c2lzLnVzZ292Y2xvdWRhcGkubmV0IiwiZW1iZWRGZWF0dXJlcyI6eyJ1c2FnZU1ldHJpY3NWTmV4dCI6dHJ1ZX19","3f0b4dd6-ae7b-4cf8-a691-db88665cc932",,"True","Death Analysis","9de0dfdd-d8b8-4806-8ead-388799cd5e8e","7e5a8de5-fd01-49b5-8847-c250cf6cf7e1","https://app.powerbigov.us/groups/7e5a8de5-fd01-49b5-8847-c250cf6cf7e1/reports/3f0b4dd6-ae7b-4cf8-a691-db88665cc932","True","PowerBIReport","PBIRLegacy","System.Object[]","System.Object[]","7e5a8de5-fd01-49b5-8847-c250cf6cf7e1","DOH-Health Analytics","Death Analysis"
"https://app.powerbigov.us/reportEmbed?reportId=aeb2c8a0-c75c-463b-95c0-a40d06b3a0fc&groupId=7e5a8de5-fd01-49b5-8847-c250cf6cf7e1&w=2&config=eyJjbHVzdGVyVXJsIjoiaHR0cHM6Ly9XQUJJLVVTLUdPVi1JT1dBLXJlZGlyZWN0LmFuYWx5c2lzLnVzZ292Y2xvdWRhcGkubmV0IiwiZW1iZWRGZWF0dXJlcyI6eyJ1c2FnZU1ldHJpY3NWTmV4dCI6dHJ1ZX19","aeb2c8a0-c75c-463b-95c0-a40d06b3a0fc",,"True","Hosp Discharge","cfabf73c-5523-4b24-932f-d80a69fec4d8","7e5a8de5-fd01-49b5-8847-c250cf6cf7e1","https://app.powerbigov.us/groups/7e5a8de5-fd01-49b5-8847-c250cf6cf7e1/reports/aeb2c8a0-c75c-463b-95c0-a40d06b3a0fc","True","PowerBIReport","PBIRLegacy","System.Object[]","System.Object[]","7e5a8de5-fd01-49b5-8847-c250cf6cf7e1","DOH-Health Analytics","Hosp Discharge"
"https://app.powerbigov.us/reportEmbed?reportId=50c363ef-509e-43d1-a449-d83fc57817df&groupId=7e5a8de5-fd01-49b5-8847-c250cf6cf7e1&w=2&config=eyJjbHVzdGVyVXJsIjoiaHR0cHM6Ly9XQUJJLVVTLUdPVi1JT1dBLXJlZGlyZWN0LmFuYWx5c2lzLnVzZ292Y2xvdWRhcGkubmV0IiwiZW1iZWRGZWF0dXJlcyI6eyJ1c2FnZU1ldHJpY3NWTmV4dCI6dHJ1ZX19","50c363ef-509e-43d1-a449-d83fc57817df",,"True","Death Analysis + Hosp Discharge + SVI","a24cb522-04a3-4d4a-b004-847457cbe239","7e5a8de5-fd01-49b5-8847-c250cf6cf7e1","https://app.powerbigov.us/groups/7e5a8de5-fd01-49b5-8847-c250cf6cf7e1/reports/50c363ef-509e-43d1-a449-d83fc57817df","True","PowerBIReport","PBIRLegacy","System.Object[]","System.Object[]","7e5a8de5-fd01-49b5-8847-c250cf6cf7e1","DOH-Health Analytics","Death Analysis + Hosp Discharge + SVI"
"https://app.powerbigov.us/reportEmbed?reportId=de3b4ac8-ccfa-45ee-a88e-191d3d9a38c2&groupId=7e5a8de5-fd01-49b5-8847-c250cf6cf7e1&w=2&config=eyJjbHVzdGVyVXJsIjoiaHR0cHM6Ly9XQUJJLVVTLUdPVi1JT1dBLXJlZGlyZWN0LmFuYWx5c2lzLnVzZ292Y2xvdWRhcGkubmV0IiwiZW1iZWRGZWF0dXJlcyI6eyJ1c2FnZU1ldHJpY3NWTmV4dCI6dHJ1ZX19","de3b4ac8-ccfa-45ee-a88e-191d3d9a38c2",,"True","COVID-19 Case Dasbhoard Internal","ae444f4f-34ca-424f-b9b7-6f8a480240a7","7e5a8de5-fd01-49b5-8847-c250cf6cf7e1","https://app.powerbigov.us/groups/7e5a8de5-fd01-49b5-8847-c250cf6cf7e1/reports/de3b4ac8-ccfa-45ee-a88e-191d3d9a38c2","True","PowerBIReport","PBIRLegacy","System.Object[]","System.Object[]","7e5a8de5-fd01-49b5-8847-c250cf6cf7e1","DOH-Health Analytics","COVID-19 Case Dasbhoard Internal"
"https://app.powerbigov.us/reportEmbed?reportId=cd534c51-02b9-4155-ac21-3ca98ac64a11&groupId=7e5a8de5-fd01-49b5-8847-c250cf6cf7e1&w=2&config=eyJjbHVzdGVyVXJsIjoiaHR0cHM6Ly9XQUJJLVVTLUdPVi1JT1dBLXJlZGlyZWN0LmFuYWx5c2lzLnVzZ292Y2xvdWRhcGkubmV0IiwiZW1iZWRGZWF0dXJlcyI6eyJ1c2FnZU1ldHJpY3NWTmV4dCI6dHJ1ZX19","cd534c51-02b9-4155-ac21-3ca98ac64a11",,"True","Wastewater Dashboard","f09bb23a-e36b-4bca-8cc5-454e9feb490e","7e5a8de5-fd01-49b5-8847-c250cf6cf7e1","https://app.powerbigov.us/groups/7e5a8de5-fd01-49b5-8847-c250cf6cf7e1/reports/cd534c51-02b9-4155-ac21-3ca98ac64a11","True","PowerBIReport","PBIRLegacy","System.Object[]","System.Object[]","7e5a8de5-fd01-49b5-8847-c250cf6cf7e1","DOH-Health Analytics","Wastewater Dashboard"
"https://app.powerbigov.us/reportEmbed?reportId=50b3f5bb-a57b-43a4-bcdc-98e2107c8769&groupId=7e5a8de5-fd01-49b5-8847-c250cf6cf7e1&w=2&config=eyJjbHVzdGVyVXJsIjoiaHR0cHM6Ly9XQUJJLVVTLUdPVi1JT1dBLXJlZGlyZWN0LmFuYWx5c2lzLnVzZ292Y2xvdWRhcGkubmV0IiwiZW1iZWRGZWF0dXJlcyI6eyJ1c2FnZU1ldHJpY3NWTmV4dCI6dHJ1ZX19","50b3f5bb-a57b-43a4-bcdc-98e2107c8769",,"True","BRFSS","72db2fcb-18f7-4fc9-90db-8b2cfc28cf5f","7e5a8de5-fd01-49b5-8847-c250cf6cf7e1","https://app.powerbigov.us/groups/7e5a8de5-fd01-49b5-8847-c250cf6cf7e1/reports/50b3f5bb-a57b-43a4-bcdc-98e2107c8769","True","PowerBIReport","PBIRLegacy","System.Object[]","System.Object[]","7e5a8de5-fd01-49b5-8847-c250cf6cf7e1","DOH-Health Analytics","BRFSS"
"https://app.powerbigov.us/reportEmbed?reportId=9dbb54f2-d8ef-446d-8c46-3d1cb1500390&groupId=7e5a8de5-fd01-49b5-8847-c250cf6cf7e1&w=2&config=eyJjbHVzdGVyVXJsIjoiaHR0cHM6Ly9XQUJJLVVTLUdPVi1JT1dBLXJlZGlyZWN0LmFuYWx5c2lzLnVzZ292Y2xvdWRhcGkubmV0IiwiZW1iZWRGZWF0dXJlcyI6eyJ1c2FnZU1ldHJpY3NWTmV4dCI6dHJ1ZX19","9dbb54f2-d8ef-446d-8c46-3d1cb1500390",,"False","Report Usage Metrics Report","229b9e7b-b3a1-4f47-bd8f-afb18d1468b2","7e5a8de5-fd01-49b5-8847-c250cf6cf7e1","https://app.powerbigov.us/groups/7e5a8de5-fd01-49b5-8847-c250cf6cf7e1/reports/9dbb54f2-d8ef-446d-8c46-3d1cb1500390","True","PowerBIReport","PBIRLegacy","System.Object[]","System.Object[]","7e5a8de5-fd01-49b5-8847-c250cf6cf7e1","DOH-Health Analytics","Report Usage Metrics Model"
"https://app.powerbigov.us/reportEmbed?reportId=c9b7ddc2-9699-43c0-9790-0220d7282dab&groupId=7e5a8de5-fd01-49b5-8847-c250cf6cf7e1&w=2&config=eyJjbHVzdGVyVXJsIjoiaHR0cHM6Ly9XQUJJLVVTLUdPVi1JT1dBLXJlZGlyZWN0LmFuYWx5c2lzLnVzZ292Y2xvdWRhcGkubmV0IiwiZW1iZWRGZWF0dXJlcyI6eyJ1c2FnZU1ldHJpY3NWTmV4dCI6dHJ1ZX19","c9b7ddc2-9699-43c0-9790-0220d7282dab",,"True","BRFSS Cass County","9c7b2245-7e2b-473b-8f80-603efedb4537","7e5a8de5-fd01-49b5-8847-c250cf6cf7e1","https://app.powerbigov.us/groups/7e5a8de5-fd01-49b5-8847-c250cf6cf7e1/reports/c9b7ddc2-9699-43c0-9790-0220d7282dab","True","PowerBIReport","PBIRLegacy","System.Object[]","System.Object[]","7e5a8de5-fd01-49b5-8847-c250cf6cf7e1","DOH-Health Analytics","BRFSS Cass County"
"https://app.powerbigov.us/reportEmbed?reportId=1832f2d3-b243-49e2-9595-f2ab3e502d03&groupId=7e5a8de5-fd01-49b5-8847-c250cf6cf7e1&w=2&config=eyJjbHVzdGVyVXJsIjoiaHR0cHM6Ly9XQUJJLVVTLUdPVi1JT1dBLXJlZGlyZWN0LmFuYWx5c2lzLnVzZ292Y2xvdWRhcGkubmV0IiwiZW1iZWRGZWF0dXJlcyI6eyJ1c2FnZU1ldHJpY3NWTmV4dCI6dHJ1ZX19","1832f2d3-b243-49e2-9595-f2ab3e502d03",,"True","Usage Metrics Report","781dc55b-5d54-459d-ba67-b5b99a0fffd4","7e5a8de5-fd01-49b5-8847-c250cf6cf7e1","https://app.powerbigov.us/groups/7e5a8de5-fd01-49b5-8847-c250cf6cf7e1/reports/1832f2d3-b243-49e2-9595-f2ab3e502d03","True","PowerBIReport","PBIRLegacy","System.Object[]","System.Object[]","7e5a8de5-fd01-49b5-8847-c250cf6cf7e1","DOH-Health Analytics","Usage Metrics Report"
"https://app.powerbigov.us/reportEmbed?reportId=b19b9648-d335-4a5e-a250-63e31e620626&groupId=7e5a8de5-fd01-49b5-8847-c250cf6cf7e1&w=2&config=eyJjbHVzdGVyVXJsIjoiaHR0cHM6Ly9XQUJJLVVTLUdPVi1JT1dBLXJlZGlyZWN0LmFuYWx5c2lzLnVzZ292Y2xvdWRhcGkubmV0IiwiZW1iZWRGZWF0dXJlcyI6eyJ1c2FnZU1ldHJpY3NWTmV4dCI6dHJ1ZX19","b19b9648-d335-4a5e-a250-63e31e620626",,"True","Stroke PMT","ab74127a-ca07-4517-bdbd-8e012663a56f","7e5a8de5-fd01-49b5-8847-c250cf6cf7e1","https://app.powerbigov.us/groups/7e5a8de5-fd01-49b5-8847-c250cf6cf7e1/reports/b19b9648-d335-4a5e-a250-63e31e620626","True","PowerBIReport","PBIRLegacy","System.Object[]","System.Object[]","7e5a8de5-fd01-49b5-8847-c250cf6cf7e1","DOH-Health Analytics","Stroke PMT"
"https://app.powerbigov.us/reportEmbed?reportId=a4804f63-6afd-4245-8635-fe80c76de750&groupId=7e5a8de5-fd01-49b5-8847-c250cf6cf7e1&w=2&config=eyJjbHVzdGVyVXJsIjoiaHR0cHM6Ly9XQUJJLVVTLUdPVi1JT1dBLXJlZGlyZWN0LmFuYWx5c2lzLnVzZ292Y2xvdWRhcGkubmV0IiwiZW1iZWRGZWF0dXJlcyI6eyJ1c2FnZU1ldHJpY3NWTmV4dCI6dHJ1ZX19","a4804f63-6afd-4245-8635-fe80c76de750",,"True","DOT Hopital discharge data","f748ba6d-42ac-479d-9f9e-10e549e49cc5","7e5a8de5-fd01-49b5-8847-c250cf6cf7e1","https://app.powerbigov.us/groups/7e5a8de5-fd01-49b5-8847-c250cf6cf7e1/reports/a4804f63-6afd-4245-8635-fe80c76de750","True","PowerBIReport","PBIRLegacy","System.Object[]","System.Object[]","7e5a8de5-fd01-49b5-8847-c250cf6cf7e1","DOH-Health Analytics","DOT Hopital discharge data"
"https://app.powerbigov.us/reportEmbed?reportId=fae1c5a2-3762-404e-b2ed-3417934e99d1&groupId=7e5a8de5-fd01-49b5-8847-c250cf6cf7e1&w=2&config=eyJjbHVzdGVyVXJsIjoiaHR0cHM6Ly9XQUJJLVVTLUdPVi1JT1dBLXJlZGlyZWN0LmFuYWx5c2lzLnVzZ292Y2xvdWRhcGkubmV0IiwiZW1iZWRGZWF0dXJlcyI6eyJ1c2FnZU1ldHJpY3NWTmV4dCI6dHJ1ZX19","fae1c5a2-3762-404e-b2ed-3417934e99d1",,"True","Stroke PMT update","9b0afa0d-1dc5-4432-a692-391795915f47","7e5a8de5-fd01-49b5-8847-c250cf6cf7e1","https://app.powerbigov.us/groups/7e5a8de5-fd01-49b5-8847-c250cf6cf7e1/reports/fae1c5a2-3762-404e-b2ed-3417934e99d1","True","PowerBIReport","PBIRLegacy","System.Object[]","System.Object[]","7e5a8de5-fd01-49b5-8847-c250cf6cf7e1","DOH-Health Analytics","Stroke PMT update"
"https://app.powerbigov.us/reportEmbed?reportId=5f859770-e765-4bd9-904b-9e354ed1a94f&groupId=7e5a8de5-fd01-49b5-8847-c250cf6cf7e1&w=2&config=eyJjbHVzdGVyVXJsIjoiaHR0cHM6Ly9XQUJJLVVTLUdPVi1JT1dBLXJlZGlyZWN0LmFuYWx5c2lzLnVzZ292Y2xvdWRhcGkubmV0IiwiZW1iZWRGZWF0dXJlcyI6eyJ1c2FnZU1ldHJpY3NWTmV4dCI6dHJ1ZX19","5f859770-e765-4bd9-904b-9e354ed1a94f",,"True","OD Dashboard","d3f241a8-5614-432a-b4b8-a0ced410f4f0","7e5a8de5-fd01-49b5-8847-c250cf6cf7e1","https://app.powerbigov.us/groups/7e5a8de5-fd01-49b5-8847-c250cf6cf7e1/reports/5f859770-e765-4bd9-904b-9e354ed1a94f","True","PowerBIReport","PBIRLegacy","System.Object[]","System.Object[]","7e5a8de5-fd01-49b5-8847-c250cf6cf7e1","DOH-Health Analytics","OD Dashboard"
"https://app.powerbigov.us/reportEmbed?reportId=89f2abb1-33f6-4451-b494-b6a6e478e580&groupId=7e5a8de5-fd01-49b5-8847-c250cf6cf7e1&w=2&config=eyJjbHVzdGVyVXJsIjoiaHR0cHM6Ly9XQUJJLVVTLUdPVi1JT1dBLXJlZGlyZWN0LmFuYWx5c2lzLnVzZ292Y2xvdWRhcGkubmV0IiwiZW1iZWRGZWF0dXJlcyI6eyJ1c2FnZU1ldHJpY3NWTmV4dCI6dHJ1ZX19","89f2abb1-33f6-4451-b494-b6a6e478e580",,"True","Community Health Dashboard","462d3759-a29b-4789-a0b4-052b79b0f2bd","7e5a8de5-fd01-49b5-8847-c250cf6cf7e1","https://app.powerbigov.us/groups/7e5a8de5-fd01-49b5-8847-c250cf6cf7e1/reports/89f2abb1-33f6-4451-b494-b6a6e478e580","True","PowerBIReport","PBIRLegacy","System.Object[]","System.Object[]","7e5a8de5-fd01-49b5-8847-c250cf6cf7e1","DOH-Health Analytics","Community Health Dashboard"
"https://app.powerbigov.us/reportEmbed?reportId=3320f86a-293a-48f2-88da-5f4d52c610e5&groupId=7e5a8de5-fd01-49b5-8847-c250cf6cf7e1&w=2&config=eyJjbHVzdGVyVXJsIjoiaHR0cHM6Ly9XQUJJLVVTLUdPVi1JT1dBLXJlZGlyZWN0LmFuYWx5c2lzLnVzZ292Y2xvdWRhcGkubmV0IiwiZW1iZWRGZWF0dXJlcyI6eyJ1c2FnZU1ldHJpY3NWTmV4dCI6dHJ1ZX19","3320f86a-293a-48f2-88da-5f4d52c610e5",,"True","Accidental Firearm Dashboard","372d4712-8439-4221-a821-aa37432fcf7c","7e5a8de5-fd01-49b5-8847-c250cf6cf7e1","https://app.powerbigov.us/groups/7e5a8de5-fd01-49b5-8847-c250cf6cf7e1/reports/3320f86a-293a-48f2-88da-5f4d52c610e5","True","PowerBIReport","PBIRLegacy","System.Object[]","System.Object[]","7e5a8de5-fd01-49b5-8847-c250cf6cf7e1","DOH-Health Analytics","Accidental Firearm Dashboard"
"https://app.powerbigov.us/reportEmbed?reportId=493a1af1-ebaa-41ed-bb88-c836d87071fe&groupId=7e5a8de5-fd01-49b5-8847-c250cf6cf7e1&w=2&config=eyJjbHVzdGVyVXJsIjoiaHR0cHM6Ly9XQUJJLVVTLUdPVi1JT1dBLXJlZGlyZWN0LmFuYWx5c2lzLnVzZ292Y2xvdWRhcGkubmV0IiwiZW1iZWRGZWF0dXJlcyI6eyJ1c2FnZU1ldHJpY3NWTmV4dCI6dHJ1ZX19","493a1af1-ebaa-41ed-bb88-c836d87071fe",,"True","PHIG Work Grant Activities for A1","f8db4f9d-ab88-46fa-aa27-2cabbd5b826f","7e5a8de5-fd01-49b5-8847-c250cf6cf7e1","https://app.powerbigov.us/groups/7e5a8de5-fd01-49b5-8847-c250cf6cf7e1/reports/493a1af1-ebaa-41ed-bb88-c836d87071fe","True","PowerBIReport","PBIRLegacy","System.Object[]","System.Object[]","7e5a8de5-fd01-49b5-8847-c250cf6cf7e1","DOH-Health Analytics","PHIG Work Grant Activities for A1"
"https://app.powerbigov.us/reportEmbed?reportId=c4b67a50-cafb-4383-bf56-497b079e4c18&groupId=7e5a8de5-fd01-49b5-8847-c250cf6cf7e1&w=2&config=eyJjbHVzdGVyVXJsIjoiaHR0cHM6Ly9XQUJJLVVTLUdPVi1JT1dBLXJlZGlyZWN0LmFuYWx5c2lzLnVzZ292Y2xvdWRhcGkubmV0IiwiZW1iZWRGZWF0dXJlcyI6eyJ1c2FnZU1ldHJpY3NWTmV4dCI6dHJ1ZX19","c4b67a50-cafb-4383-bf56-497b079e4c18",,"True","PHIG Dashboard","c997a845-5dbd-4fd6-9007-914d7cd85b77","7e5a8de5-fd01-49b5-8847-c250cf6cf7e1","https://app.powerbigov.us/groups/7e5a8de5-fd01-49b5-8847-c250cf6cf7e1/reports/c4b67a50-cafb-4383-bf56-497b079e4c18","True","PowerBIReport","PBIRLegacy","System.Object[]","System.Object[]","7e5a8de5-fd01-49b5-8847-c250cf6cf7e1","DOH-Health Analytics","PHIG Dashboard"
"https://app.powerbigov.us/reportEmbed?reportId=4ddfcdad-6496-4eb1-968a-0d7462af38b7&groupId=7e5a8de5-fd01-49b5-8847-c250cf6cf7e1&w=2&config=eyJjbHVzdGVyVXJsIjoiaHR0cHM6Ly9XQUJJLVVTLUdPVi1JT1dBLXJlZGlyZWN0LmFuYWx5c2lzLnVzZ292Y2xvdWRhcGkubmV0IiwiZW1iZWRGZWF0dXJlcyI6eyJ1c2FnZU1ldHJpY3NWTmV4dCI6dHJ1ZX19","4ddfcdad-6496-4eb1-968a-0d7462af38b7",,"True","PHIG Dashboard - Copy","ffa356b9-ce99-4310-ab6b-e9c06cdc1cdf","7e5a8de5-fd01-49b5-8847-c250cf6cf7e1","https://app.powerbigov.us/groups/7e5a8de5-fd01-49b5-8847-c250cf6cf7e1/reports/4ddfcdad-6496-4eb1-968a-0d7462af38b7","True","PowerBIReport","PBIRLegacy","System.Object[]","System.Object[]","7e5a8de5-fd01-49b5-8847-c250cf6cf7e1","DOH-Health Analytics","PHIG Dashboard - Copy"
"https://app.powerbigov.us/reportEmbed?reportId=554e6001-8053-46ba-b3e7-bac78deeb87c&groupId=7e5a8de5-fd01-49b5-8847-c250cf6cf7e1&w=2&config=eyJjbHVzdGVyVXJsIjoiaHR0cHM6Ly9XQUJJLVVTLUdPVi1JT1dBLXJlZGlyZWN0LmFuYWx5c2lzLnVzZ292Y2xvdWRhcGkubmV0IiwiZW1iZWRGZWF0dXJlcyI6eyJ1c2FnZU1ldHJpY3NWTmV4dCI6dHJ1ZX19","554e6001-8053-46ba-b3e7-bac78deeb87c",,"True","Final Suicide Dashboard Updated_Page navigator","ba8a26ef-9cdf-498e-abcd-e079b8be18c4","7e5a8de5-fd01-49b5-8847-c250cf6cf7e1","https://app.powerbigov.us/groups/7e5a8de5-fd01-49b5-8847-c250cf6cf7e1/reports/554e6001-8053-46ba-b3e7-bac78deeb87c","True","PowerBIReport","PBIRLegacy","System.Object[]","System.Object[]","7e5a8de5-fd01-49b5-8847-c250cf6cf7e1","DOH-Health Analytics","Final Suicide Dashboard Updated_Page navigator"
"https://app.powerbigov.us/reportEmbed?reportId=48711ec1-911e-4247-90a8-48a3349b8ac8&groupId=7e5a8de5-fd01-49b5-8847-c250cf6cf7e1&w=2&config=eyJjbHVzdGVyVXJsIjoiaHR0cHM6Ly9XQUJJLVVTLUdPVi1JT1dBLXJlZGlyZWN0LmFuYWx5c2lzLnVzZ292Y2xvdWRhcGkubmV0IiwiZW1iZWRGZWF0dXJlcyI6eyJ1c2FnZU1ldHJpY3NWTmV4dCI6dHJ1ZX19","48711ec1-911e-4247-90a8-48a3349b8ac8",,"True","OD Dashboard Updated_Page navigator","f41552fb-eee3-45c8-a6d1-20e5ce9ef5e4","7e5a8de5-fd01-49b5-8847-c250cf6cf7e1","https://app.powerbigov.us/groups/7e5a8de5-fd01-49b5-8847-c250cf6cf7e1/reports/48711ec1-911e-4247-90a8-48a3349b8ac8","True","PowerBIReport","PBIRLegacy","System.Object[]","System.Object[]","7e5a8de5-fd01-49b5-8847-c250cf6cf7e1","DOH-Health Analytics","OD Dashboard Updated_Page navigator"
"https://app.powerbigov.us/reportEmbed?reportId=4f89660b-2440-4e69-8795-f146dcedcd80&groupId=7e5a8de5-fd01-49b5-8847-c250cf6cf7e1&w=2&config=eyJjbHVzdGVyVXJsIjoiaHR0cHM6Ly9XQUJJLVVTLUdPVi1JT1dBLXJlZGlyZWN0LmFuYWx5c2lzLnVzZ292Y2xvdWRhcGkubmV0IiwiZW1iZWRGZWF0dXJlcyI6eyJ1c2FnZU1ldHJpY3NWTmV4dCI6dHJ1ZX19","4f89660b-2440-4e69-8795-f146dcedcd80",,"True","Autism_Data_Report","ad00385e-af27-4d84-96be-f4efd84fd930","7e5a8de5-fd01-49b5-8847-c250cf6cf7e1","https://app.powerbigov.us/groups/7e5a8de5-fd01-49b5-8847-c250cf6cf7e1/reports/4f89660b-2440-4e69-8795-f146dcedcd80","True","PowerBIReport","PBIRLegacy","System.Object[]","System.Object[]","7e5a8de5-fd01-49b5-8847-c250cf6cf7e1","DOH-Health Analytics","Autism_Data_Report"
"https://app.powerbigov.us/reportEmbed?reportId=b156fe4a-f4fd-40c1-aed4-e5012a87266f&groupId=7e5a8de5-fd01-49b5-8847-c250cf6cf7e1&w=2&config=eyJjbHVzdGVyVXJsIjoiaHR0cHM6Ly9XQUJJLVVTLUdPVi1JT1dBLXJlZGlyZWN0LmFuYWx5c2lzLnVzZ292Y2xvdWRhcGkubmV0IiwiZW1iZWRGZWF0dXJlcyI6eyJ1c2FnZU1ldHJpY3NWTmV4dCI6dHJ1ZX19","b156fe4a-f4fd-40c1-aed4-e5012a87266f",,"True","North Dakota Sexual Violence Dashboard 1.29.21","a65c8308-c933-48c6-b6a8-7c124274a8c6","7e5a8de5-fd01-49b5-8847-c250cf6cf7e1","https://app.powerbigov.us/groups/7e5a8de5-fd01-49b5-8847-c250cf6cf7e1/reports/b156fe4a-f4fd-40c1-aed4-e5012a87266f","True","PowerBIReport","PBIRLegacy","System.Object[]","System.Object[]","7e5a8de5-fd01-49b5-8847-c250cf6cf7e1","DOH-Health Analytics","North Dakota Sexual Violence Dashboard 1.29.21"
"https://app.powerbigov.us/reportEmbed?reportId=1efc0386-b82b-4363-9e37-97de40a8823f&groupId=7e5a8de5-fd01-49b5-8847-c250cf6cf7e1&w=2&config=eyJjbHVzdGVyVXJsIjoiaHR0cHM6Ly9XQUJJLVVTLUdPVi1JT1dBLXJlZGlyZWN0LmFuYWx5c2lzLnVzZ292Y2xvdWRhcGkubmV0IiwiZW1iZWRGZWF0dXJlcyI6eyJ1c2FnZU1ldHJpY3NWTmV4dCI6dHJ1ZX19","1efc0386-b82b-4363-9e37-97de40a8823f",,"True","North Dakota Sexual Violence Dashboard","3ef7fbc4-7785-4945-b6ac-f22bc57dbcf3","7e5a8de5-fd01-49b5-8847-c250cf6cf7e1","https://app.powerbigov.us/groups/7e5a8de5-fd01-49b5-8847-c250cf6cf7e1/reports/1efc0386-b82b-4363-9e37-97de40a8823f","True","PowerBIReport","PBIRLegacy","System.Object[]","System.Object[]","7e5a8de5-fd01-49b5-8847-c250cf6cf7e1","DOH-Health Analytics","North Dakota Sexual Violence Dashboard"
"https://app.powerbigov.us/reportEmbed?reportId=95ef173a-893d-47c8-a55b-f7e63cadc4b8&groupId=7e5a8de5-fd01-49b5-8847-c250cf6cf7e1&w=2&config=eyJjbHVzdGVyVXJsIjoiaHR0cHM6Ly9XQUJJLVVTLUdPVi1JT1dBLXJlZGlyZWN0LmFuYWx5c2lzLnVzZ292Y2xvdWRhcGkubmV0IiwiZW1iZWRGZWF0dXJlcyI6eyJ1c2FnZU1ldHJpY3NWTmV4dCI6dHJ1ZX19","95ef173a-893d-47c8-a55b-f7e63cadc4b8",,"True","Green Dot Dashboard","250f5590-fddb-4958-98d5-0c0a83365d3c","7e5a8de5-fd01-49b5-8847-c250cf6cf7e1","https://app.powerbigov.us/groups/7e5a8de5-fd01-49b5-8847-c250cf6cf7e1/reports/95ef173a-893d-47c8-a55b-f7e63cadc4b8","True","PowerBIReport","PBIRLegacy","System.Object[]","System.Object[]","7e5a8de5-fd01-49b5-8847-c250cf6cf7e1","DOH-Health Analytics","Green Dot Dashboard"
"https://app.powerbigov.us/reportEmbed?reportId=0ff649b5-22c4-4ea3-ad65-3c9f5015c510&groupId=7e5a8de5-fd01-49b5-8847-c250cf6cf7e1&w=2&config=eyJjbHVzdGVyVXJsIjoiaHR0cHM6Ly9XQUJJLVVTLUdPVi1JT1dBLXJlZGlyZWN0LmFuYWx5c2lzLnVzZ292Y2xvdWRhcGkubmV0IiwiZW1iZWRGZWF0dXJlcyI6eyJ1c2FnZU1ldHJpY3NWTmV4dCI6dHJ1ZX19","0ff649b5-22c4-4ea3-ad65-3c9f5015c510",,"True","Alzheimer's_Report","d7281fe8-c3bf-4556-a92e-7224651c1e4f","7e5a8de5-fd01-49b5-8847-c250cf6cf7e1","https://app.powerbigov.us/groups/7e5a8de5-fd01-49b5-8847-c250cf6cf7e1/reports/0ff649b5-22c4-4ea3-ad65-3c9f5015c510","True","PowerBIReport","PBIRLegacy","System.Object[]","System.Object[]","7e5a8de5-fd01-49b5-8847-c250cf6cf7e1","DOH-Health Analytics","Alzheimer's_Report"
"https://app.powerbigov.us/reportEmbed?reportId=26f3b6e0-1903-4549-a91c-e56a557b25c7&groupId=7e5a8de5-fd01-49b5-8847-c250cf6cf7e1&w=2&config=eyJjbHVzdGVyVXJsIjoiaHR0cHM6Ly9XQUJJLVVTLUdPVi1JT1dBLXJlZGlyZWN0LmFuYWx5c2lzLnVzZ292Y2xvdWRhcGkubmV0IiwiZW1iZWRGZWF0dXJlcyI6eyJ1c2FnZU1ldHJpY3NWTmV4dCI6dHJ1ZX19","26f3b6e0-1903-4549-a91c-e56a557b25c7",,"True","State Health Assessment Dashboard 2025 copy","e84baeb2-f9b5-482d-a702-5eaaf634a24a","7e5a8de5-fd01-49b5-8847-c250cf6cf7e1","https://app.powerbigov.us/groups/7e5a8de5-fd01-49b5-8847-c250cf6cf7e1/reports/26f3b6e0-1903-4549-a91c-e56a557b25c7","True","PowerBIReport","PBIRLegacy","System.Object[]","System.Object[]","7e5a8de5-fd01-49b5-8847-c250cf6cf7e1","DOH-Health Analytics","State Health Assessment Dashboard 2025 copy"
"https://app.powerbigov.us/reportEmbed?reportId=04c518b8-6615-45dd-9aba-ef82323fff23&groupId=7e5a8de5-fd01-49b5-8847-c250cf6cf7e1&w=2&config=eyJjbHVzdGVyVXJsIjoiaHR0cHM6Ly9XQUJJLVVTLUdPVi1JT1dBLXJlZGlyZWN0LmFuYWx5c2lzLnVzZ292Y2xvdWRhcGkubmV0IiwiZW1iZWRGZWF0dXJlcyI6eyJ1c2FnZU1ldHJpY3NWTmV4dCI6dHJ1ZX19","04c518b8-6615-45dd-9aba-ef82323fff23",,"True","MPHC Dashboard 2025","ffe238da-51c4-4ee9-b91c-923f8869ab1a","7e5a8de5-fd01-49b5-8847-c250cf6cf7e1","https://app.powerbigov.us/groups/7e5a8de5-fd01-49b5-8847-c250cf6cf7e1/reports/04c518b8-6615-45dd-9aba-ef82323fff23","True","PowerBIReport","PBIRLegacy","System.Object[]","System.Object[]","7e5a8de5-fd01-49b5-8847-c250cf6cf7e1","DOH-Health Analytics","MPHC Dashboard 2025"
"https://app.powerbigov.us/reportEmbed?reportId=1d1de3c1-95a1-4a3e-9551-1f759b4e8a0b&groupId=7e5a8de5-fd01-49b5-8847-c250cf6cf7e1&w=2&config=eyJjbHVzdGVyVXJsIjoiaHR0cHM6Ly9XQUJJLVVTLUdPVi1JT1dBLXJlZGlyZWN0LmFuYWx5c2lzLnVzZ292Y2xvdWRhcGkubmV0IiwiZW1iZWRGZWF0dXJlcyI6eyJ1c2FnZU1ldHJpY3NWTmV4dCI6dHJ1ZX19","1d1de3c1-95a1-4a3e-9551-1f759b4e8a0b",,"True","MPHC Goal Groups","19f35236-6667-4e77-bdcb-fd0b46240b52","7e5a8de5-fd01-49b5-8847-c250cf6cf7e1","https://app.powerbigov.us/groups/7e5a8de5-fd01-49b5-8847-c250cf6cf7e1/reports/1d1de3c1-95a1-4a3e-9551-1f759b4e8a0b","True","PowerBIReport","PBIRLegacy","System.Object[]","System.Object[]","7e5a8de5-fd01-49b5-8847-c250cf6cf7e1","DOH-Health Analytics","MPHC Goal Groups"
"https://app.powerbigov.us/reportEmbed?reportId=b0811bde-f3a0-4424-9703-7b25582993cf&groupId=7e5a8de5-fd01-49b5-8847-c250cf6cf7e1&w=2&config=eyJjbHVzdGVyVXJsIjoiaHR0cHM6Ly9XQUJJLVVTLUdPVi1JT1dBLXJlZGlyZWN0LmFuYWx5c2lzLnVzZ292Y2xvdWRhcGkubmV0IiwiZW1iZWRGZWF0dXJlcyI6eyJ1c2FnZU1ldHJpY3NWTmV4dCI6dHJ1ZX19","b0811bde-f3a0-4424-9703-7b25582993cf",,"True","BRFSS Website Dashboard","e6727b2d-2b26-46a5-9fe1-801ea0f45fae","7e5a8de5-fd01-49b5-8847-c250cf6cf7e1","https://app.powerbigov.us/groups/7e5a8de5-fd01-49b5-8847-c250cf6cf7e1/reports/b0811bde-f3a0-4424-9703-7b25582993cf","True","PowerBIReport","PBIRLegacy","System.Object[]","System.Object[]","7e5a8de5-fd01-49b5-8847-c250cf6cf7e1","DOH-Health Analytics","BRFSS Website Dashboard"
"https://app.powerbigov.us/reportEmbed?reportId=9ee32f19-3e12-47c4-9da8-adaad5075068&groupId=7e5a8de5-fd01-49b5-8847-c250cf6cf7e1&w=2&config=eyJjbHVzdGVyVXJsIjoiaHR0cHM6Ly9XQUJJLVVTLUdPVi1JT1dBLXJlZGlyZWN0LmFuYWx5c2lzLnVzZ292Y2xvdWRhcGkubmV0IiwiZW1iZWRGZWF0dXJlcyI6eyJ1c2FnZU1ldHJpY3NWTmV4dCI6dHJ1ZX19","9ee32f19-3e12-47c4-9da8-adaad5075068",,"True","Skill Progress","4d69d46a-4e8f-4d4c-babd-f36be99f602d","7e5a8de5-fd01-49b5-8847-c250cf6cf7e1","https://app.powerbigov.us/groups/7e5a8de5-fd01-49b5-8847-c250cf6cf7e1/reports/9ee32f19-3e12-47c4-9da8-adaad5075068","True","PowerBIReport","PBIRLegacy","System.Object[]","System.Object[]","7e5a8de5-fd01-49b5-8847-c250cf6cf7e1","DOH-Health Analytics","Skill Progress"
"https://app.powerbigov.us/reportEmbed?reportId=facabfd6-33fc-417f-bf5d-ef799eea8ddd&groupId=7e5a8de5-fd01-49b5-8847-c250cf6cf7e1&w=2&config=eyJjbHVzdGVyVXJsIjoiaHR0cHM6Ly9XQUJJLVVTLUdPVi1JT1dBLXJlZGlyZWN0LmFuYWx5c2lzLnVzZ292Y2xvdWRhcGkubmV0IiwiZW1iZWRGZWF0dXJlcyI6eyJ1c2FnZU1ldHJpY3NWTmV4dCI6dHJ1ZX19","facabfd6-33fc-417f-bf5d-ef799eea8ddd",,"True","Alzheimer's_Report - Copy","edfe17c1-face-41d3-9cf1-8ee939a848d6","7e5a8de5-fd01-49b5-8847-c250cf6cf7e1","https://app.powerbigov.us/groups/7e5a8de5-fd01-49b5-8847-c250cf6cf7e1/reports/facabfd6-33fc-417f-bf5d-ef799eea8ddd","True","PowerBIReport","PBIRLegacy","System.Object[]","System.Object[]","7e5a8de5-fd01-49b5-8847-c250cf6cf7e1","DOH-Health Analytics","Alzheimer's_Report - Copy"
"https://app.powerbigov.us/reportEmbed?reportId=70d53664-9077-4bfc-a05d-afcd03b522ec&groupId=7e5a8de5-fd01-49b5-8847-c250cf6cf7e1&w=2&config=eyJjbHVzdGVyVXJsIjoiaHR0cHM6Ly9XQUJJLVVTLUdPVi1JT1dBLXJlZGlyZWN0LmFuYWx5c2lzLnVzZ292Y2xvdWRhcGkubmV0IiwiZW1iZWRGZWF0dXJlcyI6eyJ1c2FnZU1ldHJpY3NWTmV4dCI6dHJ1ZX19","70d53664-9077-4bfc-a05d-afcd03b522ec",,"True","PHIG Work Grant Activities for A1_8.25","490baf3d-2ca6-45e8-85d4-3c92b31e959a","7e5a8de5-fd01-49b5-8847-c250cf6cf7e1","https://app.powerbigov.us/groups/7e5a8de5-fd01-49b5-8847-c250cf6cf7e1/reports/70d53664-9077-4bfc-a05d-afcd03b522ec","True","PowerBIReport","PBIRLegacy","System.Object[]","System.Object[]","7e5a8de5-fd01-49b5-8847-c250cf6cf7e1","DOH-Health Analytics","PHIG Work Grant Activities for A1_8.25"
"https://app.powerbigov.us/reportEmbed?reportId=6c22a8c5-186a-4d65-9618-3dca2e981e67&groupId=7e5a8de5-fd01-49b5-8847-c250cf6cf7e1&w=2&config=eyJjbHVzdGVyVXJsIjoiaHR0cHM6Ly9XQUJJLVVTLUdPVi1JT1dBLXJlZGlyZWN0LmFuYWx5c2lzLnVzZ292Y2xvdWRhcGkubmV0IiwiZW1iZWRGZWF0dXJlcyI6eyJ1c2FnZU1ldHJpY3NWTmV4dCI6dHJ1ZX19","6c22a8c5-186a-4d65-9618-3dca2e981e67",,"True","Editting Commissioners Dashboard","f86b1fdb-aecc-4bd9-b1aa-3aa7d5ad1242","7e5a8de5-fd01-49b5-8847-c250cf6cf7e1","https://app.powerbigov.us/groups/7e5a8de5-fd01-49b5-8847-c250cf6cf7e1/reports/6c22a8c5-186a-4d65-9618-3dca2e981e67","True","PowerBIReport","PBIRLegacy","System.Object[]","System.Object[]","7e5a8de5-fd01-49b5-8847-c250cf6cf7e1","DOH-Health Analytics","Editting Commissioners Dashboard"
"https://app.powerbigov.us/reportEmbed?reportId=99feab4e-a115-42b1-9cad-d43d822df02a&groupId=7e5a8de5-fd01-49b5-8847-c250cf6cf7e1&w=2&config=eyJjbHVzdGVyVXJsIjoiaHR0cHM6Ly9XQUJJLVVTLUdPVi1JT1dBLXJlZGlyZWN0LmFuYWx5c2lzLnVzZ292Y2xvdWRhcGkubmV0IiwiZW1iZWRGZWF0dXJlcyI6eyJ1c2FnZU1ldHJpY3NWTmV4dCI6dHJ1ZX19","99feab4e-a115-42b1-9cad-d43d822df02a",,"True","BDS_Edits_Commissioners Dashboard","6e93abb2-3cf3-454f-8a5c-1bf0c251455f","7e5a8de5-fd01-49b5-8847-c250cf6cf7e1","https://app.powerbigov.us/groups/7e5a8de5-fd01-49b5-8847-c250cf6cf7e1/reports/99feab4e-a115-42b1-9cad-d43d822df02a","True","PowerBIReport","PBIR","System.Object[]","System.Object[]","7e5a8de5-fd01-49b5-8847-c250cf6cf7e1","DOH-Health Analytics","BDS_Edits_Commissioners Dashboard"
"https://app.powerbigov.us/reportEmbed?reportId=8329e0d2-46d1-46b6-91fa-311756a28edc&groupId=7e5a8de5-fd01-49b5-8847-c250cf6cf7e1&w=2&config=eyJjbHVzdGVyVXJsIjoiaHR0cHM6Ly9XQUJJLVVTLUdPVi1JT1dBLXJlZGlyZWN0LmFuYWx5c2lzLnVzZ292Y2xvdWRhcGkubmV0IiwiZW1iZWRGZWF0dXJlcyI6eyJ1c2FnZU1ldHJpY3NWTmV4dCI6dHJ1ZX19","8329e0d2-46d1-46b6-91fa-311756a28edc",,"True","YRBS Website Dashboard","2025b678-132e-473c-9b64-da98e3a03842","7e5a8de5-fd01-49b5-8847-c250cf6cf7e1","https://app.powerbigov.us/groups/7e5a8de5-fd01-49b5-8847-c250cf6cf7e1/reports/8329e0d2-46d1-46b6-91fa-311756a28edc","True","PowerBIReport","PBIRLegacy","System.Object[]","System.Object[]","7e5a8de5-fd01-49b5-8847-c250cf6cf7e1","DOH-Health Analytics","YRBS Website Dashboard"
"https://app.powerbigov.us/reportEmbed?reportId=0651210d-235d-47ea-bd07-70f864f01a21&groupId=7e5a8de5-fd01-49b5-8847-c250cf6cf7e1&w=2&config=eyJjbHVzdGVyVXJsIjoiaHR0cHM6Ly9XQUJJLVVTLUdPVi1JT1dBLXJlZGlyZWN0LmFuYWx5c2lzLnVzZ292Y2xvdWRhcGkubmV0IiwiZW1iZWRGZWF0dXJlcyI6eyJ1c2FnZU1ldHJpY3NWTmV4dCI6dHJ1ZX19","0651210d-235d-47ea-bd07-70f864f01a21",,"True","PHIG Dashboard LPHU","1cc2b446-9cc3-4b2b-a7c7-7653524ed713","7e5a8de5-fd01-49b5-8847-c250cf6cf7e1","https://app.powerbigov.us/groups/7e5a8de5-fd01-49b5-8847-c250cf6cf7e1/reports/0651210d-235d-47ea-bd07-70f864f01a21","True","PowerBIReport","PBIRLegacy","System.Object[]","System.Object[]","7e5a8de5-fd01-49b5-8847-c250cf6cf7e1","DOH-Health Analytics","PHIG Dashboard LPHU"
"https://app.powerbigov.us/reportEmbed?reportId=674e74aa-e54c-4a82-8a4e-20c3dd64c2e0&groupId=7e5a8de5-fd01-49b5-8847-c250cf6cf7e1&w=2&config=eyJjbHVzdGVyVXJsIjoiaHR0cHM6Ly9XQUJJLVVTLUdPVi1JT1dBLXJlZGlyZWN0LmFuYWx5c2lzLnVzZ292Y2xvdWRhcGkubmV0IiwiZW1iZWRGZWF0dXJlcyI6eyJ1c2FnZU1ldHJpY3NWTmV4dCI6dHJ1ZX19","674e74aa-e54c-4a82-8a4e-20c3dd64c2e0",,"True","SDM_ND_Suicide","dfdb6559-11e3-44ae-ae50-d4a3c8abc508","7e5a8de5-fd01-49b5-8847-c250cf6cf7e1","https://app.powerbigov.us/groups/7e5a8de5-fd01-49b5-8847-c250cf6cf7e1/reports/674e74aa-e54c-4a82-8a4e-20c3dd64c2e0","True","PowerBIReport","PBIRLegacy","System.Object[]","System.Object[]","7e5a8de5-fd01-49b5-8847-c250cf6cf7e1","DOH-Health Analytics","SDM_ND_Suicide"
"https://app.powerbigov.us/reportEmbed?reportId=fa8fe73c-2eed-432e-90c1-77ff9336bd38&groupId=033d46a0-e2e2-4ab9-9405-552ad7fcd3be&w=2&config=eyJjbHVzdGVyVXJsIjoiaHR0cHM6Ly9XQUJJLVVTLUdPVi1JT1dBLXJlZGlyZWN0LmFuYWx5c2lzLnVzZ292Y2xvdWRhcGkubmV0IiwiZW1iZWRGZWF0dXJlcyI6eyJ1c2FnZU1ldHJpY3NWTmV4dCI6dHJ1ZX19","fa8fe73c-2eed-432e-90c1-77ff9336bd38",,"True","Tobacco Dashboard","787cd4bf-e69f-4c3d-9d0f-3255daf12614","033d46a0-e2e2-4ab9-9405-552ad7fcd3be","https://app.powerbigov.us/groups/033d46a0-e2e2-4ab9-9405-552ad7fcd3be/reports/fa8fe73c-2eed-432e-90c1-77ff9336bd38","True","PowerBIReport","PBIRLegacy","System.Object[]","System.Object[]","033d46a0-e2e2-4ab9-9405-552ad7fcd3be","DOH - Surveillance & Data Management","Tobacco Dashboard"
"https://app.powerbigov.us/reportEmbed?reportId=ce95df1f-42db-4908-ba8a-12a6b45d588f&groupId=033d46a0-e2e2-4ab9-9405-552ad7fcd3be&w=2&config=eyJjbHVzdGVyVXJsIjoiaHR0cHM6Ly9XQUJJLVVTLUdPVi1JT1dBLXJlZGlyZWN0LmFuYWx5c2lzLnVzZ292Y2xvdWRhcGkubmV0IiwiZW1iZWRGZWF0dXJlcyI6eyJ1c2FnZU1ldHJpY3NWTmV4dCI6dHJ1ZX19","ce95df1f-42db-4908-ba8a-12a6b45d588f",,"True","SDM_ND_Suicide","ba9c5464-6a87-414e-a9b5-21f91922f043","033d46a0-e2e2-4ab9-9405-552ad7fcd3be","https://app.powerbigov.us/groups/033d46a0-e2e2-4ab9-9405-552ad7fcd3be/reports/ce95df1f-42db-4908-ba8a-12a6b45d588f","True","PowerBIReport","PBIRLegacy","System.Object[]","System.Object[]","033d46a0-e2e2-4ab9-9405-552ad7fcd3be","DOH - Surveillance & Data Management","SDM_ND_Suicide"
"https://app.powerbigov.us/reportEmbed?reportId=06416463-785a-47c8-9734-d8f811be84ec&groupId=033d46a0-e2e2-4ab9-9405-552ad7fcd3be&w=2&config=eyJjbHVzdGVyVXJsIjoiaHR0cHM6Ly9XQUJJLVVTLUdPVi1JT1dBLXJlZGlyZWN0LmFuYWx5c2lzLnVzZ292Y2xvdWRhcGkubmV0IiwiZW1iZWRGZWF0dXJlcyI6eyJ1c2FnZU1ldHJpY3NWTmV4dCI6dHJ1ZX19","06416463-785a-47c8-9734-d8f811be84ec",,"True","Lead_december","7da8d46a-09c6-4f2d-918d-a42dc9f77bde","033d46a0-e2e2-4ab9-9405-552ad7fcd3be","https://app.powerbigov.us/groups/033d46a0-e2e2-4ab9-9405-552ad7fcd3be/reports/06416463-785a-47c8-9734-d8f811be84ec","True","PowerBIReport","PBIRLegacy","System.Object[]","System.Object[]","033d46a0-e2e2-4ab9-9405-552ad7fcd3be","DOH - Surveillance & Data Management","Lead_december"
"https://app.powerbigov.us/reportEmbed?reportId=ed7bdb00-c731-46ce-91e5-14dcfbc5d70c&groupId=033d46a0-e2e2-4ab9-9405-552ad7fcd3be&w=2&config=eyJjbHVzdGVyVXJsIjoiaHR0cHM6Ly9XQUJJLVVTLUdPVi1JT1dBLXJlZGlyZWN0LmFuYWx5c2lzLnVzZ292Y2xvdWRhcGkubmV0IiwiZW1iZWRGZWF0dXJlcyI6eyJ1c2FnZU1ldHJpY3NWTmV4dCI6dHJ1ZX19","ed7bdb00-c731-46ce-91e5-14dcfbc5d70c",,"True","Injury Prevention Dashboard_updated 8.5","7a314736-c9b6-4659-950d-5e083ae1a1ae","033d46a0-e2e2-4ab9-9405-552ad7fcd3be","https://app.powerbigov.us/groups/033d46a0-e2e2-4ab9-9405-552ad7fcd3be/reports/ed7bdb00-c731-46ce-91e5-14dcfbc5d70c","True","PowerBIReport","PBIRLegacy","System.Object[]","System.Object[]","033d46a0-e2e2-4ab9-9405-552ad7fcd3be","DOH - Surveillance & Data Management","Injury Prevention Dashboard_updated 8.5"
"https://app.powerbigov.us/reportEmbed?reportId=90ab70c4-9a67-4434-99a7-937e139a21dd&groupId=033d46a0-e2e2-4ab9-9405-552ad7fcd3be&w=2&config=eyJjbHVzdGVyVXJsIjoiaHR0cHM6Ly9XQUJJLVVTLUdPVi1JT1dBLXJlZGlyZWN0LmFuYWx5c2lzLnVzZ292Y2xvdWRhcGkubmV0IiwiZW1iZWRGZWF0dXJlcyI6eyJ1c2FnZU1ldHJpY3NWTmV4dCI6dHJ1ZX19","90ab70c4-9a67-4434-99a7-937e139a21dd",,"True","Injury Prevention Dashboard_updated 8.5.1","6e35ac88-065c-4027-8889-c026218f9e60","033d46a0-e2e2-4ab9-9405-552ad7fcd3be","https://app.powerbigov.us/groups/033d46a0-e2e2-4ab9-9405-552ad7fcd3be/reports/90ab70c4-9a67-4434-99a7-937e139a21dd","True","PowerBIReport","PBIRLegacy","System.Object[]","System.Object[]","033d46a0-e2e2-4ab9-9405-552ad7fcd3be","DOH - Surveillance & Data Management","Injury Prevention Dashboard_updated 8.5.1"
"https://app.powerbigov.us/reportEmbed?reportId=5cb96b5e-626c-4a35-94be-d3e03645b3c6&groupId=172d44aa-8bfd-44cd-95e6-0cd4038fd8ab&w=2&config=eyJjbHVzdGVyVXJsIjoiaHR0cHM6Ly9XQUJJLVVTLUdPVi1JT1dBLXJlZGlyZWN0LmFuYWx5c2lzLnVzZ292Y2xvdWRhcGkubmV0IiwiZW1iZWRGZWF0dXJlcyI6eyJ1c2FnZU1ldHJpY3NWTmV4dCI6dHJ1ZX19","5cb96b5e-626c-4a35-94be-d3e03645b3c6",,"True","Alzheimer's_Report","d09d7a73-fee8-4b38-b749-906a89814169","172d44aa-8bfd-44cd-95e6-0cd4038fd8ab","https://app.powerbigov.us/groups/172d44aa-8bfd-44cd-95e6-0cd4038fd8ab/reports/5cb96b5e-626c-4a35-94be-d3e03645b3c6","True","PowerBIReport","PBIRLegacy","System.Object[]","System.Object[]","172d44aa-8bfd-44cd-95e6-0cd4038fd8ab","DOH - Health Statistics & Performance","Alzheimer's_Report"
"https://app.powerbigov.us/reportEmbed?reportId=e0260206-b4d5-45e6-9c02-29031e8d3864&groupId=172d44aa-8bfd-44cd-95e6-0cd4038fd8ab&w=2&config=eyJjbHVzdGVyVXJsIjoiaHR0cHM6Ly9XQUJJLVVTLUdPVi1JT1dBLXJlZGlyZWN0LmFuYWx5c2lzLnVzZ292Y2xvdWRhcGkubmV0IiwiZW1iZWRGZWF0dXJlcyI6eyJ1c2FnZU1ldHJpY3NWTmV4dCI6dHJ1ZX19","e0260206-b4d5-45e6-9c02-29031e8d3864",,"True","EMS","7e048c8b-d014-4a0a-9881-8aa98d394c99","172d44aa-8bfd-44cd-95e6-0cd4038fd8ab","https://app.powerbigov.us/groups/172d44aa-8bfd-44cd-95e6-0cd4038fd8ab/reports/e0260206-b4d5-45e6-9c02-29031e8d3864","True","PowerBIReport","PBIRLegacy","System.Object[]","System.Object[]","172d44aa-8bfd-44cd-95e6-0cd4038fd8ab","DOH - Health Statistics & Performance","EMS"
"https://app.powerbigov.us/reportEmbed?reportId=771008b7-ad13-45ae-8e49-43112787c987&groupId=172d44aa-8bfd-44cd-95e6-0cd4038fd8ab&w=2&config=eyJjbHVzdGVyVXJsIjoiaHR0cHM6Ly9XQUJJLVVTLUdPVi1JT1dBLXJlZGlyZWN0LmFuYWx5c2lzLnVzZ292Y2xvdWRhcGkubmV0IiwiZW1iZWRGZWF0dXJlcyI6eyJ1c2FnZU1ldHJpY3NWTmV4dCI6dHJ1ZX19","771008b7-ad13-45ae-8e49-43112787c987",,"True","NBS Internal","b1999e32-dc98-43fd-a0fb-a3c6fcef35bb","172d44aa-8bfd-44cd-95e6-0cd4038fd8ab","https://app.powerbigov.us/groups/172d44aa-8bfd-44cd-95e6-0cd4038fd8ab/reports/771008b7-ad13-45ae-8e49-43112787c987","True","PowerBIReport","PBIRLegacy","System.Object[]","System.Object[]","172d44aa-8bfd-44cd-95e6-0cd4038fd8ab","DOH - Health Statistics & Performance","NBS Internal"
"https://app.powerbigov.us/reportEmbed?reportId=22973cab-d108-4f59-9b0e-8f4067a60045&groupId=172d44aa-8bfd-44cd-95e6-0cd4038fd8ab&w=2&config=eyJjbHVzdGVyVXJsIjoiaHR0cHM6Ly9XQUJJLVVTLUdPVi1JT1dBLXJlZGlyZWN0LmFuYWx5c2lzLnVzZ292Y2xvdWRhcGkubmV0IiwiZW1iZWRGZWF0dXJlcyI6eyJ1c2FnZU1ldHJpY3NWTmV4dCI6dHJ1ZX19","22973cab-d108-4f59-9b0e-8f4067a60045",,"True","NBS Internal - kavya","852a2a42-f00e-4462-985c-dd69c127db76","172d44aa-8bfd-44cd-95e6-0cd4038fd8ab","https://app.powerbigov.us/groups/172d44aa-8bfd-44cd-95e6-0cd4038fd8ab/reports/22973cab-d108-4f59-9b0e-8f4067a60045","True","PowerBIReport","PBIRLegacy","System.Object[]","System.Object[]","172d44aa-8bfd-44cd-95e6-0cd4038fd8ab","DOH - Health Statistics & Performance","NBS Internal - kavya"
"https://app.powerbigov.us/reportEmbed?reportId=2b151515-eb3b-4a14-973e-f198ba9517e9&groupId=172d44aa-8bfd-44cd-95e6-0cd4038fd8ab&w=2&config=eyJjbHVzdGVyVXJsIjoiaHR0cHM6Ly9XQUJJLVVTLUdPVi1JT1dBLXJlZGlyZWN0LmFuYWx5c2lzLnVzZ292Y2xvdWRhcGkubmV0IiwiZW1iZWRGZWF0dXJlcyI6eyJ1c2FnZU1ldHJpY3NWTmV4dCI6dHJ1ZX19","2b151515-eb3b-4a14-973e-f198ba9517e9",,"True","Men's Health","ac375ec2-4aca-4fec-a644-59c9e96f3838","172d44aa-8bfd-44cd-95e6-0cd4038fd8ab","https://app.powerbigov.us/groups/172d44aa-8bfd-44cd-95e6-0cd4038fd8ab/reports/2b151515-eb3b-4a14-973e-f198ba9517e9","True","PowerBIReport","PBIRLegacy","System.Object[]","System.Object[]","172d44aa-8bfd-44cd-95e6-0cd4038fd8ab","DOH - Health Statistics & Performance","Men's Health"
"https://app.powerbigov.us/reportEmbed?reportId=f655b991-8365-4670-8d90-d99187daa1e0&groupId=172d44aa-8bfd-44cd-95e6-0cd4038fd8ab&w=2&config=eyJjbHVzdGVyVXJsIjoiaHR0cHM6Ly9XQUJJLVVTLUdPVi1JT1dBLXJlZGlyZWN0LmFuYWx5c2lzLnVzZ292Y2xvdWRhcGkubmV0IiwiZW1iZWRGZWF0dXJlcyI6eyJ1c2FnZU1ldHJpY3NWTmV4dCI6dHJ1ZX19","f655b991-8365-4670-8d90-d99187daa1e0",,"True","MCH Dashboard - FAD 2020-2021","1527e367-db80-4cf4-919d-0dbf50a6d68e","172d44aa-8bfd-44cd-95e6-0cd4038fd8ab","https://app.powerbigov.us/groups/172d44aa-8bfd-44cd-95e6-0cd4038fd8ab/reports/f655b991-8365-4670-8d90-d99187daa1e0","True","PowerBIReport","PBIRLegacy","System.Object[]","System.Object[]","172d44aa-8bfd-44cd-95e6-0cd4038fd8ab","DOH - Health Statistics & Performance","MCH Dashboard - FAD 2020-2021"
"https://app.powerbigov.us/reportEmbed?reportId=9b4e8f14-2c0c-4d25-869c-cd523c068640&groupId=172d44aa-8bfd-44cd-95e6-0cd4038fd8ab&w=2&config=eyJjbHVzdGVyVXJsIjoiaHR0cHM6Ly9XQUJJLVVTLUdPVi1JT1dBLXJlZGlyZWN0LmFuYWx5c2lzLnVzZ292Y2xvdWRhcGkubmV0IiwiZW1iZWRGZWF0dXJlcyI6eyJ1c2FnZU1ldHJpY3NWTmV4dCI6dHJ1ZX19","9b4e8f14-2c0c-4d25-869c-cd523c068640",,"True","SHS_NextReview","9dbe9bdf-5ad4-4f7e-be70-038b0d83fa72","172d44aa-8bfd-44cd-95e6-0cd4038fd8ab","https://app.powerbigov.us/groups/172d44aa-8bfd-44cd-95e6-0cd4038fd8ab/reports/9b4e8f14-2c0c-4d25-869c-cd523c068640","True","PowerBIReport","PBIRLegacy","System.Object[]","System.Object[]","172d44aa-8bfd-44cd-95e6-0cd4038fd8ab","DOH - Health Statistics & Performance","SHS_NextReview"
"https://app.powerbigov.us/reportEmbed?reportId=e9a47f56-9fc4-4485-9df3-a26da21f5576&groupId=172d44aa-8bfd-44cd-95e6-0cd4038fd8ab&w=2&config=eyJjbHVzdGVyVXJsIjoiaHR0cHM6Ly9XQUJJLVVTLUdPVi1JT1dBLXJlZGlyZWN0LmFuYWx5c2lzLnVzZ292Y2xvdWRhcGkubmV0IiwiZW1iZWRGZWF0dXJlcyI6eyJ1c2FnZU1ldHJpY3NWTmV4dCI6dHJ1ZX19","e9a47f56-9fc4-4485-9df3-a26da21f5576",,"True","SHS_Claims","98a4e8c8-0336-403f-aaab-2bc5be25495b","172d44aa-8bfd-44cd-95e6-0cd4038fd8ab","https://app.powerbigov.us/groups/172d44aa-8bfd-44cd-95e6-0cd4038fd8ab/reports/e9a47f56-9fc4-4485-9df3-a26da21f5576","True","PowerBIReport","PBIRLegacy","System.Object[]","System.Object[]","172d44aa-8bfd-44cd-95e6-0cd4038fd8ab","DOH - Health Statistics & Performance","SHS_Claims"
"https://app.powerbigov.us/reportEmbed?reportId=649354c5-0f35-47b6-aee9-1fa4c9672330&groupId=172d44aa-8bfd-44cd-95e6-0cd4038fd8ab&w=2&config=eyJjbHVzdGVyVXJsIjoiaHR0cHM6Ly9XQUJJLVVTLUdPVi1JT1dBLXJlZGlyZWN0LmFuYWx5c2lzLnVzZ292Y2xvdWRhcGkubmV0IiwiZW1iZWRGZWF0dXJlcyI6eyJ1c2FnZU1ldHJpY3NWTmV4dCI6dHJ1ZX19","649354c5-0f35-47b6-aee9-1fa4c9672330",,"True","SHS_PaidClaims","8c99d649-34fc-41ce-b115-0c03a2703b11","172d44aa-8bfd-44cd-95e6-0cd4038fd8ab","https://app.powerbigov.us/groups/172d44aa-8bfd-44cd-95e6-0cd4038fd8ab/reports/649354c5-0f35-47b6-aee9-1fa4c9672330","True","PowerBIReport","PBIRLegacy","System.Object[]","System.Object[]","172d44aa-8bfd-44cd-95e6-0cd4038fd8ab","DOH - Health Statistics & Performance","SHS_PaidClaims"
"https://app.powerbigov.us/reportEmbed?reportId=b588bc21-a208-44fb-9e3e-7c6cd7feb906&groupId=172d44aa-8bfd-44cd-95e6-0cd4038fd8ab&w=2&config=eyJjbHVzdGVyVXJsIjoiaHR0cHM6Ly9XQUJJLVVTLUdPVi1JT1dBLXJlZGlyZWN0LmFuYWx5c2lzLnVzZ292Y2xvdWRhcGkubmV0IiwiZW1iZWRGZWF0dXJlcyI6eyJ1c2FnZU1ldHJpY3NWTmV4dCI6dHJ1ZX19","b588bc21-a208-44fb-9e3e-7c6cd7feb906",,"True","SHS_ProgramData","ad9c8799-8e93-4810-a0b1-0a800ccca895","172d44aa-8bfd-44cd-95e6-0cd4038fd8ab","https://app.powerbigov.us/groups/172d44aa-8bfd-44cd-95e6-0cd4038fd8ab/reports/b588bc21-a208-44fb-9e3e-7c6cd7feb906","True","PowerBIReport","PBIRLegacy","System.Object[]","System.Object[]","172d44aa-8bfd-44cd-95e6-0cd4038fd8ab","DOH - Health Statistics & Performance","SHS_ProgramData"
"https://app.powerbigov.us/reportEmbed?reportId=9fa45b4a-eec4-4dcd-b775-417fc088cbf7&groupId=172d44aa-8bfd-44cd-95e6-0cd4038fd8ab&w=2&config=eyJjbHVzdGVyVXJsIjoiaHR0cHM6Ly9XQUJJLVVTLUdPVi1JT1dBLXJlZGlyZWN0LmFuYWx5c2lzLnVzZ292Y2xvdWRhcGkubmV0IiwiZW1iZWRGZWF0dXJlcyI6eyJ1c2FnZU1ldHJpY3NWTmV4dCI6dHJ1ZX19","9fa45b4a-eec4-4dcd-b775-417fc088cbf7",,"True","SHS_Insurance","b68a1cde-5783-431f-b6c7-3fe8ad85e978","172d44aa-8bfd-44cd-95e6-0cd4038fd8ab","https://app.powerbigov.us/groups/172d44aa-8bfd-44cd-95e6-0cd4038fd8ab/reports/9fa45b4a-eec4-4dcd-b775-417fc088cbf7","True","PowerBIReport","PBIRLegacy","System.Object[]","System.Object[]","172d44aa-8bfd-44cd-95e6-0cd4038fd8ab","DOH - Health Statistics & Performance","SHS_Insurance"
"https://app.powerbigov.us/reportEmbed?reportId=ed431c7e-c7ba-405b-b0ac-b0f96f118533&groupId=172d44aa-8bfd-44cd-95e6-0cd4038fd8ab&w=2&config=eyJjbHVzdGVyVXJsIjoiaHR0cHM6Ly9XQUJJLVVTLUdPVi1JT1dBLXJlZGlyZWN0LmFuYWx5c2lzLnVzZ292Y2xvdWRhcGkubmV0IiwiZW1iZWRGZWF0dXJlcyI6eyJ1c2FnZU1ldHJpY3NWTmV4dCI6dHJ1ZX19","ed431c7e-c7ba-405b-b0ac-b0f96f118533",,"True","SHS_CostShare","c1793710-29f7-4de2-b423-a1ef1b97d677","172d44aa-8bfd-44cd-95e6-0cd4038fd8ab","https://app.powerbigov.us/groups/172d44aa-8bfd-44cd-95e6-0cd4038fd8ab/reports/ed431c7e-c7ba-405b-b0ac-b0f96f118533","True","PowerBIReport","PBIRLegacy","System.Object[]","System.Object[]","172d44aa-8bfd-44cd-95e6-0cd4038fd8ab","DOH - Health Statistics & Performance","SHS_CostShare"
"https://app.powerbigov.us/scorecardEmbed?scorecardId=dc59e9b8-76bc-4829-863c-8a834a2b709d&config=eyJjbHVzdGVyVXJsIjoiaHR0cHM6Ly9XQUJJLVVTLUdPVi1JT1dBLXJlZGlyZWN0LmFuYWx5c2lzLnVzZ292Y2xvdWRhcGkubmV0IiwiZW1iZWRGZWF0dXJlcyI6e319","dc59e9b8-76bc-4829-863c-8a834a2b709d",,"True","Untitled Scorecard","f91cff45-5840-4ddc-812e-0aba315fd79a","172d44aa-8bfd-44cd-95e6-0cd4038fd8ab","https://app.powerbigov.us/groups/172d44aa-8bfd-44cd-95e6-0cd4038fd8ab/reports/dc59e9b8-76bc-4829-863c-8a834a2b709d","True","PowerBIReport","PBIRLegacy","System.Object[]","System.Object[]","172d44aa-8bfd-44cd-95e6-0cd4038fd8ab","DOH - Health Statistics & Performance","Untitled Scorecard"
"https://app.powerbigov.us/scorecardEmbed?scorecardId=9e407e2d-4049-4a24-b83d-c33d9fc4568a&config=eyJjbHVzdGVyVXJsIjoiaHR0cHM6Ly9XQUJJLVVTLUdPVi1JT1dBLXJlZGlyZWN0LmFuYWx5c2lzLnVzZ292Y2xvdWRhcGkubmV0IiwiZW1iZWRGZWF0dXJlcyI6e319","9e407e2d-4049-4a24-b83d-c33d9fc4568a",,"True","Test Strategic Plan","7a9c8e2c-2a9b-4312-a5ba-338ad4d22555","172d44aa-8bfd-44cd-95e6-0cd4038fd8ab","https://app.powerbigov.us/groups/172d44aa-8bfd-44cd-95e6-0cd4038fd8ab/reports/9e407e2d-4049-4a24-b83d-c33d9fc4568a","True","PowerBIReport","PBIRLegacy","System.Object[]","System.Object[]","172d44aa-8bfd-44cd-95e6-0cd4038fd8ab","DOH - Health Statistics & Performance","Test Strategic Plan"
"https://app.powerbigov.us/scorecardEmbed?scorecardId=261e5eb6-5602-4812-8351-c3699319d96f&config=eyJjbHVzdGVyVXJsIjoiaHR0cHM6Ly9XQUJJLVVTLUdPVi1JT1dBLXJlZGlyZWN0LmFuYWx5c2lzLnVzZ292Y2xvdWRhcGkubmV0IiwiZW1iZWRGZWF0dXJlcyI6e319","261e5eb6-5602-4812-8351-c3699319d96f",,"True","Demo Progress Tracking","d8ad7e43-f1aa-42a3-9b21-fc4dab65e6e9","172d44aa-8bfd-44cd-95e6-0cd4038fd8ab","https://app.powerbigov.us/groups/172d44aa-8bfd-44cd-95e6-0cd4038fd8ab/reports/261e5eb6-5602-4812-8351-c3699319d96f","True","PowerBIReport","PBIRLegacy","System.Object[]","System.Object[]","172d44aa-8bfd-44cd-95e6-0cd4038fd8ab","DOH - Health Statistics & Performance","Demo Progress Tracking"
"https://app.powerbigov.us/reportEmbed?reportId=bab8e59a-22fc-455a-8a85-eee4dbdaf763&groupId=172d44aa-8bfd-44cd-95e6-0cd4038fd8ab&w=2&config=eyJjbHVzdGVyVXJsIjoiaHR0cHM6Ly9XQUJJLVVTLUdPVi1JT1dBLXJlZGlyZWN0LmFuYWx5c2lzLnVzZ292Y2xvdWRhcGkubmV0IiwiZW1iZWRGZWF0dXJlcyI6eyJ1c2FnZU1ldHJpY3NWTmV4dCI6dHJ1ZX19","bab8e59a-22fc-455a-8a85-eee4dbdaf763",,"False","Demo Metrics","d8ad7e43-f1aa-42a3-9b21-fc4dab65e6e9","172d44aa-8bfd-44cd-95e6-0cd4038fd8ab","https://app.powerbigov.us/groups/172d44aa-8bfd-44cd-95e6-0cd4038fd8ab/reports/bab8e59a-22fc-455a-8a85-eee4dbdaf763","True","PowerBIReport","PBIRLegacy","System.Object[]","System.Object[]","172d44aa-8bfd-44cd-95e6-0cd4038fd8ab","DOH - Health Statistics & Performance","Demo Progress Tracking"
"https://app.powerbigov.us/reportEmbed?reportId=6a99f6f7-2fe7-44a3-99f6-a5bf9967fec7&groupId=172d44aa-8bfd-44cd-95e6-0cd4038fd8ab&w=2&config=eyJjbHVzdGVyVXJsIjoiaHR0cHM6Ly9XQUJJLVVTLUdPVi1JT1dBLXJlZGlyZWN0LmFuYWx5c2lzLnVzZ292Y2xvdWRhcGkubmV0IiwiZW1iZWRGZWF0dXJlcyI6eyJ1c2FnZU1ldHJpY3NWTmV4dCI6dHJ1ZX19","6a99f6f7-2fe7-44a3-99f6-a5bf9967fec7",,"True","Scorecards BI","d8ad7e43-f1aa-42a3-9b21-fc4dab65e6e9","172d44aa-8bfd-44cd-95e6-0cd4038fd8ab","https://app.powerbigov.us/groups/172d44aa-8bfd-44cd-95e6-0cd4038fd8ab/reports/6a99f6f7-2fe7-44a3-99f6-a5bf9967fec7","True","PowerBIReport","PBIRLegacy","System.Object[]","System.Object[]","172d44aa-8bfd-44cd-95e6-0cd4038fd8ab","DOH - Health Statistics & Performance","Demo Progress Tracking"
"https://app.powerbigov.us/reportEmbed?reportId=a52d678e-b5b7-4c73-bda5-dc092d77947c&groupId=172d44aa-8bfd-44cd-95e6-0cd4038fd8ab&w=2&config=eyJjbHVzdGVyVXJsIjoiaHR0cHM6Ly9XQUJJLVVTLUdPVi1JT1dBLXJlZGlyZWN0LmFuYWx5c2lzLnVzZ292Y2xvdWRhcGkubmV0IiwiZW1iZWRGZWF0dXJlcyI6eyJ1c2FnZU1ldHJpY3NWTmV4dCI6dHJ1ZX19","a52d678e-b5b7-4c73-bda5-dc092d77947c",,"True","Occupational Health Dashboard","74191dce-31e6-425c-9366-389be3e9fdf4","172d44aa-8bfd-44cd-95e6-0cd4038fd8ab","https://app.powerbigov.us/groups/172d44aa-8bfd-44cd-95e6-0cd4038fd8ab/reports/a52d678e-b5b7-4c73-bda5-dc092d77947c","True","PowerBIReport","PBIRLegacy","System.Object[]","System.Object[]","172d44aa-8bfd-44cd-95e6-0cd4038fd8ab","DOH - Health Statistics & Performance","Occupational Health Dashboard"
"https://app.powerbigov.us/reportEmbed?reportId=4db7ea35-afa7-4e46-a6eb-36638126025a&groupId=172d44aa-8bfd-44cd-95e6-0cd4038fd8ab&w=2&config=eyJjbHVzdGVyVXJsIjoiaHR0cHM6Ly9XQUJJLVVTLUdPVi1JT1dBLXJlZGlyZWN0LmFuYWx5c2lzLnVzZ292Y2xvdWRhcGkubmV0IiwiZW1iZWRGZWF0dXJlcyI6eyJ1c2FnZU1ldHJpY3NWTmV4dCI6dHJ1ZX19","4db7ea35-afa7-4e46-a6eb-36638126025a",,"True","Poison Control Internal Dashboard","9e482995-e194-4fb7-b101-c88d70823dad","172d44aa-8bfd-44cd-95e6-0cd4038fd8ab","https://app.powerbigov.us/groups/172d44aa-8bfd-44cd-95e6-0cd4038fd8ab/reports/4db7ea35-afa7-4e46-a6eb-36638126025a","True","PowerBIReport","PBIRLegacy","System.Object[]","System.Object[]","172d44aa-8bfd-44cd-95e6-0cd4038fd8ab","DOH - Health Statistics & Performance","Poison Control Internal Dashboard"
"https://app.powerbigov.us/reportEmbed?reportId=23a7b518-2e5f-4b7b-a8fb-63c8c1810180&groupId=172d44aa-8bfd-44cd-95e6-0cd4038fd8ab&w=2&config=eyJjbHVzdGVyVXJsIjoiaHR0cHM6Ly9XQUJJLVVTLUdPVi1JT1dBLXJlZGlyZWN0LmFuYWx5c2lzLnVzZ292Y2xvdWRhcGkubmV0IiwiZW1iZWRGZWF0dXJlcyI6eyJ1c2FnZU1ldHJpY3NWTmV4dCI6dHJ1ZX19","23a7b518-2e5f-4b7b-a8fb-63c8c1810180",,"True","ND Moves Together Metrics","9df5b056-4d7e-4038-a058-e62dffcd5cea","172d44aa-8bfd-44cd-95e6-0cd4038fd8ab","https://app.powerbigov.us/groups/172d44aa-8bfd-44cd-95e6-0cd4038fd8ab/reports/23a7b518-2e5f-4b7b-a8fb-63c8c1810180","True","PowerBIReport","PBIRLegacy","System.Object[]","System.Object[]","172d44aa-8bfd-44cd-95e6-0cd4038fd8ab","DOH - Health Statistics & Performance","ND Moves Together Metrics"
"https://app.powerbigov.us/reportEmbed?reportId=12e65bd3-62cd-4a24-aa54-291dc280bc67&groupId=172d44aa-8bfd-44cd-95e6-0cd4038fd8ab&w=2&config=eyJjbHVzdGVyVXJsIjoiaHR0cHM6Ly9XQUJJLVVTLUdPVi1JT1dBLXJlZGlyZWN0LmFuYWx5c2lzLnVzZ292Y2xvdWRhcGkubmV0IiwiZW1iZWRGZWF0dXJlcyI6eyJ1c2FnZU1ldHJpY3NWTmV4dCI6dHJ1ZX19","12e65bd3-62cd-4a24-aa54-291dc280bc67",,"True","Usage Metrics Report","0c029b93-e884-4ef9-81bc-c269035bb0a8","172d44aa-8bfd-44cd-95e6-0cd4038fd8ab","https://app.powerbigov.us/groups/172d44aa-8bfd-44cd-95e6-0cd4038fd8ab/reports/12e65bd3-62cd-4a24-aa54-291dc280bc67","True","PowerBIReport","PBIRLegacy","System.Object[]","System.Object[]","172d44aa-8bfd-44cd-95e6-0cd4038fd8ab","DOH - Health Statistics & Performance","Usage Metrics Report"
"https://app.powerbigov.us/reportEmbed?reportId=397991bf-3381-44cc-bf1b-2c06b55f2b46&groupId=133a4bce-010e-4e8c-b875-d6c8e33b6573&w=2&config=eyJjbHVzdGVyVXJsIjoiaHR0cHM6Ly9XQUJJLVVTLUdPVi1JT1dBLXJlZGlyZWN0LmFuYWx5c2lzLnVzZ292Y2xvdWRhcGkubmV0IiwiZW1iZWRGZWF0dXJlcyI6eyJ1c2FnZU1ldHJpY3NWTmV4dCI6dHJ1ZX19","397991bf-3381-44cc-bf1b-2c06b55f2b46",,"True","LTBI Pen Dash.- Sandy-DOH102394","60ccb310-506e-4c5f-846b-d2364a2f3c4f","133a4bce-010e-4e8c-b875-d6c8e33b6573","https://app.powerbigov.us/groups/133a4bce-010e-4e8c-b875-d6c8e33b6573/reports/397991bf-3381-44cc-bf1b-2c06b55f2b46","True","PowerBIReport","PBIRLegacy","System.Object[]","System.Object[]","133a4bce-010e-4e8c-b875-d6c8e33b6573","DOH-STI & Bloodborne Diseases Unit","LTBI Pen Dash.- Sandy-DOH102394"
"https://app.powerbigov.us/reportEmbed?reportId=d4ca3332-c481-42df-8604-80134017954d&groupId=133a4bce-010e-4e8c-b875-d6c8e33b6573&w=2&config=eyJjbHVzdGVyVXJsIjoiaHR0cHM6Ly9XQUJJLVVTLUdPVi1JT1dBLXJlZGlyZWN0LmFuYWx5c2lzLnVzZ292Y2xvdWRhcGkubmV0IiwiZW1iZWRGZWF0dXJlcyI6eyJ1c2FnZU1ldHJpY3NWTmV4dCI6dHJ1ZX19","d4ca3332-c481-42df-8604-80134017954d",,"True","Services & ADAP_GC","331369d6-8ad4-48ba-984d-56af3a9844eb","133a4bce-010e-4e8c-b875-d6c8e33b6573","https://app.powerbigov.us/groups/133a4bce-010e-4e8c-b875-d6c8e33b6573/reports/d4ca3332-c481-42df-8604-80134017954d","True","PowerBIReport","PBIRLegacy","System.Object[]","System.Object[]","133a4bce-010e-4e8c-b875-d6c8e33b6573","DOH-STI & Bloodborne Diseases Unit","Services & ADAP_GC"
"https://app.powerbigov.us/reportEmbed?reportId=6d81688b-bf26-49c4-a9f7-3663a3c3e474&groupId=133a4bce-010e-4e8c-b875-d6c8e33b6573&w=2&config=eyJjbHVzdGVyVXJsIjoiaHR0cHM6Ly9XQUJJLVVTLUdPVi1JT1dBLXJlZGlyZWN0LmFuYWx5c2lzLnVzZ292Y2xvdWRhcGkubmV0IiwiZW1iZWRGZWF0dXJlcyI6eyJ1c2FnZU1ldHJpY3NWTmV4dCI6dHJ1ZX19","6d81688b-bf26-49c4-a9f7-3663a3c3e474",,"True","HCV dash auto-update","a534bde4-7679-436d-b4c2-2b60d7af15fe","133a4bce-010e-4e8c-b875-d6c8e33b6573","https://app.powerbigov.us/groups/133a4bce-010e-4e8c-b875-d6c8e33b6573/reports/6d81688b-bf26-49c4-a9f7-3663a3c3e474","True","PowerBIReport","PBIRLegacy","System.Object[]","System.Object[]","133a4bce-010e-4e8c-b875-d6c8e33b6573","DOH-STI & Bloodborne Diseases Unit","HCV dash auto-update"
"https://app.powerbigov.us/reportEmbed?reportId=b34d9153-d473-4029-b798-74bcd80f0a6d&groupId=133a4bce-010e-4e8c-b875-d6c8e33b6573&w=2&config=eyJjbHVzdGVyVXJsIjoiaHR0cHM6Ly9XQUJJLVVTLUdPVi1JT1dBLXJlZGlyZWN0LmFuYWx5c2lzLnVzZ292Y2xvdWRhcGkubmV0IiwiZW1iZWRGZWF0dXJlcyI6eyJ1c2FnZU1ldHJpY3NWTmV4dCI6dHJ1ZX19","b34d9153-d473-4029-b798-74bcd80f0a6d",,"True","Dash for HIV plan","61ae61d3-c4f4-43c6-8436-1ef7de5e8620","133a4bce-010e-4e8c-b875-d6c8e33b6573","https://app.powerbigov.us/groups/133a4bce-010e-4e8c-b875-d6c8e33b6573/reports/b34d9153-d473-4029-b798-74bcd80f0a6d","True","PowerBIReport","PBIRLegacy","System.Object[]","System.Object[]","133a4bce-010e-4e8c-b875-d6c8e33b6573","DOH-STI & Bloodborne Diseases Unit","Dash for HIV plan"
"https://app.powerbigov.us/reportEmbed?reportId=b3e04ff2-b26a-4db7-99ad-9070dc899c38&groupId=133a4bce-010e-4e8c-b875-d6c8e33b6573&w=2&config=eyJjbHVzdGVyVXJsIjoiaHR0cHM6Ly9XQUJJLVVTLUdPVi1JT1dBLXJlZGlyZWN0LmFuYWx5c2lzLnVzZ292Y2xvdWRhcGkubmV0IiwiZW1iZWRGZWF0dXJlcyI6eyJ1c2FnZU1ldHJpY3NWTmV4dCI6dHJ1ZX19","b3e04ff2-b26a-4db7-99ad-9070dc899c38",,"True","STDs Performance Measures auto update","0594917e-ac1b-4b3f-b927-dc56fce6b974","133a4bce-010e-4e8c-b875-d6c8e33b6573","https://app.powerbigov.us/groups/133a4bce-010e-4e8c-b875-d6c8e33b6573/reports/b3e04ff2-b26a-4db7-99ad-9070dc899c38","True","PowerBIReport","PBIRLegacy","System.Object[]","System.Object[]","133a4bce-010e-4e8c-b875-d6c8e33b6573","DOH-STI & Bloodborne Diseases Unit","STDs Performance Measures auto update"
"https://app.powerbigov.us/reportEmbed?reportId=1a737d4a-f41c-44e7-a31e-a4e93ce20318&groupId=133a4bce-010e-4e8c-b875-d6c8e33b6573&w=2&config=eyJjbHVzdGVyVXJsIjoiaHR0cHM6Ly9XQUJJLVVTLUdPVi1JT1dBLXJlZGlyZWN0LmFuYWx5c2lzLnVzZ292Y2xvdWRhcGkubmV0IiwiZW1iZWRGZWF0dXJlcyI6eyJ1c2FnZU1ldHJpY3NWTmV4dCI6dHJ1ZX19","1a737d4a-f41c-44e7-a31e-a4e93ce20318",,"True","SSP Dashboards auto-update","c5b1fce1-c18a-4e30-972d-b7cc6da9903b","133a4bce-010e-4e8c-b875-d6c8e33b6573","https://app.powerbigov.us/groups/133a4bce-010e-4e8c-b875-d6c8e33b6573/reports/1a737d4a-f41c-44e7-a31e-a4e93ce20318","True","PowerBIReport","PBIRLegacy","System.Object[]","System.Object[]","133a4bce-010e-4e8c-b875-d6c8e33b6573","DOH-STI & Bloodborne Diseases Unit","SSP Dashboards auto-update"
"https://app.powerbigov.us/reportEmbed?reportId=e0c52882-da6e-45bf-a26b-154799cd3d7a&groupId=133a4bce-010e-4e8c-b875-d6c8e33b6573&w=2&config=eyJjbHVzdGVyVXJsIjoiaHR0cHM6Ly9XQUJJLVVTLUdPVi1JT1dBLXJlZGlyZWN0LmFuYWx5c2lzLnVzZ292Y2xvdWRhcGkubmV0IiwiZW1iZWRGZWF0dXJlcyI6eyJ1c2FnZU1ldHJpY3NWTmV4dCI6dHJ1ZX19","e0c52882-da6e-45bf-a26b-154799cd3d7a",,"True","CTR everyday By sites new, auto-update","9d00fa48-d816-4779-8fd7-dfe76520d2c1","133a4bce-010e-4e8c-b875-d6c8e33b6573","https://app.powerbigov.us/groups/133a4bce-010e-4e8c-b875-d6c8e33b6573/reports/e0c52882-da6e-45bf-a26b-154799cd3d7a","True","PowerBIReport","PBIRLegacy","System.Object[]","System.Object[]","133a4bce-010e-4e8c-b875-d6c8e33b6573","DOH-STI & Bloodborne Diseases Unit","CTR everyday By sites new, auto-update"
"https://app.powerbigov.us/reportEmbed?reportId=67af19f6-8f1a-4976-af94-e86d43eb4547&groupId=133a4bce-010e-4e8c-b875-d6c8e33b6573&w=2&config=eyJjbHVzdGVyVXJsIjoiaHR0cHM6Ly9XQUJJLVVTLUdPVi1JT1dBLXJlZGlyZWN0LmFuYWx5c2lzLnVzZ292Y2xvdWRhcGkubmV0IiwiZW1iZWRGZWF0dXJlcyI6eyJ1c2FnZU1ldHJpY3NWTmV4dCI6dHJ1ZX19","67af19f6-8f1a-4976-af94-e86d43eb4547",,"True","RW Demographics Dashboard","e5ac19a0-6606-4c70-9100-84d1fafb1d0f","133a4bce-010e-4e8c-b875-d6c8e33b6573","https://app.powerbigov.us/groups/133a4bce-010e-4e8c-b875-d6c8e33b6573/reports/67af19f6-8f1a-4976-af94-e86d43eb4547","True","PowerBIReport","PBIRLegacy","System.Object[]","System.Object[]","133a4bce-010e-4e8c-b875-d6c8e33b6573","DOH-STI & Bloodborne Diseases Unit","RW Demographics Dashboard"
"https://app.powerbigov.us/reportEmbed?reportId=353cdda3-7345-431c-9eb6-a8ef50380bfe&groupId=133a4bce-010e-4e8c-b875-d6c8e33b6573&w=2&config=eyJjbHVzdGVyVXJsIjoiaHR0cHM6Ly9XQUJJLVVTLUdPVi1JT1dBLXJlZGlyZWN0LmFuYWx5c2lzLnVzZ292Y2xvdWRhcGkubmV0IiwiZW1iZWRGZWF0dXJlcyI6eyJ1c2FnZU1ldHJpY3NWTmV4dCI6dHJ1ZX19","353cdda3-7345-431c-9eb6-a8ef50380bfe",,"True","At-Home testing auto-update","88c84d3c-a34c-49bd-b1b6-d3bfc4d93197","133a4bce-010e-4e8c-b875-d6c8e33b6573","https://app.powerbigov.us/groups/133a4bce-010e-4e8c-b875-d6c8e33b6573/reports/353cdda3-7345-431c-9eb6-a8ef50380bfe","True","PowerBIReport","PBIRLegacy","System.Object[]","System.Object[]","133a4bce-010e-4e8c-b875-d6c8e33b6573","DOH-STI & Bloodborne Diseases Unit","At-Home testing auto-update"
"https://app.powerbigov.us/reportEmbed?reportId=2b1c397c-31bd-4f3b-b61d-cb66327d97b3&groupId=133a4bce-010e-4e8c-b875-d6c8e33b6573&w=2&config=eyJjbHVzdGVyVXJsIjoiaHR0cHM6Ly9XQUJJLVVTLUdPVi1JT1dBLXJlZGlyZWN0LmFuYWx5c2lzLnVzZ292Y2xvdWRhcGkubmV0IiwiZW1iZWRGZWF0dXJlcyI6eyJ1c2FnZU1ldHJpY3NWTmV4dCI6dHJ1ZX19","2b1c397c-31bd-4f3b-b61d-cb66327d97b3",,"True","EpiProfile-AllDiseases","6e107ab6-7426-407f-90ae-2fb6ffa237d3","133a4bce-010e-4e8c-b875-d6c8e33b6573","https://app.powerbigov.us/groups/133a4bce-010e-4e8c-b875-d6c8e33b6573/reports/2b1c397c-31bd-4f3b-b61d-cb66327d97b3","True","PowerBIReport","PBIRLegacy","System.Object[]","System.Object[]","133a4bce-010e-4e8c-b875-d6c8e33b6573","DOH-STI & Bloodborne Diseases Unit","EpiProfile-AllDiseases"
"https://app.powerbigov.us/reportEmbed?reportId=f7bba3a0-cd39-4712-a04c-4fddebd7f7ad&groupId=133a4bce-010e-4e8c-b875-d6c8e33b6573&w=2&config=eyJjbHVzdGVyVXJsIjoiaHR0cHM6Ly9XQUJJLVVTLUdPVi1JT1dBLXJlZGlyZWN0LmFuYWx5c2lzLnVzZ292Y2xvdWRhcGkubmV0IiwiZW1iZWRGZWF0dXJlcyI6eyJ1c2FnZU1ldHJpY3NWTmV4dCI6dHJ1ZX19","f7bba3a0-cd39-4712-a04c-4fddebd7f7ad",,"True","Syphilis dashboard","7f407099-dad5-4ba4-93a6-14a087bcba08","133a4bce-010e-4e8c-b875-d6c8e33b6573","https://app.powerbigov.us/groups/133a4bce-010e-4e8c-b875-d6c8e33b6573/reports/f7bba3a0-cd39-4712-a04c-4fddebd7f7ad","True","PowerBIReport","PBIRLegacy","System.Object[]","System.Object[]","133a4bce-010e-4e8c-b875-d6c8e33b6573","DOH-STI & Bloodborne Diseases Unit","Syphilis dashboard"
